sigma_theta,SURE_2step_MSE,SURE_2step_LOSS,SURE_both_MSE,SURE_both_LOSS,SURE_theta_MSE,SURE_theta_LOSS,SURE_pi_MSE,SURE_pi_LOSS,SURE_sparse_MSE,SURE_sparse_LOSS,NPMLE_MSE,NPMLE_LOSS,SURE_NPMLEinit_OBJ_LOSS,SURE_OBJ_LOSS,SURE_NPMLEinit_MSE,SURE_NPMLEinit_LOSS,BAYES_MSE
0.1,0.010334671226826653,0.004860765887153889,0.010306020131455606,0.00483319921538282,0.02852305956269077,0.03179443417159086,0.01347821561538614,0.010998771578292462,0.010302263415947034,0.00459367913971505,0.010350316941866042,-1421.2112159802537,0.004529793525065088,0.8634106791057907,0.010344128891143209,0.0045297640531767915,0.009683218513396657
1.0,0.4847724042665031,0.5136350294290624,0.4839526473340004,0.5149165268808183,0.505866597877505,0.5307750530261462,0.4892324048577126,0.5178088767978329,0.4823387671682798,0.5206306675895144,0.4834486148057552,-1782.407392716307,0.5135094297940886,0.9607094441689102,0.48424537570303117,0.5133766093199138,0.4807818812863143
5.0,1.0445342781681262,0.8651807210033219,1.0435068161713537,0.8669676476197787,1.0775892143033154,0.8918621389156671,1.038408188685678,0.8686206905256608,1.0608368298995074,0.8880267640681853,1.0372705238031303,-3037.4568970667924,0.8676067259036543,0.9980969730940547,1.043102928882923,0.8658638677963245,0.9585630355091155
0.1,0.047148724954107143,-0.0006493716226700599,0.03236617676274923,-0.0002378957469202305,0.05703035591491488,0.019743231980192604,0.03138347332827307,-0.0001454065145801451,0.01779095335559193,-0.001155192842866768,0.017698046359690082,-1411.2127344928017,-0.021920915324646444,0.8454282689748301,0.018516169117424864,-0.021408195918499358,0.010012015836927552
1.0,0.5096463617890615,0.47654624496408154,0.5061495182028523,0.47944815252915374,0.5247412568469384,0.4884551620853517,0.5072461950944375,0.4813881788508236,0.5010577779763286,0.49115104860082553,0.5021796287857121,-1752.3718554330533,0.47704398295910505,0.9622535955051488,0.50647918179578,0.47599469867497235,0.49379476898431796
5.0,1.017970695850029,0.892476276602154,1.016593120914643,0.8946902494471674,1.0336198198156288,0.9165429271518912,1.0155179500453204,0.8968029806638091,1.0562333326867344,0.9210176687014184,1.0170986200052412,-3030.3926416400354,0.8985115449005416,0.9980823487835628,1.0179255741139246,0.894812520013785,0.9777513080764988
0.1,0.012680614393944925,0.016384105483286476,0.012693015986671038,0.01667200126383341,0.03443050452106511,0.03818309876587591,0.016383659061573495,0.022096980591109285,0.01267950344222918,0.016128831299510354,0.012684888746289435,-1427.0678806922392,0.016115239841978223,0.8703728375240101,0.013042003810858339,0.016116749483904867,0.010115474624048852
1.0,0.5256359030830753,0.4723150439648648,0.524899594247078,0.4737449710815761,0.524240125797992,0.4917272182133154,0.5216918967904572,0.47591500544607107,0.5240206929823924,0.47354478816281925,0.5254497194599993,-1751.4502685273847,0.47228694569921253,0.9380987029490979,0.5241210818868142,0.4720955224490535,0.5102638953237633
5.0,0.8778582223558918,0.9046591482484939,0.8792581958125695,0.9055703306021193,0.9056780867983092,0.9298848624139684,0.8767102516173733,0.9068079058941948,1.1037357072748795,1.1283713481957252,0.8776392560010802,-3038.437048236108,0.9081502276680649,0.9946678590369624,0.877681856337442,0.9044539603778303,0.8471864132043323
0.1,0.01421365328876943,0.043309784222585676,0.011548023098369662,0.04477272909691169,0.041103796023563566,0.06987476606911765,0.01731669747361656,0.0496607328674213,0.012217377223865398,0.04385481099994422,0.013292421783262766,-1441.4647043787486,0.04296705034465072,0.8491010881902423,0.014038122266756766,0.0429259933883593,0.010098752640289145
1.0,0.5630021479515958,0.42411331259404167,0.5598242751077283,0.4250780607112597,0.5732373257532152,0.4426673378429855,0.5560408904335348,0.43172137882348466,0.5372269374059472,0.44755458948717136,0.5506231779169407,-1717.7586161008912,0.4258738451674567,0.9072239357357385,0.5643759299468349,0.4239013739393617,0.525350878932901
5.0,0.9813891848813111,0.9095325236801364,0.9794768415465794,0.9106749726252815,0.9807640884056849,0.9286606434191562,0.9735934374995946,0.9118989249886331,1.0489473912548721,0.9784136267068629,0.9791891041989803,-3018.4638480965396,0.9113973690393423,0.995294781916175,0.9808512596464055,0.9093405652713986,0.9587061099084128
0.1,0.016292438570795334,-0.0005772175866381985,0.021585967444630906,-0.000383690455117744,0.021347189798683382,0.010064617895347966,0.022624578550859073,-0.0001630867944752481,0.025028371800122125,-0.003032982941541377,0.011093510920789576,-1406.193239547505,-0.02546957680184005,0.7796164839237949,0.011560307740729527,-0.02465909685382303,0.010245914333610523
1.0,0.5478731390937536,0.5111354724552013,0.5463112643745187,0.512086074813149,0.5785630044709286,0.536030717299459,0.5507179736526988,0.5172606815880154,0.5038539802983021,0.5532143049457621,0.5323167296345507,-1802.9820937531329,0.5128155644260189,0.9778459040275811,0.5458468635406869,0.5106358677781048,0.4970400321704257
5.0,1.0915656748095857,0.8809936873850613,1.091331349015973,0.8822039372998154,1.117725736667262,0.9030591183398221,1.093054681765938,0.8838898282102128,1.3102006531065997,1.109563234745619,1.0868345877187433,-3027.816994981604,0.886517032583238,0.9974486054063302,1.090089685154525,0.8829348215323323,1.04602000022232
0.1,0.01969829266143017,-0.0003369693913006131,0.022914829896503095,-0.0002768553221262664,0.026029321745486604,0.008772831461740451,0.02291148508053751,-8.971139174184373e-05,0.023886635648960163,-0.0020178914513223844,0.01133274628202903,-1407.9055752874779,-0.022051586406159913,0.8179155312766454,0.011779976632683075,-0.021162787886717525,0.010716637271416505
1.0,0.5147652637985882,0.5372636253659046,0.5095538330519288,0.5370550836658459,0.5303956448103323,0.5537598179965025,0.5035925386443516,0.5390540231103543,0.5074736706695941,0.5676630454193824,0.5025544917680254,-1813.629370278159,0.5373150557739402,0.9816153991138735,0.5040312249236598,0.5370121789527179,0.49147306077645586
5.0,0.9850868910682857,0.898454292952327,0.9852465010463316,0.8993200314077883,1.0024387912273731,0.9217661078955325,0.9836225082835932,0.9008269593409325,1.0109872110566944,0.9164324803925444,0.9879172878260863,-3020.532162334235,0.9005618805239562,0.9966799623256698,0.9830666382248067,0.8993542607978636,0.9678714663740626
0.1,0.016428540193294427,0.05785850272106995,0.013786072004139062,0.05945871278714185,0.04635707694169135,0.07859231893434684,0.021173338451548767,0.06268391386962412,0.013309799551528348,0.05895610308272489,0.014639987640277146,-1449.3872042555622,0.05749118355497967,0.884676159323563,0.016142269057095163,0.05736644006009351,0.009723162019568965
1.0,0.49944879682744686,0.4844444444556907,0.48749620693938456,0.4816743917878043,0.5113898977248291,0.4899139644553902,0.4873155945501081,0.48423968357408875,0.4781988026717954,0.5087624147102706,0.48069680881952925,-1763.7408789061442,0.4817655750568665,0.9582613499522583,0.4868998381475835,0.4802043835607967,0.46986162811821996
5.0,1.0337741255584318,0.9039473724935403,1.0349792942024836,0.9050079320304472,1.0576854702417047,0.9311177565387582,1.032574797457384,0.9059080985219495,1.0910149540029634,0.986191677901035,1.0249603501309619,-3023.5657107654224,0.9075428181553673,0.99680475906944,1.0341200974501976,0.9037611012243392,0.9681453900372285
0.1,0.07517443064617736,-0.0009939984986019682,0.0513663389691987,-0.0006550569572689256,0.07556151111982297,-0.00010634121183363732,0.04866617879555323,-0.00022712083149394857,0.02344804464128854,-0.001991104114917448,0.016697807004980626,-1406.6198936459825,-0.0304970265952021,0.9300048011331831,0.01684708693918853,-0.029514233864033828,0.009867026284891946
1.0,0.5055933619280507,0.494290188265001,0.5045746177134309,0.495280169016632,0.5200817039232376,0.5108347928320354,0.5079709401822867,0.4990145211587815,0.5021926083820223,0.5063449694029014,0.5049517767513442,-1766.4074051042755,0.4944713046402874,0.9405571246329867,0.5053275979510157,0.49428729329525867,0.49784899405375327
5.0,1.0715256858549693,0.8570170475076714,1.0711937868734878,0.8596814693442002,1.0935664138509964,0.8813423582288811,1.0675557308298251,0.8601897093458706,1.1090690444615587,0.904014141934309,1.065824937925296,-3072.4020933021948,0.860449561771471,0.9961437004911209,1.0691089065239199,0.8575287034432374,1.0219198697323897
0.1,0.011068331613557388,0.03826763709393481,0.010664107500226441,0.03858907086763611,0.028245349325208904,0.0686846439858216,0.014414969884410052,0.04435772472781696,0.010928751064010147,0.038016229247279626,0.010928208063109911,-1438.3379318725092,0.03794504782557806,0.8388802638024363,0.011033802673342351,0.03794090487856965,0.010289572285138621
1.0,0.5015008049608737,0.49719803948761776,0.5002019477472196,0.4991280190692589,0.5174715525373114,0.5198049052244755,0.5041353346296242,0.5051538651373713,0.4944627657439505,0.5227146596146222,0.49888702076561736,-1780.2969656260802,0.4969974986451243,0.9469744451770035,0.5007390607487247,0.4966583099909192,0.48486583042139514
5.0,0.9250722979927649,0.9128324601118041,0.9249401060555847,0.9135874267545828,0.9474513275314991,0.9294741763505099,0.9234463044411393,0.9142574449329954,0.9793220957265397,0.9818414557136298,0.927422135766463,-3011.976425750485,0.9153384859039838,0.9926602875469873,0.925349298734977,0.9127137545990736,0.9076776197865682
0.1,0.010158192134153544,0.003234882359056769,0.010137338049128915,0.003464550065311869,0.030813961240560614,0.024189608300560394,0.013643446965225837,0.009398380356551798,0.010120306032852846,0.0031547381883051456,0.010167544894110139,-1420.4646663483927,0.0029908072789538664,0.8706874525519377,0.010159929400967656,0.002968390270945861,0.009875127325091533
1.0,0.5010002526048015,0.49764742567166376,0.5005367255857753,0.49789629743446107,0.5129721580139565,0.5230028883468231,0.49855365666750845,0.5049081238098057,0.4888930304848116,0.5032711269753154,0.498487287260359,-1787.8486054434516,0.49748099553693964,0.928744059639218,0.500987240490222,0.4970268621214541,0.48381562281364304
5.0,1.0297560830599561,0.8486109030614813,1.032038980576286,0.852515515829145,1.0634218577533252,0.8712298227719529,1.0233201348354033,0.8526351631044611,1.1040757057372665,0.9103345156440417,1.022815180169387,-3031.9372032292385,0.8548151703236513,0.9975942508326716,1.0269521328252782,0.848474224262595,0.9819507998970758
0.1,0.011174033145863462,0.010633204667829318,0.011113804259884098,0.010766256043166663,0.028825253913508497,0.035991632541790976,0.014770619667532845,0.01627413852730092,0.011084004796818932,0.010386245702660517,0.011143283757402164,-1424.133417816267,0.010262678227964898,0.8464391643251394,0.011127004135988387,0.010258669236710375,0.009755586732818091
1.0,0.5042868938855265,0.47968688432284146,0.5037014607956485,0.4800460165326167,0.5168810192788866,0.4976265375906748,0.506497342272318,0.48464219712669726,0.5027042553361436,0.48652667298759184,0.504408060308189,-1749.9244323203413,0.47870235517537596,0.9689290993467903,0.5048411679174556,0.4785473172372522,0.4941774278154845
5.0,0.9719948048310578,0.9067112859572042,0.9699962041649587,0.9075824384999966,0.9985891495421714,0.9317581127399539,0.970370900667777,0.9086339782904616,1.006521347524303,0.9420607944939209,0.9655774950232021,-3024.8700269756964,0.9093898686202838,0.9963722041290837,0.971241583433634,0.9065639206873036,0.9282746257622331
0.1,0.02118681085415731,-0.00032738053139689784,0.022378522433111458,-0.00022859669141325867,0.031543663393499975,0.010219059931330321,0.02195470950458883,-7.088376299850551e-05,0.021099927106838886,-0.0012248181551437938,0.012868374728129687,-1410.9579121042514,-0.01594428661468214,0.8510775321464857,0.013722382512443268,-0.014966153239910681,0.01001331821952353
1.0,0.5180921058794075,0.4972433450588142,0.5176318146721463,0.4989341855857856,0.5431519075511747,0.5179613880858994,0.5252063573243247,0.5045835544221866,0.51021414328522,0.508914228944977,0.5149771507947009,-1769.473140406912,0.49742925718416586,0.9319885339015991,0.5179215480163921,0.4969216626881359,0.5142183228088194
5.0,1.0865497846323542,0.8857748050788359,1.0837849740319088,0.887393740598453,1.1078821421430083,0.9166273053454829,1.0857013992163904,0.8878280686437313,1.0840882312613396,0.8891367053417298,1.0792837572449965,-3042.805911728532,0.889878128152033,0.9943860967941682,1.0866471958416333,0.8855363672151252,1.0039803601372759
0.1,0.04913095258121334,-0.0005676547403322729,0.04612979999547158,-0.00026578792149666697,0.06258303352538108,0.0107870394062154,0.04723336327842745,-0.00010534210096545848,0.033322876524140566,-0.0006769563517618735,0.028740722751509126,-1410.8665311116551,-0.02042737263262188,0.8939766055622358,0.026661895907091948,-0.019357716515050697,0.009944979643038025
1.0,0.4990956479223053,0.4768070427118446,0.5010624183100144,0.47839551631860106,0.5308940360023631,0.5060031430199815,0.49717136468200845,0.48232647132841294,0.4945490568121855,0.4966959245035107,0.49613110172289576,-1761.9723480396922,0.47786642819814007,0.9294415147794359,0.4991707928921548,0.4764272129577394,0.48497328811131374
5.0,0.9931034171837272,0.9051939338748077,0.9945256133907544,0.905714311611971,1.0221431996785626,0.9289128224519165,0.9968572868028477,0.906981223357197,1.0607462520257145,0.9327641174369876,0.9899988921074975,-3027.2414876039397,0.9076112405373195,0.9923923694229204,0.9890040247445103,0.906306883291159,0.945904630128818
0.1,0.017205499399866746,0.012514561110361911,0.013475530731051176,0.011329632700766524,0.04878166562090533,0.022865178027272805,0.01972506429390545,0.014437060047718433,0.009731079077751748,0.013256122765443138,0.012960034044236277,-1425.113982634052,0.009639990423795666,0.9093911195810851,0.015261955365478764,0.009094119968220184,0.009785937915382759
1.0,0.4982779009568597,0.49507125011834,0.4972069916682314,0.49573670810052406,0.5110765000228713,0.5142668296318598,0.49982404581374845,0.5001012170909875,0.49860822632548396,0.498841858044912,0.49738025682515047,-1762.6846689279605,0.49495499183130004,0.9392968657875113,0.4980508779512096,0.49474044161161373,0.4943081271711392
5.0,0.9932911340950739,0.8949039344500411,0.993434531458383,0.8959369529933181,0.9985447414282377,0.9211590461260659,0.9911867561383549,0.8965453242248336,1.0186166062425797,0.9257400838588414,0.9939961665913929,-3012.2360863662725,0.898056797395111,0.9957279452766565,0.9926073175059873,0.8948019872081135,0.9680172006914043
0.1,0.013776164959203769,0.05666419377504962,0.013247655408926343,0.05711248695916243,0.033869318759981275,0.08410051464612002,0.018161397419714273,0.06240094388697253,0.013564032388510098,0.05649976027330831,0.013155369718095358,-1448.166407504199,0.056363335145531435,0.8420164775265687,0.013640319569791299,0.056343745329966166,0.010340854216019268
1.0,0.5142262175704163,0.4844705762970991,0.513054769783471,0.486362450749727,0.5345404598656743,0.5037764799783693,0.5176802888125684,0.4914491647208331,0.5070336470962776,0.5006732192413902,0.5136871706588008,-1762.8683108546395,0.4844310117003884,0.9509335281705401,0.5138305614529254,0.48411939599225573,0.4975039971362567
5.0,1.017043368915451,0.9110539138969875,1.0156121334270218,0.9121962453766932,1.0212498524798528,0.9336018807695363,1.0148559135972952,0.9124417581136688,1.0164852279075325,0.9250621294252644,1.0124892573259172,-3046.222037832482,0.9127021929449147,0.9961724176770974,1.0156366495423088,0.9108692149248745,0.9820711666714749
0.1,0.014887775131495331,0.0011201085479715402,0.010493341044463712,0.003902799729135154,0.04155569187546662,0.0389304103852819,0.015381926784407907,0.010131656828412815,0.011293667817610672,0.0027786780055993176,0.012710738413292231,-1420.4473009639635,0.0013528421382475245,0.8605142163564572,0.014721789541651827,0.0007008259085756663,0.010229313794935722
1.0,0.48805533593652656,0.5242566813771163,0.48695551457412073,0.524083637586629,0.5034324456703112,0.5398444393176665,0.4883770481360959,0.5271184251390078,0.48965775564971364,0.5321757599487023,0.48694695157321655,-1797.2218603943465,0.5228624169495378,0.9578699309632398,0.4876252224017538,0.5226474011509974,0.47574649688727305
5.0,1.0009540245853554,0.8768484111924083,0.998532636554661,0.8792947611627151,1.0324699794645222,0.9019633627161268,0.9992660009331285,0.8796842366474059,1.0587853749149083,0.9383101881965256,0.9974375698882022,-3085.290287894032,0.8810351797453236,0.9965587591196459,1.0008998486829488,0.8766676863088201,0.9649679468330636
0.1,0.022069821806268226,0.014786160073072778,0.01901451042845837,0.016804559903569043,0.060874497279351916,0.03797071962147129,0.023128162707428533,0.020318241251487505,0.012831553383679748,0.019504048845404895,0.01681129619261572,-1428.3019855560515,0.015317229937123329,0.916878059943251,0.02104163041462304,0.014440367554244063,0.010829708618419588
1.0,0.526694179546973,0.5173930053014119,0.5231737052156503,0.5185765081829283,0.575346718333366,0.5498515373080249,0.5250564067426556,0.5225624584498266,0.5004387056902039,0.5604862384878571,0.5187122498715282,-1803.626054400036,0.5182176070411938,0.9713342254382317,0.519690032815238,0.5176016379772153,0.4886633294942306
5.0,0.9556384456828413,0.903060784490664,0.956655894983951,0.903953913839154,0.9878241473892891,0.9276882751521826,0.957941229248216,0.904740502135279,0.9623058458508786,0.9041109210242841,0.9552052489934839,-3027.546827242909,0.9049248355885049,0.9944925267289766,0.9555675708757554,0.9028906500495277,0.9188547239101471
0.1,0.013676224075965058,0.03235485100262076,0.011684759844941257,0.03374746855348781,0.03944881028646009,0.05776088510922727,0.0178034536630057,0.038273348719215845,0.011072997211595919,0.033866768259919355,0.012732120504426727,-1436.0734790212796,0.032149045861905735,0.8605934985846606,0.013559624142633992,0.03209970807613786,0.009702785928793896
1.0,0.511514749792105,0.4552836358357374,0.5113183292872516,0.4559073281772321,0.5137616738730281,0.4786935930881973,0.5097410223729766,0.4616043261932264,0.5105493200367598,0.4569142042408398,0.5136715900781047,-1728.2399366635532,0.4550221650810254,0.9121984300470765,0.5135215894986588,0.45499742885730166,0.5031609426663897
5.0,1.0192347077969532,0.9050447826262923,1.0201911367059067,0.9063317485902783,1.035721074693767,0.9294981686867918,1.02217522640396,0.9074049345807971,1.041827287092906,0.9208197293184383,1.0183598105321405,-3030.657609127125,0.9075759576467426,0.9931594789672288,1.0192570509224597,0.90484014388674,0.9801166018961576
0.1,0.011000317549532897,0.019362760595523013,0.010591806432658599,0.019642607927811695,0.03027582123158604,0.049252610762339825,0.014569878795067902,0.025331734943400987,0.010673838060814287,0.019294013848621717,0.010889260006980818,-1428.6476796716138,0.019055363408269046,0.8159070447898439,0.010987115716532724,0.019049579513564254,0.01022434111502686
1.0,0.4914399701906111,0.5000339864586199,0.4913326320819266,0.5015406978027136,0.49692637057360484,0.5198361060792968,0.48928336121596466,0.5055391640877119,0.4938430055084947,0.5006700434479273,0.4926016767370384,-1773.1239430381459,0.49985547848761097,0.931634173049081,0.4925527531531413,0.4997590442553292,0.4867112519095269
5.0,1.0070929245546354,0.9093310335314732,1.0068595282974346,0.9109314388328326,1.0309935237041805,0.9365225518128586,1.0094307291200655,0.9118266189571534,1.1073855369646761,1.012983529995876,1.0034497178964532,-3016.8369270171306,0.9127541228553941,0.9980360622218911,1.0071254842531498,0.9091938212014586,0.9862566248048129
0.1,0.022862382235313245,0.03247937429443096,0.022365858837950087,0.032693070979986714,0.04286754131153113,0.06050460833957754,0.02604698746776293,0.038159593870938126,0.022560968528587143,0.03225005706292995,0.022584589282526064,-1435.3454240579445,0.03218733983885818,0.812407614603572,0.02275466220446314,0.032183951704945,0.009513380184507291
1.0,0.5183376609375412,0.4906823313185714,0.5173141668009764,0.49153130838306924,0.5624590406953032,0.5228103132436811,0.5157867307743923,0.4964953473422049,0.5178814435299514,0.4968817807463456,0.5135804555550999,-1775.7675618040444,0.49131648466759453,0.9651951585337128,0.5181528142436683,0.49019160897536723,0.4966559026450974
5.0,0.9531322322203003,0.8704040639435066,0.9526661104598211,0.8716455156082402,0.9763887552905139,0.8960634789127019,0.9527547241440912,0.8734504861652729,1.1307105864639961,1.0003451191562276,0.954126808759148,-3007.2567724884843,0.8742851555345894,0.9953630224307651,0.9535734820891834,0.8702234993738928,0.932249457855242
0.1,0.026990615056594912,0.034237724715810824,0.024465682896895612,0.036436109802597455,0.0502775088877402,0.06363841509585723,0.02584721181686758,0.04397733373886695,0.01609568211997238,0.04095042996285247,0.023656257729699252,-1440.8512826289966,0.034012417845933215,0.7944659923413526,0.026708402733559993,0.03379141658581716,0.009863839130897252
1.0,0.51128878131445,0.43822744453607426,0.5107899820396412,0.4388719268062082,0.5180354870554951,0.48760544041030746,0.5065297798585024,0.44499729744703065,0.5044795790412346,0.44965932090174965,0.5112951491528113,-1724.1740922441456,0.43911743217092,0.9048241165872141,0.5099873270037496,0.4381887760646805,0.5035517251886036
5.0,1.002044825971132,0.8816690257052119,1.0011527230873574,0.8831074646396091,1.0314671605504695,0.9110738323829832,1.0006552981544576,0.8847337485892484,1.0832834982627195,0.9650341958674701,0.9966421216723168,-3032.5786944719703,0.8874050300095826,0.9975063573352202,0.9982450170613297,0.8860952462584798,0.9483861525059355
0.1,0.021360888760407204,-0.000523622207540484,0.024430731715054187,-0.00031277448034552435,0.02200763833795764,-6.189797601791725e-06,0.025004537798264434,-0.00020768351450112731,0.02541348110407786,-0.0034077070601580316,0.00951633648260385,-1403.1657056208744,-0.03154087279445412,0.7930142607192574,0.009565074401954452,-0.030719165993494016,0.009468458363767241
1.0,0.4767354407773167,0.4933191046110855,0.4679383847513341,0.4918777840317953,0.4816248167130478,0.5094248422485211,0.46823938920775726,0.4956269653834977,0.4687689958985838,0.4945109777209168,0.4668029918998995,-1763.5039431148468,0.49030231633439325,0.9163590616316057,0.4688986368773493,0.489679382510672,0.46596761072257087
5.0,1.0349836931860452,0.8771312704595089,1.0348357764966254,0.8779529357334663,1.065802083429751,0.8993952615371636,1.031771630094346,0.8791473745150747,1.1296913681323026,0.9466686568442274,1.0256322555203814,-3050.2620866374605,0.8803267116261972,0.9911709951964276,1.0338424882657211,0.8768545237790807,0.9755028589906607
0.1,0.05206205003751787,-0.0002423691296742163,0.031491803036389335,-7.076644749201933e-05,0.09377431365305477,0.038269728040130756,0.030030267968214747,-2.9914703713075142e-05,0.01092282682930744,0.0045126358452829436,0.024098936128436253,-1419.304404206409,-0.009100374705860531,0.9167391800714784,0.02555663724985361,-0.008088250657966456,0.01009286639731607
1.0,0.4842362172851859,0.5175029091962644,0.48238910964637993,0.5184985561085207,0.4985135578768835,0.5351577791844397,0.483599238250809,0.5227391436313203,0.4871835404994663,0.5323144435214622,0.48314907880711067,-1789.7813228471646,0.5172493168933094,0.9614289548652041,0.4839736883750538,0.5171440734469609,0.4758558888846755
5.0,0.9548357952586226,0.8739667430765992,0.954143547996669,0.8747063363093125,0.9687555054740731,0.9011993676619623,0.9488302278018219,0.8774115664382209,0.980522317749889,0.9050715178434879,0.9474270054595467,-3032.080947456003,0.8779276660430687,0.9983491055422394,0.9527466121013655,0.8756978696238507,0.8739907469237382
0.1,0.043902059366265074,0.02796090333376469,0.035670279835042853,0.029295569652328594,0.07845116483283021,0.046197673318893066,0.02966422784217459,0.03410049157956928,0.011632923461431464,0.03955212985386379,0.020119769216748882,-1438.431227813091,0.030903831558845924,0.9384138456483656,0.03851582282872427,0.027660485732412553,0.009595797804067826
1.0,0.5042129731293127,0.5249244399239417,0.5026040103864609,0.5267180945783109,0.5162880184040638,0.5515996189298771,0.5060563834796,0.5336298940273401,0.5021567078480437,0.5379192251184963,0.5001990923991201,-1805.9417340926161,0.5260678428902251,0.9149873801399179,0.50423906613195,0.5245271602719938,0.49475888321670597
5.0,1.0114863636390934,0.877340438072531,1.0110590537318092,0.8794215758358748,1.0341526950144164,0.9050322010122575,1.0172172249858868,0.8811194244688363,1.0296946667277387,0.8908110915351158,1.0133534468283192,-3047.6675370392895,0.8813660798950862,0.9965664908549593,1.0107532949221294,0.8773079212120397,0.9757116196127807
0.1,0.03109310880879105,-0.0020886302582252938,0.035530029280778315,-0.0010595377748179543,0.03296118174356377,-0.0004228836189008689,0.03760622905136832,-0.0003723495240344619,0.03231686943807875,-0.01243174743698387,0.009807634628099401,-1390.0140980353603,-0.057819758188588706,0.7279156377425033,0.010040567474974268,-0.0571382585720628,0.009662703848957446
1.0,0.5080021388375696,0.49705046665333724,0.504289375371375,0.49735538255800066,0.5067688387680254,0.5149500898700078,0.5019921088458627,0.5001275162225575,0.5085279893619118,0.49964927703119655,0.5064079424425617,-1766.9304084143942,0.4958393612512159,0.9512663221278386,0.5071605722793651,0.49575446281052743,0.49681298912381017
5.0,0.917769308927075,0.9095248064549712,0.9180816590758679,0.9106422305017231,0.9340114583935891,0.9329196635560234,0.9131516828708455,0.9119249080333917,1.0180107176695332,0.9783101388468999,0.9050706010636587,-3052.5394915941715,0.912321747425485,0.9976622344033274,0.9114223366606503,0.9109261411967504,0.8784030050287017
0.1,0.02844132365896078,-0.001543769747944225,0.03327144011056097,-0.0005422261181053045,0.02989931160236758,-0.00024235445932322363,0.03470211650873771,-0.00025897552328638085,0.03231943058380277,-0.010591875002746973,0.012716116786576309,-1394.180888607675,-0.04947908004239457,0.7366145159776104,0.01339489197959793,-0.04876121852907977,0.010577233038184843
1.0,0.5135770348382114,0.5297533808534788,0.5125513340164629,0.5299164230341781,0.5247589055716041,0.5515829690939815,0.5103936109409863,0.53553982919897,0.5020564953381182,0.5378834020871149,0.5136973857218694,-1815.5787212855257,0.5291096849489638,0.9492109321340895,0.5139973135973784,0.5290558370646031,0.4928198289573592
5.0,1.0379849344644825,0.8952844084894626,1.037554490158392,0.8974957880591464,1.055607292983659,0.9194816752191505,1.0385620226680272,0.8975765162231214,1.0800689703728685,0.9310410775575226,1.0349128948579904,-3040.0948430701833,0.9001533633866295,0.9955010087642115,1.0379388351505754,0.8951192596953568,1.0033302752292015
0.1,0.014380343476600386,-1.3197171959973275e-05,0.010643456516275091,-6.286809756829825e-06,0.029985288716895788,0.032880780272426816,0.013033296208074356,0.004857824602758796,0.010162420285474141,-1.709611605679129e-05,0.009997996552600504,-1418.3816944925084,-0.0011125179534766402,0.8464266976142862,0.010210810563197026,-9.486201521724524e-05,0.009749105638264574
1.0,0.5406588357446503,0.47112569319644604,0.5386727365544424,0.4722536433348371,0.5571376801260131,0.49114943948980566,0.5354347073323634,0.47722651521137643,0.529876165672317,0.4832179338912315,0.5331731179332382,-1746.1159799434556,0.4711520249146747,0.9591446117837875,0.5375926310662897,0.47022106876556835,0.5231134951088151
5.0,0.9748405726004186,0.8898666999707762,0.9742589751231122,0.8911796721689518,1.0056233592657675,0.9109091763522776,0.9751754698285766,0.8918262897537448,1.0502995838079145,0.9774848561491298,0.9694089392573371,-3028.634870670273,0.8918250844358958,0.990804918783377,0.9746608708841811,0.8896893235126474,0.9339332244375119
0.1,0.009687752461306905,0.006932831072016256,0.009121290714118465,0.007566715229137344,0.02121072561427476,0.04072952638862512,0.01069468552695321,0.013754410574886038,0.009015734191390706,0.007111363167815967,0.009418272627960278,-1422.503864739541,0.006484182686069516,0.7568669393894267,0.00965860679264808,0.006365892304324007,0.009010756822043525
1.0,0.5303603735355786,0.4918409393599329,0.5305374772977561,0.49250271727971084,0.543305698725727,0.5083614742452192,0.5325452379062242,0.4958352909139339,0.5315605296902686,0.4934919566302428,0.5299945449286723,-1766.8663981102247,0.4915671730629961,0.9178827581174567,0.5307519484419144,0.4915212184354789,0.5173035276463356
5.0,1.0778632305642886,0.8763737326896651,1.0796265951386022,0.8780791993045004,1.1262623815583612,0.9077885329847527,1.0755298452654325,0.8796911970132073,1.1224016906304357,0.9186066300888792,1.0644854776321933,-3059.0676702124156,0.8806686742658348,0.9978853450048127,1.07758443250667,0.8761581644293686,0.9910271243669139
0.1,0.024124363220388273,0.003859280672960267,0.018504783514770168,0.003724203537846165,0.08466621043362411,0.028023681685254813,0.022910382958655853,0.007087164955274147,0.009441402082012135,0.009070566352602782,0.015836068041592866,-1422.6710362194876,0.0023052865265073023,0.9285090134372297,0.020180026538505827,0.0015166390568283532,0.009267962902200323
1.0,0.5237086282346548,0.5219860719770545,0.5227453003958179,0.523706204281842,0.5374830482944268,0.544354247138803,0.5228718283702641,0.5294528497775643,0.5226316204106812,0.5306821114703512,0.5222618612340593,-1794.9690264538935,0.5221545785259171,0.9200801541852865,0.5235405730109163,0.521589064144679,0.5233538981924897
5.0,1.0280885698452933,0.9042712379409029,1.0278632910259555,0.9049557527258789,1.062891594123012,0.9247573432344752,1.028512683354018,0.9061842101287596,1.034024734604007,0.9186050135279576,1.0304752437505844,-3035.3878068549675,0.9073078471343695,0.99833990399397,1.028193228893473,0.9041848504306024,0.9974128263136576
0.1,0.011224798052250082,0.03146206339516925,0.010822551047125387,0.03179609197788796,0.03452575595914733,0.06030718507531674,0.016287399663351673,0.03692683413792861,0.011182313530252678,0.03130371893799793,0.011119082112103704,-1434.8174138081213,0.031145354369758023,0.8609186373478959,0.011235514767971442,0.031140982531193913,0.00900493529952043
1.0,0.5241147366838813,0.5207118666819167,0.5205667066592051,0.5209698894634452,0.5369627762705825,0.5313546958001025,0.5172421187651728,0.5243632113504236,0.5061097288239091,0.5403283484616322,0.5188406692899966,-1797.5351449271648,0.5198921978980448,0.9720598006600799,0.5183251857082185,0.5196603382607805,0.5035584679787252
5.0,0.9714014250643875,0.8689238263577497,0.9693414844074066,0.8713659615059723,1.004326111214847,0.8927560091230771,0.967539000144573,0.8727043749528939,0.9829218217880984,0.8909138131120848,0.9688676884273011,-3045.0002534058576,0.8735357589400963,0.9977229924699811,0.9708817275052258,0.8688961142211024,0.9113932236493045
0.1,0.02910727076971741,0.07292953540488498,0.020578729229744956,0.0757023863352406,0.06304818110468675,0.10318300911915367,0.025156609006463736,0.07985589189186339,0.01882122944788758,0.0750857638139546,0.019757640469839178,-1458.7032699961585,0.07344459098146262,0.8693437816083072,0.027002425791206604,0.07242392455786967,0.010427031049698388
1.0,0.49934102053093893,0.5348904458604921,0.497215222339338,0.5363548170302299,0.5121452837320273,0.5584606103307135,0.5007318592631221,0.5426234852270022,0.49896481184631086,0.5462860068231334,0.4966878443169608,-1810.5984766349036,0.5350929935449519,0.9361354351481032,0.4988188503884241,0.5343380976245117,0.488952630944362
5.0,0.9448711209850624,0.9142616540483494,0.9442391499310248,0.9149371610073167,0.9583007550864114,0.9344479470263168,0.9427010186178028,0.9160774563886576,1.0417477468801533,1.0108181727285321,0.9456578038358869,-2979.9284603354963,0.9173844914085596,0.9948689098698671,0.9444565682394438,0.9141048690084874,0.9290321097902876
0.1,0.03202947600594495,-0.0007448089695769795,0.03038800511932426,-0.00039745388294431904,0.03982059339917243,0.009701603083023997,0.029144650252998935,-9.494588413394922e-05,0.02185536560711581,-0.0019260214409982837,0.011794654052489015,-1408.5013071529643,-0.021246440164324896,0.9000071353118583,0.012581117957292571,-0.02014871304560438,0.010025759360944353
1.0,0.5000590006568847,0.48993020568406476,0.4988973771328911,0.49086077495880454,0.5212967219838065,0.5106087114062243,0.49730337151833,0.49860871154292113,0.503339803649888,0.5069187412080485,0.4967894838860184,-1778.4485598049391,0.4898812570988746,0.9571924288938392,0.4993873361047773,0.4892090624804423,0.4858519319987588
5.0,0.9690537646311812,0.9164997933580328,0.9701557536484657,0.9170980881258549,1.0029176348001179,0.9375565502651916,0.971439209053288,0.9181284855701753,1.0347315473738121,0.9933815909956037,0.9672623626589147,-3054.4674870818253,0.9183844566239702,0.9970825641243464,0.9691106967418002,0.9163081654992113,0.9505689539752572
0.1,0.04414058252393596,-0.0007408287519534724,0.028282885103461972,-0.00013509738556058437,0.05182432638282253,0.006015960074718464,0.027339241514004024,-0.00010663008455333056,0.019359410861311585,-0.0011252559127281074,0.014310965852358328,-1411.2837494915436,-0.01733426809836908,0.8576009322745651,0.013851233787136779,-0.016548261657830493,0.010420169329736191
1.0,0.5357577382804112,0.4866308167149996,0.5355894776201354,0.48689864904779323,0.5416880204010743,0.5127225360308284,0.5344340599870433,0.49293746943580347,0.5349062483361764,0.5003686474199144,0.5377178785685783,-1766.5264290137156,0.48651974707560386,0.9092255773749696,0.5374380090968953,0.48598718716086026,0.516435235815491
5.0,0.9797521708991374,0.8843597179269296,0.9795711368757997,0.8851905920123888,1.0006246204096099,0.9103160003878686,0.9780182744853987,0.8871472172893625,1.0145111529390676,0.9203857425011388,0.9805272208038271,-3013.2846038827984,0.8880519773343042,0.9960490169859814,0.9794286518347626,0.886035422725508,0.9582118203098338
0.1,0.03428719413678311,-0.0007195682131539342,0.03435257151269498,-0.00033118011430894966,0.036157052215214376,-4.896423307252462e-05,0.03308038715874298,-0.0002236577380210747,0.02530132244234723,-0.0037974668998907645,0.011192966361660912,-1404.3156350398754,-0.030245547677302965,0.8298725167880523,0.011772711830924817,-0.029485363934026395,0.01008009581047907
1.0,0.5249110707568012,0.4935652247951307,0.5226072227792316,0.49399352074385705,0.558298383278116,0.5393317958598041,0.5232600040020747,0.49804033671146547,0.5151417857869134,0.5069899297917416,0.5200863433035566,-1780.247493092621,0.4927715432631308,0.956913218716928,0.5194480820167447,0.49264163085123003,0.4878669335002511
5.0,0.999454675195762,0.8958126738609037,1.0005590613490556,0.8970112756221338,1.0201895175368276,0.9200163653532482,0.9978820793366483,0.8981041062621414,0.998526150338026,0.8983385801725945,0.9935247988919744,-3040.1624849928376,0.8983098718901481,0.9964556781390733,0.9945835791527027,0.8969817678295379,0.9385188558701208
0.1,0.011010153325720232,0.03892954314139411,0.00980997797160247,0.03987301015070125,0.030358280082205476,0.0704836300309753,0.014404023501415671,0.04554784754036177,0.01053188463211154,0.039008428887086895,0.010699710672358972,-1439.0350303342293,0.03861861711730785,0.816104462037944,0.010942968583628525,0.038604111158811065,0.008939773184519724
1.0,0.5146496859577074,0.4772192988274455,0.5113566327700182,0.4782427868163886,0.5305559240135852,0.49674277335015565,0.5099682514825316,0.4835925322179851,0.5055176906387882,0.4882083681599329,0.5103487131988739,-1761.0600095818859,0.47803102500372346,0.9502670102287782,0.5135982995447872,0.4768714064453018,0.49105104389299253
5.0,1.0666513468734187,0.8716570926332361,1.0663323332068286,0.8726030784582108,1.0869131254889874,0.8981001143995441,1.066991747097873,0.874548499529066,1.0853276316603202,0.9029991815892424,1.0556712402287454,-3033.7270357399098,0.8750283505505788,0.995445862942767,1.0599402727306195,0.8734573763459111,0.9978234848528221
0.1,0.022787557517086405,-0.00045702988367725086,0.026045451457082976,-0.0001881213090782694,0.030254470109766906,0.008747783450565748,0.028188417256146528,-0.0001290368572481384,0.029039261102452352,-0.0020189724475076216,0.015629356823480763,-1408.5897191888362,-0.021038591789883865,0.8381134995371401,0.01736900726483792,-0.020920168428237615,0.009954697248385654
1.0,0.48775703817204064,0.47958826454102566,0.4877174155945733,0.4817097640697957,0.5088162665202272,0.5214245858077661,0.48362116374658926,0.48926165405497957,0.4874215795066318,0.5044004963647986,0.4853381730110373,-1771.1825379330216,0.48064684236369865,0.9598011956956798,0.4873710542204401,0.4795190802061197,0.4766609203496655
5.0,0.9953726519854978,0.8837736703452854,0.9916024338814255,0.885562660849231,1.0305869849368823,0.9105881716361814,0.9897817023133892,0.8861558589728559,1.0106277325466348,0.9196449864675903,0.9869286859406694,-3004.1972164493723,0.8884681202314711,0.9975777671749484,0.9939920687379112,0.8834573356794287,0.9306792662931829
0.1,0.017525084580755274,0.07498929277463981,0.017173579540950362,0.07510499818847712,0.03482967630196466,0.10970728851732497,0.019489337132710303,0.08235293657757847,0.01732312435258302,0.07476530899542468,0.016198522190285315,-1458.2920557461762,0.07462950609871541,0.8218999245326877,0.017268659388674185,0.07459135362449365,0.009765334093112551
1.0,0.49354673221060597,0.48011781252277436,0.49194468048127293,0.4807616893025279,0.5142692663769108,0.4989671806786546,0.494490638969092,0.48362810877739754,0.49483050085218644,0.49161973033463185,0.49240349136939476,-1752.9216331587363,0.47957443335454764,0.9619212744531614,0.4924115113286676,0.4794510653443322,0.4913483511758801
5.0,0.9826401117695753,0.8950918685767604,0.9822594495453147,0.8958446327019342,0.9946493827168854,0.9187352647953221,0.9854423238406197,0.8971792198409869,0.999533848459388,0.9017410685132534,0.9821176900306798,-3016.097209153374,0.8976675552706861,0.9925016712305423,0.9836681367571943,0.8957682748479606,0.9485682556731764
0.1,0.010039288187230797,-1.4434294530929037e-05,0.010179015937378681,-2.5943807676185314e-05,0.026864928774838273,0.024977343416835766,0.0125503300257145,0.004518042069892772,0.011051302976181681,-5.970804876596958e-05,0.009648359760890048,-1417.621526126191,-0.002727610170353387,0.8690487266605866,0.009835345961548845,-0.0016815259978635595,0.009624070601005888
1.0,0.4996690338428178,0.4727488593188825,0.49973484854569766,0.4737066716319457,0.5103878104818312,0.49466036998558727,0.49850955668105784,0.47808788415623643,0.49948918977868173,0.4743138754616225,0.4988704959140847,-1754.0367505542722,0.4736263908144922,0.947226510371702,0.4998142623044573,0.47235753240289524,0.49700302061779583
5.0,0.9919659064125814,0.909737713244619,0.9905705299707485,0.9112899212488729,1.0113340313764756,0.9304889468847359,0.9921614109516094,0.9115134757807377,1.2064873162668917,1.1806831245389449,0.9916297568509647,-3065.9385360472033,0.9117581223602718,0.9926143437244891,0.9916962504334251,0.909563216903585,0.965253982311389
0.1,0.03543943694034987,0.019180589762638534,0.03058936205614917,0.02098420288373745,0.07803260533731794,0.03902545973887027,0.028446773543081404,0.02588352075607827,0.01099209819519291,0.031337540131363764,0.02095737277797158,-1433.7523187614815,0.021021409186064488,0.9373738884213956,0.03296237290739655,0.019126275045748913,0.010357243243984179
1.0,0.49533720930037783,0.4605090927636488,0.4944663561987891,0.46109043588848,0.5126899313703611,0.4831142313488219,0.4960505779453317,0.4683217710582942,0.4838527441348439,0.47695465250156077,0.4940727936978985,-1746.8474424225803,0.45991539368069445,0.9187614524228824,0.4952822935480765,0.4598023326697976,0.48420645170089
5.0,1.002781654066071,0.8854930950443972,1.0018442508044612,0.8870565610886263,1.0054437931148603,0.9079335819383725,1.0038258942504361,0.8879932679869007,1.0028725016398308,0.8882004760478883,1.0055885100083128,-3066.7722293511933,0.8897155365299682,0.9959349944691567,1.0030065226558864,0.8853920492536806,0.9702611572614064
0.1,0.01962899567522171,-7.430748401020537e-07,0.018939134024418207,0.0005671512580795479,0.04849130748150817,0.050229859547570414,0.01762815812166082,0.007784487109080601,0.010333603201437004,0.0053368457106292904,0.013275445625467055,-1421.3675161049166,0.0022052503137713303,0.9008329975244551,0.018366997093258352,-2.424117883265353e-06,0.010091740593123786
1.0,0.5355219076390693,0.4796776753748952,0.5353598957903416,0.48025126162056947,0.5750205598656332,0.5224431721897158,0.5322272427996347,0.4854457265492299,0.5235350224452953,0.4977522842682747,0.5334527879410529,-1757.4689479500416,0.47988988677492855,0.9643221386775113,0.5333720636937477,0.4797829587419146,0.5182429043034177
5.0,0.9857995074878152,0.8740140478718308,0.9862675901435894,0.8770705813701236,1.032557405357337,0.899632090101371,0.9921848107681147,0.8774369255188774,1.0262361306666754,0.9107877902413225,0.9827817253637752,-3029.8659393519733,0.8777092171151988,0.9968924620754156,0.9853286975826274,0.8761719648467122,0.9484245341662558
0.1,0.035893804968391445,0.06863190520770286,0.03429113620082561,0.06940993195270993,0.10038420137639775,0.13073476849171334,0.03518046373396028,0.07625428224214602,0.016361163461623987,0.08564116075512992,0.03417440531453027,-1461.265854319091,0.06908330722427604,0.916568668820684,0.03538414339100343,0.06848832345372056,0.010451630684465606
1.0,0.522693736972301,0.44468570957725817,0.5201881405393491,0.44622418556879845,0.5342005796029646,0.48798746858371533,0.5157339257681762,0.45578233972846877,0.5232821323028997,0.46236025515081225,0.5162504155116017,-1760.2348416734978,0.4458471234821841,0.9581515698998635,0.5215056193290538,0.44453153639116044,0.48257810787428246
5.0,0.9688539703553124,0.876459484816502,0.9675586364550607,0.8778120606600964,0.9917726833376758,0.9061533007746614,0.9617611519865842,0.8788770160990936,0.9817354466013708,0.900663173524312,0.9628071376493812,-3032.4554965949555,0.8787244304619025,0.9977611096217399,0.9683202071761847,0.8769550531961927,0.9398155705918809
0.1,0.01808722726986459,0.04867740979422888,0.013023884256361104,0.05132523302647451,0.038899428936167026,0.07726296164035375,0.017032389854350155,0.05729941556376798,0.014438621775179959,0.04971857750592653,0.01574090428710845,-1445.1159773700556,0.04826807459125371,0.8197170100917254,0.017841819576869394,0.04810042404672663,0.010324611342396216
1.0,0.5345424383392182,0.5087271050515264,0.5344545558485586,0.5088992893278614,0.5487983297626938,0.5279779236385498,0.5336174038932865,0.5132570179027796,0.5356630571392536,0.5084671101917668,0.5356951728539217,-1780.3904460327053,0.5080361125560087,0.9424554694423939,0.5359350047777272,0.5080114416358759,0.5325693458063085
5.0,1.0017868709905635,0.9048327638590565,1.0002311272569675,0.9055652773669115,1.0094427566102715,0.9287632920001831,1.0030753849871668,0.9071580808914641,1.0041813384896323,0.9068791554715908,1.0034989012758846,-3036.2988687656143,0.9071938065420168,0.9940982401590986,1.003621243618883,0.9055220355868004,0.989323618134258
0.1,0.0463946377609781,-0.0016559820632154468,0.04069429444640041,-0.0006180659241190369,0.04784705489697924,-0.00042017772869473903,0.039721271741827796,-0.0002067205548748916,0.025491776187962674,-0.0026291627067266746,0.011255939563692778,-1403.3569983876946,-0.03217125293163906,0.9078735547976668,0.011429840887957227,-0.03116481808276717,0.00999361315580785
1.0,0.5141183253738525,0.4773926741338273,0.5111589870203344,0.4779184909498517,0.5227293929915837,0.5077805651962374,0.5060197955222396,0.4836963118098834,0.5009040192453362,0.4902888693811237,0.5054823532320775,-1751.8445437157495,0.47788175945563716,0.9466597449480496,0.511220498727984,0.4769772766713861,0.49710493454966487
5.0,1.0664491844173458,0.8615993794327549,1.0640481839102651,0.8627035280307416,1.0904355965227963,0.887044090952262,1.063176760752672,0.8639858018718641,1.0683213639540141,0.8648463387472941,1.0546084001262497,-3030.7664635447627,0.8683883534774115,0.9932674222160345,1.0649154895808381,0.861437812149246,0.9739168290294142
0.1,0.011427110269709394,0.03390758980854298,0.010399759968490754,0.03468017932048292,0.03124746407948577,0.06229837446701163,0.015162087618073925,0.04027081342504744,0.011269094754843154,0.03390251128833961,0.011210006506278205,-1436.2912108753396,0.03364052723487339,0.8486611578681229,0.011438325599649721,0.03361485509832869,0.00949718955759382
1.0,0.5078860734893635,0.47631215509024605,0.5073272053773312,0.47669911189467984,0.5061069284303302,0.5012271912551136,0.5044658332517608,0.4836592461797322,0.5105151824579678,0.47848081860176217,0.5085962874857113,-1759.3793132843962,0.4764793374103465,0.9174211135666354,0.50818889096614,0.47575927947912894,0.5075403069785143
5.0,1.0141135581162433,0.9047997958022777,1.0125917797989203,0.9058701445637835,1.0288028108975367,0.9285910463310975,1.0116132734075232,0.9070532892051174,1.0387481040265087,0.9280020171440329,1.0055246128448998,-3023.269354176232,0.908220442341355,0.9965772586213688,1.014225130436713,0.9046253056666326,0.96044763659577
0.1,0.009954141814107269,0.009934932404889877,0.009956350202517561,0.010119550310669297,0.02669926266573537,0.037385002495945625,0.012882277616905942,0.016602556087302447,0.009935186797838882,0.009632438759918842,0.009954987566626649,-1423.771395392215,0.009607257541870695,0.8571298740885827,0.009966932613291096,0.009606852812700708,0.009287373372721303
1.0,0.5270425639071565,0.47766318394967267,0.5215787694350237,0.4782427482036246,0.534043549960573,0.4943736580029922,0.5212340345402154,0.48245528726166137,0.5217211820215729,0.48242911644950665,0.5225578918722331,-1756.4029375945456,0.47744256720180195,0.9416497751511601,0.523878991759991,0.47699783275845925,0.5146712923851702
5.0,0.9551132611556024,0.9240655936527328,0.9548683064486959,0.92435840208877,0.9721175708266842,0.9437132151911242,0.9512920509403062,0.9259274146409903,0.9578082546535167,0.9276935115493568,0.9523461305468839,-3078.195774374517,0.9261857537435683,0.9935657078795229,0.9496737709462119,0.9251197080027758,0.9318251050276094
0.1,0.04842697216552236,-0.00207829824516034,0.046616752643609115,-0.001009073934237449,0.04997835621107062,-0.00036062928936325987,0.04818866845972017,-0.0007280805068173777,0.035058057538002826,-0.009269326816150964,0.014643093673711726,-1383.5713929064732,-0.07551251371692866,0.8251821465087265,0.015222155304033464,-0.07497601882747154,0.009806695033267076
1.0,0.49389728716642317,0.43823290527627706,0.4937837522454815,0.43969966407726113,0.4910547042406233,0.4800196268021439,0.4919590113245605,0.4451209971893713,0.4820778765530325,0.460836916155914,0.4981153243161886,-1729.6195575338743,0.43862412266530826,0.9020357281039698,0.4941179941734967,0.43771166717048027,0.4784092766656406
5.0,0.9896781206425739,0.8907480147627821,0.9898354755941331,0.8916400863332815,1.0155932245601906,0.9133664204048052,0.9916910393602978,0.8943375402404359,1.0156882175335413,0.9139230929753391,0.9913978327434859,-3045.644202177352,0.8941494490400091,0.9952333030326731,0.9896325858317658,0.8906311883850765,0.9577623349665315
0.1,0.023062079985428002,-0.001118190167611033,0.025012308714453507,-0.0003514915916142627,0.023879648040322828,-0.0001727652252675398,0.02632627843739512,-0.0002706139375981138,0.026733122006252982,-0.0041346301723003765,0.010667210421494792,-1400.5324338533608,-0.0367986821458444,0.7813989780059133,0.010806759017206454,-0.03600029649294197,0.010452861653816672
1.0,0.5224137598659161,0.48881361792833966,0.5238318072392509,0.48949030770348645,0.5275096848108914,0.5141088562833993,0.5193195769655192,0.4950172114827517,0.5208575297651761,0.49190036524699055,0.5228514787099542,-1765.6251833544598,0.48858958023159516,0.9311195612070648,0.5234294926756394,0.48817720423150535,0.5067496273237782
5.0,0.9507090894473774,0.9090973924653297,0.9493638410105188,0.9109326684841469,0.975155189328914,0.9337717553612629,0.9480697337193874,0.9111702407045146,0.9640303710414415,0.9444964215164211,0.9524680928433229,-3047.9694030204764,0.9111492025618723,0.9969526914541305,0.9502788678303434,0.9099898723171869,0.9150218538056917
0.1,0.02521342091041883,0.0011215725836802902,0.011727806581825975,0.001870320002029416,0.04296773178204701,0.014467770860753034,0.016628127453039123,0.006124592632698523,0.009966357897285403,0.0019226526064827568,0.01087278636287571,-1419.7733124662482,0.0010220492407050869,0.8852746750767417,0.016583545799229035,0.0002967560962601965,0.00993717176981557
1.0,0.4856677257128741,0.5106001535067558,0.4857119949456137,0.511668749635262,0.5028106030895133,0.5267175761663175,0.48738648711434807,0.514794866774524,0.48622855784038815,0.5105549381655974,0.485899667259709,-1782.0346672437563,0.5101144746009363,0.9222679051730445,0.48582054731191165,0.5100451464593198,0.4849082657839053
5.0,0.9861450388338202,0.9024723841210273,0.9852015143885942,0.903197409857024,1.021895824671946,0.9246358535063455,0.9888923774399913,0.9054008756969727,1.0299354808396803,0.9558558267033455,0.9765429745814597,-3043.07462292697,0.9067871819677992,0.9966306848296449,0.9847401944201405,0.9023011456111331,0.9411850141781362
0.1,0.031563410849038166,-0.001403754247748566,0.03142180174401622,-0.0005488893457209087,0.03283744789847048,-0.00031754432067623384,0.03209010929761926,-0.00017510459210200223,0.030687877138359018,-0.003724479309754088,0.01162878008201371,-1399.5334449969116,-0.03878059212091876,0.8213620024205054,0.012279934943215536,-0.03790109481922832,0.010140338084559072
1.0,0.47802194322861047,0.5009402778367916,0.4783032017853635,0.5024980242520735,0.48718964313863494,0.5268411219594791,0.47771858809987894,0.5073058793307077,0.4806081072510422,0.50330735476002,0.4800244097813132,-1777.3084509125615,0.5013561712917681,0.9180201205261155,0.47795412240185475,0.5003813861200128,0.4684677314685699
5.0,0.9515911902040948,0.8806709577820927,0.9508033816303401,0.8814945241038876,0.9806606639629261,0.9096995335577374,0.9494108964556549,0.8833919233223898,1.0314705637015134,1.0219937970689468,0.9390944433344769,-3041.241206512391,0.8842382036699057,0.9968939893918923,0.950514771723857,0.8804828982042857,0.8984298121294426
0.1,0.04986431293862808,-0.002742568296036211,0.0490046947277064,-0.0012334024648451988,0.05236862807305124,-0.0004570542057207376,0.04844472677018174,-0.0006592803603359698,0.035383293257224974,-0.012216392111581854,0.010389379762359562,-1383.116506307836,-0.07158490240722472,0.847542091306075,0.01067695087229698,-0.07068384671227068,0.010122143270502568
1.0,0.49096843446804034,0.4869810970992348,0.48952432088000386,0.488747168342069,0.5090564732042955,0.5074491844615413,0.4928347443884883,0.49437521342413926,0.4811614208181992,0.5042220237119577,0.48927978809849343,-1762.390015483677,0.4868087797356384,0.9387259770354521,0.4903550228736938,0.4865144890733554,0.48043886109699957
5.0,1.0714716407947436,0.8961641189049125,1.0704582671762055,0.8980021791912796,1.0898431893432257,0.9186112422517704,1.068957561018048,0.898082945626912,1.2542365710859786,1.0756778144369663,1.064623231796404,-3041.093886996207,0.898537778543431,0.9956017819387353,1.0719933455459336,0.8960021873019572,1.008400362546988
