mu,k,n,SURE_MSE,SURE_LOSS,NPMLE_MSE,NPMLE_LOSS,SURE_NPMLEinit_OBJ_LOSS,SURE_OBJ_LOSS,SURE_NPMLEinit_MSE,SURE_NPMLEinit_LOSS,BAYES_MSE
3,5,1000,0.018633162567002717,0.026325572343521116,0.01794544077248411,-1383.8336614466084,0.026492636724921338,0.9587310815107958,0.01820705734053782,0.026186628435478723,0.01617125918595798
5,5,1000,0.00972716496724613,0.022325673776321765,0.007828366913010304,-1413.7755464371198,0.02480081204494786,1.017045624350226,0.008245396065239677,0.020684493087734835,0.003877981906692205
7,5,1000,0.08033529368056364,-0.0013799713697101197,0.006460934309185992,-1391.3779024575683,-0.10188828676917365,1.0232217378987245,0.005769277191094685,-0.10018479612434726,3.6274565631166197e-07
3,5,2500,0.00824693903756812,0.005452451389492853,0.007602596877676622,-3422.447425844658,0.005344529822700679,0.9366821939129036,0.0078113069794643036,0.004631937144251788,0.006782799762210324
5,5,2500,0.016238607187456403,0.07857684243071654,0.009042664064764208,-3520.6733335821637,0.08129975990032981,1.019023505513071,0.017977952715224572,0.07700567922813352,0.008801899719826445
7,5,2500,0.01765143127136312,0.050763257863959736,0.0024833398712061157,-3518.954563565443,0.05523379474684025,1.0102530067758606,0.0031351101111852797,0.05424111375173816,0.003747578452831135
3,5,5000,0.021687777809622423,-0.00023419650957912382,0.004490428513941253,-6925.45218705668,-0.017758535353781735,1.0367320862177838,0.005308848692646582,-0.015986483092365417,0.0032789917902850325
5,5,5000,0.01684109399675393,0.0017160600959978184,0.01723683161422421,-6891.937235556023,0.0015686510123285187,1.0576779902654783,0.015809242903179175,0.000545251968312914,0.018437384404053687
7,5,5000,0.003367362468702889,0.010164208060870988,0.0029544718937639424,-7028.263392014477,0.01029346462826179,1.0561512702632974,0.004427414112935855,0.008085517562315545,1.0321826753120442e-05
3,50,1000,0.16391582223925752,0.13198555677395507,0.16366096322217497,-1497.4381994497237,0.1351060388065373,0.9266162666376899,0.16342894112370915,0.1310613496011224,0.1625046031834528
5,50,1000,0.12316443444797082,0.15766465819730568,0.11091950038815813,-1574.7445768297275,0.17605056122557447,1.0047791481953212,0.12418146800504008,0.1555700197371332,0.11436511761379187
7,50,1000,0.059713641122359246,0.05632683448819103,0.04576439952773929,-1557.4279256233663,0.07301380374606516,1.011244317857938,0.06002336305272975,0.05491732321316226,0.007507804649912822
3,50,2500,0.08167300781679238,0.05184903719447539,0.06468421122670079,-3576.8957544082054,0.055353790135770575,1.0323427756593342,0.06630972908099207,0.05426613870868514,0.06399428744617164
5,50,2500,0.02829758812155369,-7.641453621690744e-05,0.02518905958251202,-3632.7038980067778,-0.007175799468771583,1.0070226126601491,0.02518284829821927,-0.006125913380374004,0.024293847740102317
7,50,2500,0.0006884544569144474,0.014485319338549197,0.001002973029350316,-3746.720288578505,0.014868255315814713,1.0256929206320764,0.0006501051970949484,0.013863632783397589,0.0006470297078935246
3,50,5000,0.0354848009095292,0.060515856168672326,0.035443643623964384,-7103.421584306529,0.05934631978706675,1.0305284317146117,0.03589633531259258,0.05927897911530417,0.033420064400372436
5,50,5000,0.025377999131701107,-6.573482356579917e-05,0.023515835255879646,-7064.320723174043,-0.006154727986975558,1.029306393736579,0.02342740289409291,-0.004645597417134013,0.02044175467464479
7,50,5000,0.010966577877334316,0.027398804605807164,0.010305880116148592,-7141.1257400604245,0.026778987300854352,1.024043203447098,0.010516022261278662,0.026690169256151423,0.010089464983750653
3,500,1000,0.5564947277052642,0.4611249417330655,0.5535432558975607,-1886.68093191817,0.4617308090287822,0.9467694262549569,0.5559997269398637,0.4606103986409357,0.552169716227646
5,500,1000,0.2238850337307598,0.22230003341410542,0.2169265088386998,-2006.702374251588,0.22415629252187433,0.9540273300564154,0.22479503753559413,0.2200799242923831,0.21054337887256913
7,500,1000,0.05959232105452652,0.03444080824910134,0.060871456377369855,-2046.9673896457796,0.03434810265055035,0.9610400808142308,0.05939526388050282,0.033741803394167616,0.0591961022186422
3,500,2500,0.36702645629419045,0.3668243905659185,0.365768052881778,-4391.383668328874,0.36669662448756735,1.0229618353657968,0.3662380492727483,0.3665627920686151,0.3632209213174483
5,500,2500,0.20922853141347156,0.15798106725809322,0.21246441679101316,-4636.822732466559,0.16354676839789845,0.9818430015404372,0.20953881534500457,0.15655534506606272,0.20866887492460445
7,500,2500,0.05689852307815648,0.06508567163383396,0.05066468304446223,-4689.906494750827,0.06854634435419849,0.9948125923065528,0.057393347583817124,0.06453633809896928,0.04830774019855348
3,500,5000,0.20688284902313495,0.23210840115496484,0.20753762834337414,-8025.372324351173,0.23166669559613584,0.9908086563270595,0.20674559164743478,0.23145301945761768,0.2063933900178423
5,500,5000,0.14619882815479437,0.12072427956910105,0.14686239154116423,-8386.577519443443,0.12058332350827713,0.9986991594191265,0.14646656718712328,0.12005990386864232,0.1442548741601844
7,500,5000,0.052535845224086566,0.049603142423385545,0.0487551084344297,-8470.954159284309,0.051107856484170044,0.9954052855261789,0.05240952383528608,0.049780563816722315,0.046431331887465566
3,5,1000,0.05602601011837587,0.06081998423156392,0.048709712898149106,-1376.2285046760721,0.07485011679661921,0.9265006070911238,0.057559220337102666,0.058286692914231025,0.04404819103964807
5,5,1000,0.06526377221741107,-0.00030633239640087597,0.05269398430082007,-1382.2044727561038,-0.01669981648668113,0.9299453174354205,0.05518468285963747,-0.016216256344139538,0.0500006596118811
7,5,1000,0.07246545158367547,-0.0006949015957175106,0.051569751892299225,-1375.860119846334,-0.05310280054538612,0.9271551806674445,0.0501038999134422,-0.0521359509831484,0.048402549889534074
3,5,2500,0.012597244552316629,0.040118977148177144,0.006621426257695245,-3443.9454174096777,0.04191730784984848,0.9730670731020935,0.007773596748975238,0.04073906721024469,0.006076591758055261
5,5,2500,0.003944578281889142,0.030109296416831605,0.0033558564142347714,-3514.1826242712186,0.029935219676945055,1.0157417699092421,0.002909698428355426,0.029415415264908915,0.0021646337400858967
7,5,2500,0.04542663886192684,-0.00044299626432621155,0.0007334098184288027,-3430.6638347328626,-0.05131257868067423,1.0373861341017538,0.0007727015078592657,-0.04957732710703731,0.0003293601720913136
3,5,5000,0.012862730140453414,0.00799005724621602,0.009081108767336001,-6917.6763318300245,0.009328062512310862,0.9884877208401773,0.014842301173880676,0.006612410576178991,0.008102335679773516
5,5,5000,0.025135667667416605,-0.000404320889063456,0.013584379005527126,-6864.11819621823,-0.02974157725959667,1.0429614859081062,0.013160190586145993,-0.027530624032780907,0.006979850812793949
7,5,5000,0.006018206252233953,0.00036332088172657677,0.0031494271585019635,-6872.13235787858,0.0012899359683397052,1.0553920041090525,0.005017535003843696,-1.3290465727550327e-06,0.0008147816312327069
3,50,1000,0.1388267186885692,0.1502093521986044,0.12725712733895816,-1511.0235915807248,0.15219339474032403,1.0003844796074628,0.1390984988833469,0.14905006727151043,0.12497832750437599
5,50,1000,0.1377609627748117,0.1125902568834756,0.13684516579290068,-1573.8082716887507,0.11801906543548876,1.0203137509640123,0.1375361634746052,0.11183150814792565,0.1348583068965154
7,50,1000,0.057019300969693903,0.056576876427793195,0.04257393597911181,-1596.0914916173529,0.06197860475007928,1.0002044180648209,0.05815562449398327,0.054499614873274364,0.0389874308165093
3,50,2500,0.0723000359968358,0.02392646157312174,0.06969698575292108,-3520.8479935563846,0.023625652813318992,1.0345005863284065,0.07355524128480177,0.0219016745089466,0.06953968501401751
5,50,2500,0.05148741700906257,0.11400907755729477,0.03512306244550715,-3758.441857734172,0.12062542123768034,1.0697236393465597,0.04579204285936382,0.1167670707450512,0.03302425420803106
7,50,2500,0.0393225140772929,-0.0007128495767257845,0.012352810591296445,-3584.2929557448497,-0.04699254677896788,1.0048435311950454,0.01223366830526889,-0.044763266665766605,0.0182340157065954
3,50,5000,0.05141716785246889,0.07492622374065686,0.05225446885853162,-7126.494957561253,0.0749797548974193,1.0060912804256812,0.05203685926962861,0.07401741739152568,0.04996964344011738
5,50,5000,0.03177482964526767,0.01659432173359437,0.028686764977109418,-7203.009284262142,0.01700998977784293,1.0676834017493841,0.029385861781941674,0.016554214643721026,0.02736636740543609
7,50,5000,0.010453180660115005,0.00709687025678777,0.011423538222693076,-7176.372051069641,0.010587166656217232,1.0533637451963256,0.010444301935120357,0.006605480659059686,0.011024401918417668
3,500,1000,0.5407881779570877,0.48489923120403866,0.5260391910038521,-1907.6856441578375,0.4963264922899075,0.988173084319667,0.5414246149642161,0.4833562901825139,0.5166648743159821
5,500,1000,0.19481723126628075,0.27665478797968557,0.18641576989771916,-2055.808363516302,0.27729453869485926,0.9520795026505536,0.19450556401776098,0.2759464288847848,0.18039845649251626
7,500,1000,0.06040806206382762,0.004260245238760035,0.03729436933288106,-2056.734796360046,0.014942656709577931,0.9925305820893859,0.062039506155876674,0.0027280507953241794,0.032117959195419425
3,500,2500,0.36096828780875806,0.3185285784922469,0.3593167355410348,-4336.299977030798,0.3185147952382105,1.0458747226749203,0.36087634185062106,0.31814729044227913,0.3582945347151588
5,500,2500,0.20899409323276044,0.2555891477707561,0.20814961981342475,-4658.666954795215,0.25528046732687454,1.0283223353497875,0.20968841810444697,0.25467781404004036,0.2014035376369275
7,500,2500,0.038003571305579104,0.06049817608357407,0.025346128268597206,-4678.075546921713,0.06974569952954407,1.0549550926994993,0.026974819648602686,0.06445502706282623,0.024460822135958696
3,500,5000,0.22379918334011153,0.21790234069743947,0.214740712899125,-8163.996879722944,0.22142905116572148,1.0692354037287448,0.22367160648254053,0.21665465449745971,0.20885032694236688
5,500,5000,0.11916653218844712,0.12826923960034145,0.11652515255160367,-8364.351357941263,0.12781914078817644,1.0400227921839815,0.12087740576507229,0.12657755923517452,0.11458720426230609
7,500,5000,0.048138433003343375,0.0268650523236789,0.04538375536587097,-8472.33754489201,0.027159470084899478,1.0564742588051605,0.04526707916450861,0.026742181012675975,0.04501688935001934
3,5,1000,0.02177894451879353,0.032161213360055625,0.017594417700893168,-1384.0739527019582,0.037285152318959715,1.0374834256074297,0.021014519071272882,0.030637603329806553,0.014825404531080794
5,5,1000,0.013986164296412062,0.12658604941730686,0.003000023452319716,-1426.8438686968298,0.13527791510647738,1.017644164501905,0.017199884721217078,0.12459312172920203,0.0012185554541042914
7,5,1000,0.028130069110044648,0.02534660885045514,0.03676407368849581,-1449.1297554563048,0.024625946457830877,1.004342329221645,0.02983066990964522,0.02267589480222341,0.020091316906668908
3,5,2500,0.03527499535382863,-0.0002914873892485048,0.021634658375737637,-3408.4863084721137,-0.024112312425431083,0.9929755503832676,0.02199966984317103,-0.022476518826720714,0.02086682245588062
5,5,2500,0.006925671750020099,0.05916908900149902,0.004090137862802758,-3516.0515305120516,0.05976306067246005,0.9863176567994222,0.008501222032393965,0.05793581299074613,0.002932641329756061
7,5,2500,0.019635625503263504,-0.00014046117995130772,0.0009325995906882642,-3441.027075755245,-0.021339703311857375,1.023089366779962,0.003980563355951902,-0.02064052977363517,0.00015387775501030218
3,5,5000,0.007638369415178225,0.00553163393672894,0.007120914155139779,-6896.746372323941,0.004813065412972355,0.9610137792888447,0.007786857026954762,0.004465570120568372,0.006158991779955866
5,5,5000,0.009162233790699931,-2.0524674802436492e-05,0.0027223962658947842,-6889.910960614574,-0.0016111488573067618,1.04807981898162,0.002702115728383108,0.0010084524770829376,0.0033099919192141293
7,5,5000,0.00811759507849162,0.0025887974341156222,0.009928606154283502,-6904.969654735096,0.003792239396589139,1.0317355143746991,0.010380149805499492,0.002747751830181005,0.010462431172293766
3,50,1000,0.1788376559877425,0.17556429466824647,0.1781730662261258,-1563.5808840779964,0.1757080935789327,1.019312792392387,0.17936971696870882,0.17349739326793315,0.16818488052636443
5,50,1000,0.11751215590580164,0.14479737907651247,0.12721055020730726,-1593.392992067891,0.14847249142799002,1.0444771805435245,0.11983738317721139,0.14275832753014084,0.12298305841675264
7,50,1000,0.009272099124397803,0.03659026292872181,0.009312763910527827,-1590.3176253364836,0.037959221136315134,1.0204835741390743,0.008964086504382974,0.03611186264331059,0.0065057606520127955
3,50,2500,0.09453287902069035,0.08827830090140579,0.09342654347719835,-3644.712104143695,0.08837706030844092,1.038468871536209,0.09413317257608061,0.08731927709289666,0.09196412482661512
5,50,2500,0.07514554637967072,0.06125969652666863,0.07473232551832736,-3765.206323452904,0.06370300386427843,1.0124580526649176,0.07547065292572598,0.059667115230434865,0.0699957976926311
7,50,2500,0.040824372315097154,0.07564972172388898,0.024242781199041084,-3753.6043810830056,0.08095354720697978,1.0339847654324257,0.0470973103414659,0.07490591684908886,0.022327288519091285
3,50,5000,0.03822877775651131,0.024656289261906567,0.0370921659711285,-7021.186946251075,0.023559193617676284,1.0423761365049409,0.0375776229562964,0.023297723630127984,0.03667537397758682
5,50,5000,0.03313267104085666,0.060538670336569886,0.02984008290033886,-7222.743728345359,0.06231319201218739,1.0568643618650417,0.03329211318071022,0.05983085184633255,0.029392032768717324
7,50,5000,0.008325267885284286,-0.00015078485235389962,0.005842959349285816,-7166.399911185714,-0.0093232941479695,1.0596505345070626,0.005811009604673814,-0.006671280778075379,0.0052473304691557756
3,500,1000,0.584984014478372,0.47198033037858794,0.5607279835108084,-1881.9907242235113,0.4850790511961577,1.0401447902559497,0.5855650911911601,0.4709269321359443,0.554072816853579
5,500,1000,0.37932504845998705,0.3654996894510591,0.35582065227835924,-2051.297725618054,0.37765338327997167,0.9343363175763197,0.380346893397387,0.36429842741071455,0.3498650842501373
7,500,1000,0.09336954836531773,0.08924549097971157,0.09003224235389985,-2086.3621015897365,0.1010853158578866,0.9940913708704447,0.09453777137242286,0.08665429805117424,0.08688317462485962
3,500,2500,0.34882264096417387,0.29984192916548946,0.3469949155051693,-4311.970646817041,0.29970907460156376,0.9697158429608853,0.34885159127935633,0.2993038457062701,0.3446866578164378
5,500,2500,0.18615906029533363,0.20359696216536413,0.18512925292676288,-4619.222229450224,0.2033542473786516,1.0228386383152521,0.18748183738776278,0.20216117025707336,0.18443017575552892
7,500,2500,0.04990653575948359,0.020750427923954703,0.03649784745328059,-4642.658192776391,0.023456000333859448,1.0358777625799716,0.04117831964475524,0.020649112836281167,0.036188338362914206
3,500,5000,0.221206093295823,0.23738145920612078,0.22130625530424655,-8074.305338268382,0.2368131957611502,1.002013848186169,0.22131924855278284,0.2365686941208758,0.21937682638411665
5,500,5000,0.1424325064272421,0.1185530349456516,0.14167662422270436,-8375.976876337736,0.1180536552024867,1.0241299201843326,0.14228971887187863,0.11760529249912106,0.14163073911586146
7,500,5000,0.06994879123721483,0.11051802838317362,0.0699248269030625,-8580.757456013214,0.11098817437853777,1.0193515931886592,0.07022264555508821,0.10943654693741738,0.06948333115925318
3,5,1000,0.05056574617871543,0.08261434043743111,0.03335210842476014,-1412.8034503144622,0.08348243954091845,0.9839250758574237,0.03622734760435557,0.08309365459147784,0.029011544802337964
5,5,1000,0.058911259949356365,-0.0016841360446653653,0.0008913902606703851,-1355.7252757252725,-0.11498311722576841,1.0012485371685174,0.006921228490067605,-0.11727238265118808,0.00037575871541848695
7,5,1000,0.09523873353224685,-0.0006025709044945415,0.0217131620288185,-1390.8232884416484,-0.021012815530018544,1.0897297403209443,0.022159012078253725,-0.019849030756232424,0.00626630895656704
3,5,2500,0.012620075485370955,0.027504548519188758,0.011083696743835652,-3463.281810045974,0.026948465223803578,0.993359761242399,0.013655366759004991,0.025890579744140267,0.010983799250531102
5,5,2500,0.002876730255191396,0.06443225559111179,0.0005350170454003992,-3517.330482444416,0.06561375563350702,1.0241152050907527,0.00212126826646425,0.0646303182867201,0.000676361758255098
7,5,2500,0.0046815299772761205,0.019464896748462707,0.006898484582919783,-3513.993407896019,0.020528976981330015,1.0145866757287836,0.00832584060495204,0.017573988850779643,0.00021175434829563957
3,5,5000,0.005135952419383006,0.02387168436924294,0.00439225421882231,-6909.328321320476,0.023765094244015017,1.0190508995434027,0.004905378088593375,0.022810849123387197,0.0020710577743824317
5,5,5000,0.000462053009910202,0.013034589918178971,0.000893991696880839,-6874.8916215472655,0.015625584518493635,1.0099502940883773,0.0003910370222224493,0.012427431722561597,0.0003220350138886014
7,5,5000,0.007071359731512602,-0.00010131202540396772,0.0006336074995243798,-6864.607077432969,-0.007996706315504707,1.054035309844761,0.0009509532519510671,-0.0048766592242805926,7.095047435646911e-07
3,50,1000,0.20186352962590545,0.09859232418801821,0.17210165178895812,-1512.4123032442608,0.10563720306587425,0.9728513003017627,0.20149415373495333,0.0967552442837416,0.17100048690880876
5,50,1000,0.08526112673134202,0.11311929085498537,0.08453090151458519,-1577.201588580669,0.11272868108604621,0.9440453493058012,0.08631767563145762,0.11189128741042009,0.07738086348863525
7,50,1000,0.036212822322740326,0.04309940784824585,0.026793030439304966,-1536.5143062782568,0.04483349831897954,0.9925538963565912,0.03651066357705408,0.04205696964468939,0.02941907952835453
3,50,2500,0.07421313625096349,0.04176286822492166,0.06987924874967436,-3611.2655921515543,0.04507948047628924,1.0261952266624552,0.07458251209663325,0.04026623569564963,0.06684682114504736
5,50,2500,0.04366165570381261,0.058718016055289084,0.042547729308494896,-3732.898017427914,0.05893105220148682,1.0478861038871006,0.04364139473841253,0.057629554451030705,0.03747190714181734
7,50,2500,0.0044481164086778175,0.03709811621490826,0.005151788075429203,-3693.735085981423,0.03721028736218268,1.0263529843835308,0.003998507188311205,0.03647811539152644,0.0037800292774411923
3,50,5000,0.046563190946625935,0.02081637120520627,0.04244157765956887,-6957.349748979108,0.020510056342275675,1.01150517109802,0.04666775127518487,0.019235519924302027,0.042099875236804134
5,50,5000,0.03231226924008761,-0.00015784600611605128,0.01618918692100251,-7064.650386260626,-0.018611404687942014,1.040622379375332,0.016997913667855052,-0.017038206989559875,0.015353383430567436
7,50,5000,0.006689624446851134,0.03878830600599049,0.009846986138785048,-7215.717103593187,0.03831690077471339,1.034759032255113,0.007781197345765913,0.03748795086047558,0.007265919606471121
3,500,1000,0.43286094697067795,0.4383991229975018,0.43137105176078067,-1898.73182824917,0.4394207128082826,0.9963480403957383,0.43432437625107345,0.4369527382950214,0.4221298524664053
5,500,1000,0.3494548754134995,0.13694028111466355,0.337604597873612,-2021.6614343193808,0.1427666482707234,1.04819601528978,0.33949548961656556,0.14022088712760614,0.33820615670783305
7,500,1000,0.051865015439334854,0.0751132611869582,0.06100600126959837,-2106.6296524016934,0.07786565729059271,0.9996667455351662,0.05321443154339276,0.07365391435767424,0.04941103631723609
3,500,2500,0.36118235784292557,0.3801255443101556,0.35391677641898583,-4441.19718623757,0.38207954036741465,1.0217365575585182,0.36018757615532215,0.3792593027496852,0.3423682346775374
5,500,2500,0.1701498601206784,0.15609723303515494,0.1712544994734145,-4585.753225180758,0.156024252271136,1.0204543480067458,0.17021247053051933,0.15530187526428726,0.17101424811604837
7,500,2500,0.04373793889208287,0.0034288236545713517,0.044940830543486916,-4714.813400738638,0.003922047970895801,1.0088322439836415,0.04453718170869069,0.0023152771041117376,0.04357436637024572
3,500,5000,0.25635522177229975,0.26615242601081046,0.24282654835584438,-8108.677337548948,0.27076177690944825,1.0562658449959017,0.25705847740235827,0.26494029248154805,0.24014269961003984
5,500,5000,0.1146651968982165,0.12747262350892596,0.11235504733231073,-8400.28974662894,0.1292947791282495,1.0358949188283277,0.11132786470078797,0.1285925009848088,0.11092576239696152
7,500,5000,0.08510754621224474,0.06056347358540661,0.08553105555974796,-8426.613614358013,0.06304022438205975,1.0551453787114569,0.08602544457400321,0.05876071216969867,0.08318690402159412
3,5,1000,0.03790187343901347,0.07001361976459271,0.015550344235647278,-1409.3736065897147,0.07707979695864765,0.9747314825504748,0.017538224609593384,0.07285497801044198,0.01473702776723024
5,5,1000,0.007857769223000372,-1.0474856477003414e-05,0.005024834694830173,-1397.478711467966,0.007688207717524392,0.9437133292977826,0.0051855580694448854,-2.6679085124214907e-05,0.0020796240293237196
7,5,1000,0.05752578706347227,-0.0005258944528256962,0.015480551562972636,-1372.4731279403838,-0.05829147569949111,1.00764535297022,0.019515136411034164,-0.058407808491974945,0.009012604153100564
3,5,2500,0.02518658633097941,0.027258419369591138,0.01814044391400879,-3500.4659679674214,0.02880825442819223,1.0080760403895863,0.018066552802846,0.028087738942413853,0.019368775449606416
5,5,2500,0.014457737395777158,0.05139171340145913,0.01190191597426026,-3500.8640301511473,0.05084169459005534,1.044814134795735,0.013499961016745266,0.04997236325178892,0.01381834898150743
7,5,2500,0.01375188549462743,-0.00024004413716684211,0.0013414477476769284,-3461.45059788836,-0.017902691981382304,1.042855128530422,0.0017003501708961791,-0.015886608060032996,9.920462002804972e-07
3,5,5000,0.016011277346248853,-5.9977052690737765e-05,0.013137357684265334,-6927.781282946888,-0.006595391334331725,1.0338346674230856,0.01431435756211234,-0.005168922331642898,0.004682436775994663
5,5,5000,0.013105702323271245,0.01458713125574377,0.011403479246060855,-6902.186805233249,0.01518949415375373,1.0343623350887323,0.012375068646764803,0.014242722657415652,0.010576790351396978
7,5,5000,0.024947025757387255,-0.00020490165873252408,0.013392307315905086,-6889.824014103895,-0.010912290900282097,1.0550292355788984,0.013902871660407285,-0.008027649911864864,0.012375033166226868
3,50,1000,0.18814473845351476,0.11558075083012932,0.1833108058539939,-1504.3764440436219,0.11495409514108655,0.9005208952784879,0.18767771279337647,0.1141802843965579,0.18168765870557962
5,50,1000,0.09749333826980246,0.07895741684208292,0.10000865912007613,-1548.7854944478072,0.08158925365808636,1.0013852132489705,0.10201799266855104,0.07603347285481528,0.09654082601233491
7,50,1000,0.002205151519417011,-1.4908270715977779e-05,0.0023267925743125158,-1522.2918658367325,-0.0014392730105989814,0.983768177911893,0.001172197213247853,-0.00013404986572550115,0.0011235337696610757
3,50,2500,0.09167934722197824,0.07119921818723797,0.09101630354421067,-3613.016450812306,0.07024198859538901,0.9520111041649617,0.09135084096833071,0.06982840570840035,0.08934849071945154
5,50,2500,0.046138209940129016,-5.519831014589727e-05,0.03943134790473817,-3597.3210244044744,-0.0066772327441904054,1.047543015014676,0.04174675507197299,-0.0061708370961245235,0.04002254197103171
7,50,2500,0.012979313889223713,-0.0003121878427968113,0.006580469125592753,-3628.803418265521,-0.023971759835690137,0.9810617595015289,0.006740804399202755,-0.022003991380108164,0.006719744239315844
3,50,5000,0.04833703968235693,0.04223563311467715,0.047727660388438835,-7057.9786826833915,0.04145668615751565,0.9876728172537953,0.048175735936512094,0.040806274598426714,0.04711294419697109
5,50,5000,0.04246623551908437,0.05356119527855535,0.0435870579992025,-7179.071633205929,0.05283361248866731,1.0302641790237597,0.04390760343299509,0.051692068257558274,0.04145640670179128
7,50,5000,0.002250242451870181,0.04593203298864737,0.0020899924711928974,-7192.392229253795,0.0454974003453639,1.0406910246482044,0.002396819651274637,0.04515843893955825,0.0006327900669468133
3,500,1000,0.46438799697398914,0.42021985891262714,0.4634670585186432,-1886.0826138233663,0.420525055266475,0.9025941797393032,0.4644260695281286,0.419843252889051,0.4636293983107493
5,500,1000,0.2521577326635935,0.22089606310236423,0.25054412145919713,-2016.673177191997,0.22013522267599342,0.9446436104381903,0.2529836594145492,0.21961057396289813,0.243090253078689
7,500,1000,0.08692584073995807,-0.00012681615504220645,0.03543891991196442,-2031.9206083894605,0.00573204360916634,0.9522207173703887,0.050675014019446026,-0.0004824984320794101,0.026234008632011467
3,500,2500,0.35591251362439463,0.33078053697534376,0.3552459503083037,-4382.056348144528,0.3306347919384698,1.0128443969310719,0.35592132733738513,0.3301967187845374,0.3546176182114638
5,500,2500,0.14534325099876738,0.25453154391409916,0.14237744642841063,-4737.202869112161,0.2565016895674202,1.046511827271486,0.14047960032673137,0.2557099389100567,0.1400478217766799
7,500,2500,0.10303279199742549,0.10360061232592252,0.09793199912333465,-4810.575786848019,0.10562398715557647,1.0416922237196515,0.10542510262565578,0.10230897929466118,0.09186656332594373
3,500,5000,0.22660433480054218,0.21168718610454926,0.22590288025623173,-7984.627277523263,0.21115255630679258,1.0097318915777451,0.22681545527190428,0.2108220335168102,0.22481669979380808
5,500,5000,0.13171071302271836,0.09164932553341641,0.13091744560751736,-8290.449062963904,0.09163109962538256,1.0175909719783103,0.1308173240093714,0.09127428560141689,0.13034334511471787
7,500,5000,0.042664820908605544,0.016161923756678517,0.03668659615705913,-8358.21698553126,0.017020052799825863,1.046483580097414,0.04040743541590037,0.0153922142110192,0.03489033464619174
3,5,1000,0.024026352179532345,-0.0003357913710938192,0.016027906991040154,-1371.388118165637,-0.023544599072366054,0.8595649974428802,0.016835818560134386,-0.025002821568469245,0.012101202930661841
5,5,1000,0.06745012516922849,0.001191470243244794,0.06330044022649967,-1388.347864893531,0.0011505186265151224,0.9789774217807344,0.06911885629462856,0.00027683801646935535,0.05857152525716977
7,5,1000,0.003987655093858021,-1.4273780275743776e-05,0.0013592266342653632,-1402.8860801304295,-0.0017113878262864546,1.0050536915994026,0.002112126398128983,0.00019709133453989125,3.258304443297704e-06
3,5,2500,0.015593598897252557,-4.118807890063181e-05,0.012978428119733548,-3499.17511301995,-0.0040039793175465094,1.0017393131606025,0.013732108359808095,-0.0024726353143067173,0.011236312996902252
5,5,2500,0.005974736325174126,0.0038886546848845684,0.005104034474624789,-3491.732057122169,0.003379960714769004,1.0026618203383675,0.005219298072180137,0.003017431737399966,0.005254058562605346
7,5,2500,0.042438403810894226,-0.0003407637166126733,0.0033618045883141525,-3462.31957852936,-0.0357078899136679,1.0752724652056824,0.00854102779046282,-0.03430066171800572,5.2466147589344224e-06
3,5,5000,0.006329048808922968,0.03493395883068261,0.005957557912675998,-6926.220110705663,0.03398317875493776,1.0176338538481944,0.006606986587193082,0.03374581421718594,0.005281921434725837
5,5,5000,0.013170595027136661,0.019195480093465268,0.007176509610563532,-6937.351775365391,0.02252997318441121,1.0466734172367476,0.012641534501936834,0.018889481220835298,0.005881920107854104
7,5,5000,0.024153328661737375,-0.0002952786010626369,0.0014554882074182321,-6914.729211226928,-0.02768601294481814,0.9986616173500527,0.0015329598443983583,-0.025568618303476797,2.1755422743270807e-05
3,50,1000,0.1710848048471604,0.16902959282166807,0.16263002687686998,-1501.97934632773,0.1693453655830358,0.9705615668660575,0.17185290243819779,0.16749992696981758,0.15065416913073404
5,50,1000,0.07811614599795767,0.0843107649562512,0.04428782027966926,-1596.020961259837,0.09581866031707273,1.032714292636392,0.0765829229237715,0.08319751391815748,0.036773178362720205
7,50,1000,0.02741495364486504,-0.0002602258826734669,0.006498498952968243,-1572.6514768433324,-0.022312662495470023,0.9406792939264282,0.0067929401332645824,-0.021411821884340043,5.670644097645977e-05
3,50,2500,0.08742420596276607,0.048037950957898104,0.08345942233384686,-3575.227291507831,0.05169543278149868,1.043104606076969,0.0868686866342856,0.04644878798531136,0.0821718244343778
5,50,2500,0.0812475927041722,0.08587070718587675,0.06902318957626781,-3673.5518911300132,0.08714335709790175,1.0459900791467343,0.08087631486379124,0.08442196317788093,0.06719764258473426
7,50,2500,0.036033021922480576,0.04202799099500044,0.025255159753306406,-3641.4559783952063,0.04418668362091303,1.0417410819762059,0.03060496312037237,0.04194368422038406,0.024060480665428676
3,50,5000,0.040827392325186916,0.033676234638403184,0.036765507781420174,-7069.99799285822,0.0334562700022987,1.0560450326507484,0.03768573273871319,0.03312244940121345,0.03557801078922565
5,50,5000,0.053474781691415486,0.009633546118832055,0.05020820538578183,-7075.703211285379,0.012014853466660315,1.063452012187829,0.05439951086547678,0.007932033560536001,0.0494997204506657
7,50,5000,0.006256843808273211,0.012514350054745955,0.00492362616119788,-7205.574652693455,0.012966025691169853,0.9954082025782282,0.005282349498840978,0.01213357535999985,0.0034738570670138345
3,500,1000,0.4976890921620222,0.47225297712319275,0.4886014902581226,-1907.870703477316,0.4735719420904124,0.9775720006452491,0.49808694458466096,0.4709696111773503,0.4697797591737256
5,500,1000,0.32858786601641915,0.3147267790695253,0.31870786035435744,-2015.7657856259802,0.3262241615749965,1.0330726292065817,0.3247314525710254,0.32335524437155233,0.31857461232998835
7,500,1000,0.13767748764604762,0.010530058487543783,0.13999422346057475,-2055.1781374688085,0.01389828090728065,0.9947432651356864,0.13931533977135263,0.008095733223949991,0.13636667902285754
3,500,2500,0.36268402449197706,0.34003189686665064,0.35995548541551514,-4376.51593556779,0.342274304852971,1.01891530043681,0.36253973772241765,0.338573560099104,0.3590998662887009
5,500,2500,0.22268208810182127,0.21929684030386362,0.21730841749325713,-4644.098928367277,0.2208833385471562,1.0092589948437338,0.2204302622243529,0.21914229997412313,0.21642717349542068
7,500,2500,0.033510044891330706,0.027972572771568775,0.032163038865036575,-4639.8869915301375,0.027587037948822946,1.0027159875944616,0.033624798981422524,0.027324719757134335,0.03070837988362208
3,500,5000,0.22906795643118436,0.20745937539911338,0.22883153659421354,-8033.853743551053,0.20667694702910813,1.0456195333444773,0.22927485212665788,0.20620484034329548,0.22826509465133776
5,500,5000,0.1411573402723369,0.12805798751847525,0.1384275434380476,-8457.298424455405,0.12768848784564688,1.0676282576195966,0.14128355534867823,0.12645418471586944,0.1327548079877344
7,500,5000,0.029897062451727525,0.0577206084141626,0.02893015164149345,-8514.325341182783,0.05776861750292155,1.0325375168094493,0.029683413290693312,0.05742389936699656,0.028365227985144674
3,5,1000,0.021407589775625128,0.015434064124674251,0.018457701057031258,-1393.5903133086915,0.01465978067645915,0.9806077469523836,0.014953920290580073,0.013464789165796675,0.01084431402419331
5,5,1000,0.05568867318329363,-0.0006328167536437377,0.020366970146495175,-1382.280884936924,-0.03851162053935445,1.0556048567471392,0.022885056772102,-0.037170137705888236,0.008082662474143115
7,5,1000,0.07216454234902576,-0.0006265549287554677,0.01101471853173275,-1408.305743903236,-0.05768908263549906,0.9432426605098801,0.010788024505596013,-0.05694400765089563,0.00020504735418559644
3,5,2500,0.004179666140005063,0.009661724702222091,0.005697719270830066,-3457.9409343474263,0.008384819466334193,0.9832069356270613,0.006504831170757966,0.007667611340959957,0.0036393628780033225
5,5,2500,0.031944616714792824,0.006761942075394836,0.024346571421105134,-3444.93768855255,0.007739624805652238,1.0545863873112464,0.029363992089651878,0.00525615480908873,0.010589359646232461
7,5,2500,0.002130070148865045,0.014454186660948835,0.002386567284990991,-3442.053297322738,0.015873593569858895,1.013692334492566,0.0010958603904509638,0.013276666645511614,0.001995912298593732
3,5,5000,0.01138359114459513,-3.523207398011436e-05,0.009206312798880876,-6803.936780641502,-0.00452986150235065,0.97329124944243,0.009429203562926328,-0.0029665075214712487,0.009136220472274524
5,5,5000,0.04239700493128308,-0.0003277566142549404,0.01339182619585816,-6835.817974093777,-0.026558433296117984,1.0188517779534787,0.014208477148072576,-0.02490805144757451,0.009317470357998315
7,5,5000,0.0009685721598657762,0.0008054993725922032,0.0006429403201805864,-6829.977166941567,9.703590074423118e-07,1.0506638914031106,0.0008437056719110245,0.00012113570704696031,3.3772145162250554e-07
3,50,1000,0.12339121950844376,0.05605069625032911,0.12502749066329524,-1500.2323283411665,0.05788049613189446,0.9787256300543031,0.12324344300804234,0.05464514407271145,0.12192000398579408
5,50,1000,0.07765069025756648,0.058801166450094346,0.07667653181605173,-1520.269478043307,0.06636300588706308,0.9765566867489638,0.07751717126030043,0.058055323297836366,0.06901750021469673
7,50,1000,0.010881478721711555,0.04672775775977675,0.008962333988207853,-1573.619354855567,0.04673144428834848,0.9645704811958549,0.01690795749133979,0.04271427462758629,0.004323861470389297
3,50,2500,0.06954573032431131,0.10221380051859014,0.06969237567716985,-3662.361367057204,0.1018131818271755,1.0105986656657886,0.06991206593497284,0.10112520159872657,0.06454580871728283
5,50,2500,0.04439399876775535,0.05875238522054351,0.040611880267922125,-3678.320836846985,0.060446496619193935,1.060601317277116,0.0392110477729383,0.058985499526152126,0.04017175844722585
7,50,2500,0.016323884305018715,-0.0001765764376068546,0.00220659616542248,-3621.6782543963327,-0.01864168461574045,1.0379097981266339,0.0029887049215344286,-0.015472163249846927,0.00186420560953696
3,50,5000,0.04009027864518267,0.037210571664881356,0.03734921819858343,-7036.21788997702,0.03717894293679565,1.013996070590361,0.03839814304223981,0.03654157546603474,0.036348038232088244
5,50,5000,0.053578534519281344,0.08171155800809939,0.04580097667309078,-7173.035660838859,0.0851226237709343,1.0544686793384561,0.05236381431745288,0.08119948488621066,0.04330945131412387
7,50,5000,0.0024531893764750527,0.00581435659040435,0.003958025072231968,-7164.02267960065,0.005474369037003453,1.0520776597233692,0.001990981694000881,0.0048748406155838895,0.0022884934226852353
3,500,1000,0.4270481889338286,0.39285363494500075,0.42849583602599456,-1869.4848193089952,0.3948530047601671,0.9159673707275838,0.42768634146363144,0.3917504628549327,0.42643551934006146
5,500,1000,0.2927476308368696,0.293206871844485,0.28025077578631563,-2053.604255575454,0.30385005811320864,1.0166461511168567,0.29152110885654603,0.2914002606603972,0.2578677446168405
7,500,1000,0.09118763768011014,0.0314376666389328,0.09069908370450001,-2035.1867234733977,0.039143141704139676,0.9510958619268636,0.10219805531276745,0.03527783206504364,0.08608977562056873
3,500,2500,0.34971556897155687,0.35940705461106626,0.3483509216196264,-4403.512252874624,0.3589139795532914,1.0416229886331265,0.35055286782553313,0.35816851075745815,0.34343197604265635
5,500,2500,0.16052974100446485,0.1450313266946201,0.1613003958137464,-4569.9712230015675,0.14514108304894344,1.0277393490764475,0.16053063779917365,0.14446622543398827,0.16018542529324112
7,500,2500,0.06473725208597193,0.07224748628422058,0.06675215151471252,-4683.1608949324645,0.07208907917277793,1.0253102394094766,0.06869539254136818,0.069316348745273,0.0640675973311146
3,500,5000,0.23919181852096522,0.2456860156157676,0.23902589233415725,-8163.722324397777,0.24510687481418045,1.0100147072331302,0.23911251295583588,0.2447163138766835,0.23924110950566624
5,500,5000,0.11577201315660939,0.1786075051207512,0.11089577343656543,-8484.488548916568,0.17966575055166795,1.02521745674323,0.11581013300392405,0.1778688947256329,0.10906617091801302
7,500,5000,0.048704265295578565,0.004579584861054173,0.04860122329637307,-8442.963472696687,0.007746071947895689,1.0074108762382126,0.049469662872979825,0.0025625865250473,0.04895533832645663
3,5,1000,0.01885693424278892,0.05375729322888105,0.01830416151454142,-1395.9214035954005,0.054389161660441915,0.9015686389128693,0.02002049072006516,0.053017716622031,0.013432565418362052
5,5,1000,0.024054045064620225,-0.00021377352945751226,0.012697691390828826,-1375.2744969076202,-0.024426214652533418,0.9963781201035029,0.012264077675390941,-0.02566387005180627,0.011001765689455954
7,5,1000,0.025266399142703528,0.02399110108302625,3.1868744049568255e-05,-1377.9454116177867,0.03394021509053732,0.9893693245785282,0.00991402406691978,0.02973871640161224,0.011292319859915273
3,5,2500,0.026129207952774233,-2.293585636289208e-05,0.01845556023921752,-3420.986636375647,-0.0026406934905557136,0.9842087311378102,0.020656406161672733,-0.0014916304996489998,0.014508854478749132
5,5,2500,0.012529723998231062,0.056897410822549864,0.004261227537501017,-3463.5918807442167,0.059757077996030965,1.0253964331802876,0.014224440951356387,0.05507794666594746,0.001322321521822022
7,5,2500,0.02100096780256176,-0.0005266243705251327,0.0007834880516900194,-3405.9421064787807,-0.036032643050263866,0.984480540408492,0.0018643449342127215,-0.03531162612729677,6.5726144429007645e-06
3,5,5000,0.014751099892544372,-0.000255095145183077,0.0037083216010840893,-6855.754049183981,-0.01838404889167432,1.0316269080534253,0.004828867683795401,-0.017676740899781544,0.0024464792740310414
5,5,5000,0.011105375981831127,0.04870552297480372,0.0024879605687405247,-7015.5549330188105,0.05337207449177313,1.075166672101785,0.01118777211414942,0.047577066073040984,0.0003461818924487712
7,5,5000,0.02474459225040175,-2.9549214794678847e-05,0.01369136600825457,-6886.7918851342965,-0.0015231498069437294,1.050225962242834,0.015453951394015385,0.0008527364838044377,0.012611106543673875
3,50,1000,0.1555655051659465,0.07749969164069603,0.13544958838163118,-1491.75570911072,0.08054028491144755,0.9252866560669083,0.15746457310558287,0.07610049304535732,0.12144269063311654
5,50,1000,0.09551595999745417,-2.8556281730516275e-05,0.051662171482737586,-1481.7352898217503,0.002269897170700688,1.0281160392223716,0.05834398642344871,-0.00019248257051299332,0.02421869706667869
7,50,1000,0.10352385949112164,0.015580957911331324,0.10691634154281307,-1521.5265599901843,0.027737947267690514,0.9670871321823661,0.10884633231280567,0.026339565645044558,0.10744542106652769
3,50,2500,0.07281648036476644,0.03658224700224601,0.07035203024910007,-3547.225996588928,0.037327257976243526,1.035066716961347,0.07223062658124943,0.03515166858874818,0.06832130479087038
5,50,2500,0.04900603129048892,0.03642074118123164,0.04961188255269761,-3690.6210189082376,0.036518832470141205,0.9894090553724247,0.04865385692800534,0.03519831623776172,0.049636830773704704
7,50,2500,0.019322857421401947,0.022573135858366004,0.010211617000575544,-3700.585384138265,0.023761920560815632,1.0265299347220735,0.026304733897438183,0.02194724800322838,0.008475248872511658
3,50,5000,0.0466799397507822,0.06398946833092395,0.04159342165016785,-7074.161079702335,0.06473938685713874,1.050436047916977,0.04523872965711003,0.06274945502663959,0.0402978589723192
5,50,5000,0.05159608659742812,0.06493321234833384,0.04801804749124595,-7162.247031509747,0.06537678596731367,1.0367717690317395,0.05171935112229986,0.06425278885535882,0.047200739221586005
7,50,5000,0.02061683877019035,0.04527462295177429,0.021798265279574982,-7185.088798679919,0.04506181382970517,1.0588640232173532,0.02207849532287863,0.044229285565348615,0.020711051136423523
3,500,1000,0.4573328612866301,0.5093734584301356,0.4591679509385387,-1924.1739853158724,0.5093166910955711,0.9441096589990436,0.4592145381164043,0.507765945971807,0.45447577936636013
5,500,1000,0.24697888533090237,0.22381621821337286,0.25235761332004736,-2018.9797241440706,0.22389941603466879,0.9801080864996293,0.24687853371175617,0.2232515483015818,0.2497669822964243
7,500,1000,0.06115026867315936,0.19196611807103045,0.05081885570586684,-2095.0208132292187,0.19805479702791012,0.9467575505927573,0.0627726382797101,0.19043490885652045,0.04034288348431558
3,500,2500,0.3416162961717612,0.29309519393892625,0.34378746999020293,-4312.080815865087,0.29333495187356895,0.9971827053391582,0.34154135135313013,0.2924559058742052,0.3419811400655466
5,500,2500,0.16075428797912095,0.17112551259767825,0.1592434987820159,-4628.780000216966,0.1714576928209819,0.969777614260151,0.16063597862330117,0.17083324707504144,0.15920088497733909
7,500,2500,0.03632470625146657,-0.00041348919973315787,0.008173631441317563,-4649.131553845136,-0.022722115785721326,1.0388954637678016,0.00890883191162823,-0.02168557116626216,0.006914932524975283
3,500,5000,0.24310269299480355,0.2695101196852589,0.2410800028072208,-8139.186007821672,0.26897726308039693,1.0232983980061674,0.24380872467479348,0.2681720480145777,0.23882534190524216
5,500,5000,0.12701928478404723,0.13326038745094393,0.1262514992158693,-8462.285104317136,0.13273089954632197,1.0468240060834613,0.12757030822278775,0.13172621932087658,0.12473260693777126
7,500,5000,0.03655353711622481,0.017219176374423113,0.031221215061042244,-8448.414658080346,0.017186491283987745,1.0430215169406754,0.03517642278774413,0.01613723432341776,0.03029575118402002
3,5,1000,0.04949948300709741,-0.0004033810983253261,0.022696569774761526,-1388.766235656191,-0.030913840517200242,0.9572573398116537,0.02258680972845708,-0.029943641684467365,0.021596397562708713
5,5,1000,0.028912896019912263,0.038714473170196925,0.004170164429357173,-1408.208604715693,0.04843541516497476,1.0362280670128798,0.007896643764172014,0.04575986114447778,0.0033944776151155934
7,5,1000,0.03304897747651125,-0.0007011827939597878,0.0006389727875809836,-1366.1478332452723,-0.04829873518760837,1.0290460990888464,0.0050577547712862695,-0.04842933671807259,2.6269421560846654e-06
3,5,2500,0.015203976731237264,0.008063872670620186,0.007565563032023891,-3473.496225097375,0.010326446976991793,1.0449525613118071,0.01600680912224981,0.005408709894694039,0.007370932830778267
5,5,2500,0.0022401846021239285,-6.407164980191738e-06,0.0024630299325184833,-3491.5135991285783,-0.000802703751793888,0.999208641282994,0.0028097419185115096,4.2589512978156564e-05,0.0020295102200719715
7,5,2500,0.025835107347517403,-0.00026399341654396264,0.0255627400052127,-3436.888801738076,-0.02010122805378196,0.9936199232886022,0.02561704123112103,-0.018180889509572806,0.022378249515637917
3,5,5000,0.018894158177571164,0.015129153921506077,0.008914127756547967,-6903.560266486542,0.01927747987493094,1.0336448407884236,0.009554667933127934,0.018568642182335133,0.00854619081093716
5,5,5000,0.008246855369400109,0.007868672834816244,0.003148531568571685,-6952.174025784033,0.007758939692881904,1.0577286386494604,0.005504476491030641,0.00716427510535832,0.001819854019853944
7,5,5000,0.026889857678937125,-0.0004974403050415277,0.0002196023465383118,-6840.950836547623,-0.03011776583592091,0.9604928979325333,2.8099243458275546e-05,-0.02863037574334685,3.491592314962671e-05
3,50,1000,0.15245460441638675,0.13334382876809808,0.15325042407548067,-1523.9430859274635,0.1334839104599862,0.990495655018021,0.15227806846899095,0.1322977061952206,0.15243206148437455
5,50,1000,0.12251252585800469,0.15361520893811711,0.11492891704686871,-1598.4473466414488,0.1560257137125525,1.0046365747753911,0.12089883083579475,0.1531590576125077,0.11268898694325553
7,50,1000,0.0732668031354171,-2.799029452671675e-05,0.04945907552922159,-1547.548870491135,0.01688408094506167,1.034521318700144,0.058761133699386264,0.005645456908622691,0.04413555823312346
3,50,2500,0.09068222950037814,0.0422010755129355,0.08727997835001543,-3525.1755990904107,0.041643416168476506,1.0284919889334572,0.09004365829406537,0.04049493762202437,0.0842872972566233
5,50,2500,0.02736522038869583,0.04908887835127752,0.02506378373407642,-3655.051439096993,0.049394384720996824,1.017126763617208,0.02692030387301953,0.048030470181495186,0.02516457671743113
7,50,2500,0.023554995544779002,-0.0003825353763571911,0.004533970939234993,-3649.879140363159,-0.023000095967196283,0.9813653109013809,0.00434445920871929,-0.021066533409127078,0.001313055313588407
3,50,5000,0.0379616307344495,0.005542180030128111,0.03788778534356004,-6984.710884815549,0.00433408036456276,1.0061396537668996,0.03743332099779533,0.004109688533535518,0.037408872975427714
5,50,5000,0.04535399332498946,0.06907733521318223,0.04255864851445822,-7156.221276271994,0.06859749905866774,1.0195333056924825,0.0456774006210184,0.06773631159338911,0.04052340331879675
7,50,5000,0.01641037781678894,0.014666562954443543,0.01829243940590307,-7180.629979842327,0.015275760812743466,1.0171805933779043,0.015432175076889328,0.014750766336436573,0.016590518792082173
3,500,1000,0.41643441668061604,0.4466094251189304,0.40916648367192654,-1912.5000644251102,0.4491909105513207,1.0156244632783877,0.41536987343987314,0.44617554700803136,0.4065647261130742
5,500,1000,0.3129766326564144,0.2585575538057265,0.3085952746060246,-2041.732936604224,0.26076174066024305,0.9960276666100248,0.31328186939087155,0.25738818435332633,0.2942659203635104
7,500,1000,0.14234444691633003,0.08521517892123484,0.08810745663047215,-2050.034852433345,0.11608184678456018,0.9384483509751551,0.14999550491245228,0.0823229412678902,0.08196054255164893
3,500,2500,0.3066515857049952,0.3489605542600668,0.3062996351386587,-4354.191244554309,0.34934212362248634,0.9780990591897635,0.3072007320825146,0.3483024994078123,0.3052385853615014
5,500,2500,0.1597298512122226,0.10943329055648374,0.1570071261564862,-4550.744966231463,0.11016636039813947,0.9401371777130813,0.159757381753807,0.10928930789877504,0.15786692018182386
7,500,2500,0.058352609874213805,0.05666628355276389,0.055968428896838396,-4609.516344738145,0.05757542007330467,0.9734200750414331,0.0587761092935385,0.05614373087273816,0.0562978041801202
3,500,5000,0.22158136425217886,0.21870218517326867,0.21956724184128784,-7994.375986942368,0.21907241464530888,1.0561104842957827,0.2189290452597736,0.21853466026300958,0.2175494324149518
5,500,5000,0.11405113478329386,0.0910383195792072,0.10695318191058166,-8390.439149673577,0.09423601905118321,1.037147596361998,0.11395257066550603,0.09033988630359345,0.10557091360931024
7,500,5000,0.05745199184080216,0.07665928415855433,0.05401657379229857,-8616.24126026624,0.07793538206640133,1.0398225976612003,0.05741348580431756,0.07572389466962523,0.05267957364767841
3,5,1000,0.0331982039999593,0.02639585838812832,0.026281291686095803,-1395.1533856373203,0.026211828105561837,0.8639346071233128,0.02802050332839268,0.02293387857080779,0.01856319750396964
5,5,1000,0.02097036945779754,0.04143086487783694,0.020081242731709924,-1404.8817243514536,0.04127217159033739,0.9784119769428137,0.021129502346883267,0.04112402999643541,0.012186437749149254
7,5,1000,0.03545483920905165,-5.766428615447694e-05,0.00771632583855648,-1428.6464244553558,-0.005120991098877539,1.0360452064693328,0.009648262709254202,-0.005120448062838023,0.00090938921578919
3,5,2500,0.011871855582300653,0.05118279951984023,0.012737647721990717,-3502.899261136989,0.05003633642476143,1.0066633677234482,0.01372101272549919,0.049296973404091116,0.010630144892902576
5,5,2500,0.009132875525124843,-7.720889966403775e-05,0.002212891532747501,-3435.714565435398,-0.00489991726510616,1.0031390551591597,0.0033203006236894646,-0.004985749404158924,0.0020555424000259772
7,5,2500,0.0013327727737044639,0.009562916346912425,0.005127562995843829,-3484.623678350931,0.006609548712436117,1.018694666565068,0.004212714577717973,0.006102537142957408,8.630860351069472e-05
3,5,5000,0.012622382981908499,-8.471756217550138e-05,0.007369634491405401,-6873.105815552126,-0.0056593791418916226,0.9465304558070933,0.008248110134057199,-0.005464379694156014,0.007169140705626143
5,5,5000,0.016878278479286614,0.026500525091707094,0.015152799550067235,-6920.4121408865885,0.027485192918881147,1.019757829087476,0.016411976360758956,0.025638485779102847,0.013797939181515227
7,5,5000,0.0033401779665356165,-4.109015815593011e-05,0.0004357964897026137,-6883.93667374878,-0.004550942641705296,1.023381174511634,0.0004734181176637767,-0.0021708638802892893,7.455615230998964e-07
3,50,1000,0.16385510436084527,0.09603471397169142,0.15535806876413816,-1483.3633264535606,0.09785203294245366,0.9379173947340896,0.164332732376373,0.09456313540449833,0.150280785362596
5,50,1000,0.0872382741503269,0.09897597827358118,0.08605183000193894,-1533.871817693082,0.09888308756133801,0.9715082440186636,0.08969059683617456,0.09708432063293958,0.08468565587600466
7,50,1000,0.0022655084483851223,0.005443174312289102,0.0034596908940877774,-1522.6810164522394,0.007182431488741713,0.9011674485546194,0.0023194613201721137,0.0048538023624767,0.0009112076706441186
3,50,2500,0.05615940674157829,0.05440912525141575,0.056975510379137714,-3514.6916813598637,0.05405866369885571,0.9850635342278125,0.058273003837629345,0.05229121525470655,0.054914106955315775
5,50,2500,0.06237871943762831,0.0037820879247670745,0.06204596036892585,-3542.3119280614524,0.0034335490905155895,0.9847633796602088,0.0635675870987383,0.0027603673281511873,0.06024288561586255
7,50,2500,0.008562196141716143,0.008958233565354384,0.004151702497959205,-3659.0955289044596,0.011294904348887939,1.0360551468363515,0.003783714828226657,0.01089553717935869,0.0028848724219863713
3,50,5000,0.041581582051021214,0.01974773869724031,0.04100214085682259,-7004.016235689935,0.018567264933314256,1.0342302918505202,0.04113208023823899,0.018091350921044615,0.03968719957974428
5,50,5000,0.04198528509895412,0.06802113950415951,0.03137073435688445,-7168.179040866123,0.07184480774655368,1.0732982610184552,0.040221951270681296,0.06803965651657218,0.030161111236597957
7,50,5000,0.03503966814372846,-0.0003570556587881583,0.009743920191618481,-7079.289268820463,-0.018246453998055766,1.0476408662542485,0.010048746909079984,-0.016996294445142848,0.01008319441391661
3,500,1000,0.4712429719309008,0.5351692156966696,0.4603882665503268,-1910.803982189159,0.5397848427711697,0.9576818902368062,0.4689624554056722,0.5350180455208735,0.4592336936408075
5,500,1000,0.22818606382079318,0.2033135965298086,0.21733889818633637,-2026.6205234590996,0.21420652932107168,0.9918502897578335,0.2110769337955222,0.20853256952599258,0.2147124450301879
7,500,1000,0.05006968057266293,0.019425974173924714,0.03423841811562913,-2040.2415198605008,0.030490607568750647,0.9513743195772593,0.0516349364357025,0.0171488419306163,0.028375042820315027
3,500,2500,0.3625126813762767,0.31108284856232693,0.36032329428796545,-4344.7796417554855,0.3114839412275454,1.0374742763583258,0.3623962325418589,0.3104607672700218,0.35981435696841
5,500,2500,0.1868920642451317,0.18071909052388255,0.18743412702477238,-4543.10214080488,0.17999147375127467,1.000202937668276,0.18766511534217095,0.1799878068623937,0.18102868853788942
7,500,2500,0.02609262137218646,0.03872121182274677,0.02481369002215992,-4652.027889497911,0.04073841660366361,1.0030919711361364,0.026988474312350304,0.037362015443505876,0.023754563738544725
3,500,5000,0.24448682126326515,0.21239769526697638,0.2426437952823986,-8105.463079712896,0.2119979389165539,1.0363432822706553,0.2450899504688478,0.21139286783898478,0.24148794529746836
5,500,5000,0.12336274270375044,0.10332815501503992,0.11007453429452255,-8368.77787129645,0.10966173374088357,1.0653542870232509,0.12240725510536939,0.10246684646211543,0.10541423278303677
7,500,5000,0.0416038627807056,0.054592527672721915,0.039593680182263474,-8527.87982542434,0.054158183197531254,1.012226057740005,0.04080601319385409,0.05335025795742822,0.03892704838571339
3,5,1000,0.041542092324109124,0.025644754177118784,0.04153945722934487,-1405.940702408069,0.023888030839200155,0.9561459611922403,0.041551818316459495,0.023723188118174674,0.034012641536141544
5,5,1000,0.04136326170608322,-0.0008463541415201234,0.00590508797904088,-1403.063833225328,-0.04875423652238555,1.0313989219645152,0.008497572157943107,-0.05010283167773946,0.004422204270720064
7,5,1000,0.05146749107793789,-0.0002701396471891258,0.047064747289827076,-1420.8542322112612,-0.029034173732326963,1.0209751566988172,0.05218554513144242,-0.03036715311551029,0.04651713347006016
3,5,2500,0.028166764189037338,-0.00033601033623417606,0.013782779126576938,-3443.42384054334,-0.020871886557773722,1.009887980801974,0.014376111726785677,-0.019073309835910185,0.01253423678110272
5,5,2500,0.016911240914376343,-5.068271985728643e-05,0.012173656266683382,-3438.5259834203507,-0.006031163406595624,1.055699169758899,0.011897306013780728,-0.0037289766102067004,0.011646346354374807
7,5,2500,0.012005328275100598,-0.0001486534179917726,0.000125859396280446,-3456.5993623822415,-0.021849828244077434,1.030827364150369,0.0012156618035592892,-0.02124172608685294,7.668970923698828e-06
3,5,5000,0.0108697192361838,-9.26816990127918e-05,0.006005766297132281,-6891.580216526307,-0.009223741194354807,0.9729343082764584,0.006352133123692297,-0.007626034113506467,0.00507187896049398
5,5,5000,0.010052790501558578,0.0032590221654523704,0.00832738737133047,-6898.479480861283,0.005050276608723107,1.0263453980247859,0.009670204311039342,0.00271093234524069,0.007772979278385247
7,5,5000,0.006997343088145173,0.023641538320391373,0.006348726336696978,-6966.061571880135,0.023556329530320545,1.0661784554682172,0.010075861984665806,0.022055644345556537,0.005308146214179214
3,50,1000,0.1073533370550245,0.08822242494865122,0.10847803689039415,-1475.5625517475971,0.08823874266367239,1.017721301400801,0.10848876007158428,0.08570580977125929,0.1072250219949341
5,50,1000,0.1373101428829708,0.10369874226822003,0.11689447402081432,-1536.317058119012,0.11128290579627902,1.0664938712944632,0.13582755642651995,0.10332882212505455,0.11786481180790612
7,50,1000,0.03697267744554928,-0.00029365411270805455,0.03519015587118258,-1526.1444125903595,-0.03695752900480556,1.0304238775000172,0.03671347539138003,-0.03670338134638928,0.03265547802565804
3,50,2500,0.11114001277571797,0.14465033927755047,0.11038325445694738,-3675.279519761209,0.14715192968000082,0.9401756862582777,0.11147528439092601,0.14343499805028403,0.11016746354856134
5,50,2500,0.020680098137175047,0.031278016861071956,0.015473173008289891,-3643.9144119727234,0.03550959392389741,1.0179060510197673,0.017251272052731144,0.03207201203325167,0.014664069583442494
7,50,2500,0.01869824805902456,0.036818570848443234,0.01796054046145313,-3661.8373662522945,0.036632072388597954,1.0105926663214992,0.018791537246828242,0.03604464279735548,0.016080894719648783
3,50,5000,0.06426774036168628,0.012995406454030672,0.05824941062214978,-7025.38624678262,0.01646151812308999,1.0684928005921066,0.06469287321405551,0.011764913737901951,0.05728323465632468
5,50,5000,0.05204127266849058,0.053556671147562886,0.04899814422491085,-7142.49448164531,0.05358870667437422,1.033917900472787,0.051727899393600806,0.05231797929719141,0.049783191704689554
7,50,5000,0.01227514927155785,0.016964704809322575,0.012870618908956464,-7127.885648331398,0.01659379324212714,1.0559359580644734,0.012337022962379918,0.016316940948316552,0.012045175985224985
3,500,1000,0.376876631872717,0.38807225087215397,0.37790466661964883,-1913.5277973725313,0.3946307496977254,0.9923015694168719,0.37715048970280773,0.3872910384630429,0.3518270311611459
5,500,1000,0.24419298175445042,0.23149800347188262,0.24441017368697238,-2044.9625392788957,0.23522571279742646,1.021665003817981,0.24708135834674705,0.2299625403568082,0.23561931246739173
7,500,1000,0.06311444325078579,0.07891109945558673,0.0410385614109319,-2077.787240879249,0.08654922413352256,1.0012113862222178,0.06767297183184487,0.07670080225373135,0.031083912052112132
3,500,2500,0.3509294250674154,0.3203387539915817,0.35099662067276444,-4363.0166334265605,0.31976526971609764,0.9779972960334551,0.35122642874277765,0.3196593550057802,0.3499309134331667
5,500,2500,0.23025314179531398,0.1543927242605929,0.2303422890978619,-4654.532657788274,0.15432755964322442,0.9435507288796758,0.23029902381032372,0.15355596746850753,0.23093465105412156
7,500,2500,0.042570348727764454,0.05773234616193549,0.04324835277916746,-4718.715912004775,0.058705362252373564,0.978508073511795,0.042770897778024036,0.05664194862055265,0.042393609698934236
3,500,5000,0.23000226292067524,0.22252445493119158,0.2299797163085987,-8011.429657496912,0.22214545354572746,0.9946938375977216,0.2299157963371923,0.22172053095912617,0.23002780736443984
5,500,5000,0.0922110620451817,0.06754267209630034,0.08654498065894636,-8328.240723086239,0.07003951086506349,1.05125455349192,0.08743481248850347,0.06828520141370427,0.08365686221298416
7,500,5000,0.030557662371931842,0.010045562719886766,0.02948898292021514,-8477.113400033242,0.009721476132331553,1.0061310889290844,0.03221381865620261,0.008171378928896229,0.028764628252745183
3,5,1000,0.05819426472181553,-0.00039787572232239657,0.029554760828821396,-1363.2472441852897,-0.02586639591510152,0.9654090993703046,0.030249357016652257,-0.024466264690297522,0.030657242880673178
5,5,1000,0.02629941537764757,-0.0008957265701897086,0.0024191378955329525,-1349.2571628541032,-0.05689298742061101,0.9299827932939163,0.00358740973684503,-0.05758366983771748,0.0003355471952615202
7,5,1000,0.0231055148053896,0.029577423599125494,0.02465780073631213,-1380.1413855597393,0.028523011984019603,0.9724803294508463,0.025134649822329963,0.028402287047511663,2.8846687354664995e-05
3,5,2500,0.038001804925583124,-0.0009357668955726695,0.004411847363345389,-3449.8421612349575,-0.05201381553142219,0.9154101437731775,0.004884219739734606,-0.05115015221803024,0.003056992152280686
5,5,2500,0.0038670001646241596,-2.246767617016303e-05,0.0012898457184585062,-3462.913495668962,-0.0027854962461584362,1.0328214012614585,0.004927703917904951,-0.00298353249685224,0.0013068350735820136
7,5,2500,0.001978885226279618,0.01833701672973748,0.00184434830569334,-3512.280906461614,0.017269852628545412,1.0410369933409789,0.0039035248188332866,0.015904628579157178,1.581073449163033e-05
3,5,5000,0.012052556459479233,0.03414022719461336,0.009092986961715694,-6974.215803121197,0.03427243316031345,1.051035256076982,0.012554493594120652,0.03323693719827115,0.005169291744487755
5,5,5000,0.010686441978281457,-9.806232645678393e-06,0.010100018501091719,-6896.82673975077,-0.0013472663736745745,1.023946114020605,0.01056433287972512,0.0006804862331988261,0.009502822623570743
7,5,5000,0.013409731832874616,-0.00014535587353275333,0.000679619690148616,-6888.487636376788,-0.01714543865577325,1.0153869374864763,0.0007024252752032758,-0.015508637707788875,4.482960913765559e-06
3,50,1000,0.15186106698555843,0.08934748134681422,0.1529197349981393,-1513.8299460504468,0.08836264197954233,0.974790275526555,0.15437068635982962,0.08774066016532925,0.1472838899914184
5,50,1000,0.1127156781653293,0.08503591578095301,0.11290105232745748,-1573.9157018885774,0.08598515578960406,0.9530610863372531,0.1126212372705712,0.08439726088503767,0.11003094830224404
7,50,1000,0.07022290256876183,-0.00019938983052270487,0.04517127702443898,-1577.5623943899773,0.015280354600687588,1.0901547798473903,0.053437500655714905,-0.0001812520078860871,0.04120584602797602
3,50,2500,0.09384906421188174,0.021788169031648978,0.09318482074857432,-3585.829871554349,0.022000772670891275,0.9960113786570837,0.09341636306448889,0.020606663562759968,0.0933163899930717
5,50,2500,0.048524668407442746,0.03123302068656667,0.04742636802480701,-3623.954499618411,0.031276919676445504,1.002439178524584,0.04809406889465368,0.030146244617144113,0.04587970389399605
7,50,2500,0.026343445929920023,0.054636231180865615,0.025229285656256494,-3730.1171857584613,0.05509481124052327,0.9680738723825584,0.026269225134923694,0.053966139191012556,0.022969229971224518
3,50,5000,0.04612974630801636,0.04517527927344072,0.04236163056856958,-7060.588147275533,0.045580590794570705,1.044794532831109,0.04608340707249195,0.043694099216483116,0.04102952059863228
5,50,5000,0.021632952633752568,0.012935040273598134,0.02091072968844494,-7123.972628536921,0.012693356099294397,1.0089083040994091,0.021809563697589567,0.011926609280069533,0.0187173626256403
7,50,5000,0.018996685371614253,0.02183236074673241,0.01827789727783652,-7152.497683031507,0.021786321788704117,1.017649772572277,0.019123472977608278,0.020858639494705677,0.016620210809427178
3,500,1000,0.3986470586941333,0.39456665893569015,0.398357028233269,-1880.9845449194409,0.39635115478998706,0.9917358588303159,0.3991514579965687,0.3944611420822998,0.39820127752638945
5,500,1000,0.15637421510349375,0.2613179794484279,0.15626933692059752,-2064.370508223101,0.26702922522624045,0.957292458297738,0.15694742331113223,0.26071657893886346,0.15072091764026255
7,500,1000,0.09910005195977298,0.0855149010646387,0.06403147445437996,-2063.171721325202,0.10574044239295745,0.9699695224797924,0.10410316713018684,0.08275759921626331,0.054426677163362275
3,500,2500,0.32959231533909245,0.3110832012038827,0.3293131751271408,-4275.065212501992,0.311417868709504,0.9971057827939334,0.3296238880616497,0.31060299199962355,0.32960216318969987
5,500,2500,0.16294113669648844,0.15594617653416937,0.1569184657608631,-4561.016417165645,0.16033443615802354,1.048898181025796,0.16307583603304135,0.15512400403557658,0.15314617651884577
7,500,2500,0.02760657637320234,0.004304250166626116,0.026906761322193728,-4645.724928180758,0.003674778335681367,1.0056935990892841,0.02762469948085555,0.003362061566793818,0.0249896888438505
3,500,5000,0.2206744995833259,0.22687919138759244,0.2197182647838495,-8076.69620537507,0.22679947303188946,1.0108056077047753,0.220793310546671,0.22612612986616967,0.21727278566910446
5,500,5000,0.11653576018172089,0.20912769843951756,0.11163672102891214,-8477.381602257214,0.2100239636659835,1.0423892608051861,0.11382382383371893,0.20932174224420086,0.10990650488572114
7,500,5000,0.03607743973931559,0.07282116539876497,0.03417915174842023,-8535.698756229664,0.07266400889204579,1.0457971199514908,0.033944151624936206,0.07213166934891778,0.033878833687485184
3,5,1000,0.012994581934343583,0.033275791372677756,0.00835479973979999,-1413.5601282791504,0.03485160038905815,0.9582966225596449,0.008620425801863068,0.034043244370325736,0.004025447623749038
5,5,1000,0.010255850959849506,0.07902791612964848,0.00930744538920056,-1433.4407128474222,0.07969635900794242,0.9389105526250655,0.011162394227100827,0.07734807609408835,0.000703914997480155
7,5,1000,0.00204939860054862,0.021388291909775488,0.0032496299484940203,-1381.0576196109237,0.023081089002492037,0.9568573192869897,0.0018698060603601766,0.021032762648802647,0.00023243256018760862
3,5,2500,0.018626822333247136,0.060198213627123735,0.01783068610754147,-3480.278665951592,0.058372621692615215,0.9542040722811018,0.020926288136671942,0.057779828419716975,0.012082210612583815
5,5,2500,0.006362652380290983,-5.24537798259189e-05,0.002945853047071987,-3414.2394784419002,-0.0007846034777381646,1.0088258732441486,0.002884572363998138,0.0011870917775784618,0.0004866961269960734
7,5,2500,0.0077465035848759325,0.039119662042358685,0.005554589552096797,-3458.15800385002,0.04005235959374131,1.0147208241217196,0.003961215186426559,0.03907841590006301,0.000726540421570452
3,5,5000,0.01108244402752671,-5.312268120906083e-05,0.004810854976971238,-6883.6860230897255,-0.004608232365566437,1.0409426450689692,0.00565301641841728,-0.0032486398875451413,0.0045376650028635095
5,5,5000,0.005570564296242697,0.04708875214416912,0.0061377985541723815,-6980.640177597175,0.04625647382107673,1.0215953091183445,0.007140783339012133,0.045933606879533184,0.0048428756004906155
7,5,5000,0.00026680305505772967,0.028311674798222157,0.0003511335168493643,-6920.41093061116,0.028007719122751767,1.0471748439848416,0.000233548292587772,0.027105585052820607,0.00015502401348463154
3,50,1000,0.12498366588169409,0.0880880933365454,0.12466549066313609,-1523.679012369776,0.09158431197962068,0.9440874348802313,0.1251537988592727,0.08645221932281788,0.12271493468097713
5,50,1000,0.18515776051921565,0.0592471648403673,0.18130518428015888,-1560.5450947466138,0.06070593343559199,0.902311557554485,0.18420302906831412,0.05881980446191483,0.17913976792378972
7,50,1000,0.08158904812873878,0.0011584761423439431,0.07885871402531713,-1564.8874053526638,0.0016827658272204643,1.0031676109829049,0.08199582483133971,-3.336773193859699e-05,0.054656132929623076
3,50,2500,0.08301108041495943,0.10075430696236308,0.08419673474862928,-3662.9506112413997,0.09985752824110605,1.028242479301045,0.08336498755073961,0.09959751560530312,0.0807197869615863
5,50,2500,0.02422871227733451,0.019196608225175806,0.025617849048283466,-3601.9064418038306,0.019979287398232192,1.0295724093497725,0.02366474470733268,0.018252238430058968,0.023048702403157435
7,50,2500,0.014593359179827996,0.0037915819136873324,0.015242908126881383,-3738.651143365757,0.0035132893864807556,0.9804029023210591,0.015615053398761432,0.00245654763960265,0.008763537363251384
3,50,5000,0.05466229730076189,0.08758407451963958,0.05191735622975066,-7177.389516998579,0.08831523748657928,1.0645740228421892,0.051810454969559064,0.08743060634163521,0.04920224027192243
5,50,5000,0.04494639289639334,0.08505934131465946,0.04154256969782056,-7214.222942682572,0.08502065592190375,1.0315911710776753,0.04534396563534236,0.08356571900609651,0.03538326178114131
7,50,5000,0.0045115031705895235,0.05860008071258544,0.0027975382297765997,-7197.818877527094,0.05881012507543492,1.0498407876953901,0.004638343168888126,0.05771242361642744,0.0005242170168921658
3,500,1000,0.5349010294110276,0.4978198915615835,0.5110578253488293,-1922.4714388378986,0.5075073374897526,1.044567837242969,0.5337803169362679,0.49702322142542177,0.5037051248198384
5,500,1000,0.2872497893668346,0.3911615192532786,0.2543262342894366,-2067.508361187628,0.40648603413466367,0.9753496186170635,0.26428638888177397,0.4013441243843638,0.25006986411605986
7,500,1000,0.14041407083991386,0.16517116004184368,0.13544389758212808,-2110.612465597961,0.16550989105949201,1.026841279347878,0.14371266250836287,0.162994051265224,0.13153415916838065
3,500,2500,0.3286370137670892,0.37538029707484294,0.3313328903657983,-4421.302295023015,0.375357508923004,1.0369093855510554,0.3288012101119905,0.3745394912982245,0.3248682369264455
5,500,2500,0.22931674212698627,0.15952009535850065,0.2244820345614551,-4634.905216247833,0.16141910463971834,1.007075941591289,0.23076938003722758,0.15820641298198607,0.22106065669822242
7,500,2500,0.07164422205968793,0.02105016113926249,0.06051155777636499,-4669.8052884670615,0.02379551340284288,1.0227907935057226,0.07161244794084361,0.02046578329588574,0.058995669786909524
3,500,5000,0.21829472999582963,0.21836033347853828,0.217779526052078,-8038.956069724794,0.21784481181590928,1.0288051184832796,0.21862731352896353,0.21757350352907925,0.21734923254145627
5,500,5000,0.12333424781906267,0.14929837635601725,0.12234218862195372,-8379.207316652712,0.14886955711741176,1.020670077572099,0.12313283040328192,0.14866228499476164,0.12229307367889776
7,500,5000,0.05017563627606777,0.05049206073308105,0.04965081710541896,-8516.10812742907,0.04990138051417652,1.0371360233100309,0.051170345785761906,0.049205047522630954,0.04955489316381654
3,5,1000,0.07334444223111981,-0.0008211943920289287,0.02174810293483621,-1374.9690679023397,-0.0645375700905796,0.9432340926865388,0.022750739453222913,-0.06342314993881677,0.017155628411619557
5,5,1000,0.03976150173307213,0.10676249036721515,0.0056099376755908755,-1439.4557717660919,0.12132181364048279,1.0194380603417772,0.042556715307747905,0.10505340883401687,0.0025059555887223975
7,5,1000,0.06873985698918873,-0.00046298446340097146,0.023135453389954357,-1425.540131123504,-0.027060964160460117,1.0006135017718198,0.02451504257011682,-0.02537861481596724,0.006877903102575862
3,5,2500,0.016734466972468567,0.03940002824267194,0.01607863006318654,-3472.0542806572216,0.03905525980856473,1.012354676249743,0.016244119370178025,0.03835663081863386,0.01435306542634827
5,5,2500,0.03580359312028146,-0.00044310084545031716,0.00810071101128936,-3444.5291621987035,-0.018827195437855153,1.0734883240117814,0.009036029874575455,-0.01615665624441881,0.006442043685039383
7,5,2500,0.044072153552644024,0.06861969078899438,0.023916966818951935,-3536.6059324541625,0.074733905010741,1.026735351157864,0.04392552343431559,0.06782682322652726,0.020756857274787065
3,5,5000,0.01367172838596908,-4.698185313027352e-05,0.005739067235892425,-6913.188907152851,-0.0065072644962541745,1.0021057420766022,0.005504285125637644,-0.004865710773157844,0.005342311210982511
5,5,5000,0.002648901428656445,0.024106254170097055,0.0023974631260988448,-6976.350283521286,0.024057553504582028,1.0478389914618662,0.003690023627662498,0.02318115055877606,0.001966650541156775
7,5,5000,0.02316718716546626,-0.0002148088859697964,0.004028363493464432,-6840.0390813931945,-0.017797119954016307,1.0290734414490759,0.004417702223158244,-0.015830482551506975,0.002402145783709962
3,50,1000,0.11943398038287424,0.08936887814680995,0.10914345258045391,-1521.5207158470994,0.09227255997399016,1.0087896874713078,0.11915246618285427,0.08671809100384553,0.09809493399869847
5,50,1000,0.09255595742854245,0.011454222703707273,0.0847137688343157,-1572.886668988173,0.013289420206122487,1.0359329014177205,0.09289050404406801,0.010921697636151749,0.08566770045569508
7,50,1000,0.09972578002825168,-0.001213174562580889,0.041242401613366085,-1599.3783391611523,-0.06078679279759331,0.97268182746936,0.0456908927555925,-0.0609917802648049,0.03347565540603821
3,50,2500,0.07157106982805043,0.047521355222894086,0.06616982593706519,-3588.935538099917,0.04982990492787358,0.9935571297492807,0.07166734032869872,0.046408712760505844,0.06414279828756068
5,50,2500,0.03162465376938141,0.003320129187382736,0.029935281610302043,-3672.3501474399427,0.0027135521929147217,1.066252324649238,0.0315902205914207,0.0016526470125621927,0.028536677863748975
7,50,2500,0.02264077345933212,-5.856470189519314e-05,0.022883840001028118,-3671.714769667454,-0.004258801016168036,1.0544361703369425,0.022391571954943606,-0.00139208835382924,0.022384885824796977
3,50,5000,0.04225224677009008,0.04975620730855262,0.035025247504797935,-7030.758967802528,0.051751210492965036,1.0712559828315753,0.035672992128803434,0.05116639862144548,0.03464578231534786
5,50,5000,0.03250331871474503,-8.614835863954795e-06,0.02771908013752384,-7046.823303802203,-0.0015183673198853284,1.0387272955810611,0.02727626451873704,0.0010008261156386651,0.026743115909306465
7,50,5000,0.017004376842204696,-0.00017400976116841775,0.00972308376779296,-7032.012286387766,-0.017453650615651715,1.0732140687891414,0.010823574596685663,-0.013647974485166924,0.008091435766304791
3,500,1000,0.48486522466297216,0.45688535894212373,0.4854801844969258,-1912.3852154016113,0.4578927994116666,0.9142997706722342,0.4847608544850742,0.4564565321990217,0.4857416508499353
5,500,1000,0.1837089411336685,0.2661779800636998,0.18042896884692614,-2046.886232961346,0.26777385425535477,0.9811785609814296,0.18522218323983747,0.2655533920407079,0.17699308290989627
7,500,1000,0.14812553128748598,0.07191717255000549,0.1524506848405708,-2064.8226931685704,0.07367847650304725,0.9589665182376188,0.14852935698845704,0.07162738898418479,0.15105002073430954
3,500,2500,0.31441396491117174,0.3662322909763678,0.31122229435083304,-4398.38508162845,0.3678753561728139,1.0255437415298043,0.3117453779657634,0.3665389420121071,0.31029427786910496
5,500,2500,0.19796617397201585,0.24049658936837404,0.1926519569027899,-4657.749389518733,0.24193172369293697,1.0202620434043472,0.1953205863539857,0.2403035846780176,0.1905110928111644
7,500,2500,0.07071034177897827,0.06133879231845767,0.05896246055518295,-4676.528746511095,0.06592710595197496,1.0508413568144095,0.06539178282813654,0.06188534776443721,0.05819413862055665
3,500,5000,0.23320262901972716,0.2283546443400779,0.23322747675500347,-8061.437435669963,0.22831779145944112,0.9794794194468818,0.23292677100361284,0.22777563344634164,0.23272043133117337
5,500,5000,0.14875534557035183,0.13368249258559445,0.14352209213677442,-8322.652886487887,0.13655156328741724,0.9997492285154531,0.14971587274742015,0.132671057460711,0.14293721642432541
7,500,5000,0.05320157799561209,0.04203807171383432,0.050067709324757015,-8499.02226938113,0.04273565045597261,1.0098531093113452,0.05483703568961078,0.040803651316163814,0.04922462680590041
3,5,1000,0.024143476010288163,0.026567427548613978,0.03336911335963124,-1396.411460561926,0.027640795650859216,0.8855434417281683,0.02351497275257862,0.025430959888571122,0.031710189026557964
5,5,1000,0.0829472758397303,0.10119265208677962,0.06021519015381294,-1452.1637429423574,0.11439684650314802,1.0052701037429237,0.09008737609219873,0.09780239430237407,0.040628533139617604
7,5,1000,0.04630743352453118,-0.0004459616415870187,0.0030616273619300705,-1364.131906548559,-0.04614999137474149,1.0118187868218975,0.005810397551859884,-0.04428711817834619,1.4685114984416265e-05
3,5,2500,0.011249290409862061,0.008879767584675938,0.011046175788238162,-3426.013360433104,0.007749518146565606,0.98765356524181,0.010936411843910624,0.007358044908041483,0.011011355052835538
5,5,2500,0.02982617271676918,-0.00013714198471134295,0.020033034269709583,-3458.803498700821,-0.00823916212811655,1.075028878619628,0.02108921489501223,-0.004686408012211541,0.008351252980241575
7,5,2500,0.0015218531892729915,0.02192143193037118,0.0008135841284177028,-3487.853022343834,0.02118578419452733,1.0560435449104706,0.001260974388909451,0.020452207622785865,4.091618468109578e-06
3,5,5000,0.005950508459676888,0.04764289848116459,0.00660263698261215,-6992.829625553577,0.04705124945069019,1.0219720046696474,0.0072418977509862885,0.04597879308323445,0.005047087919925923
5,5,5000,0.0015729952405282891,0.005807023890992423,0.004238658746369711,-6868.943967385432,0.006978177609731575,1.0388531511485082,0.0016037408197831044,0.005139112386645502,0.0018872690053734907
7,5,5000,0.0016107096105317136,0.014433934739110919,0.000204447875020576,-6883.903804235539,0.013942678081027952,1.0328863672965911,0.00010981086774058646,0.013729555524972238,7.799854789033553e-05
3,50,1000,0.15006094942203524,0.044610045880719325,0.11895903160337595,-1492.1117050573694,0.04967762785464151,1.021718674156767,0.11697978439537225,0.0471459906967666,0.11185600388460776
5,50,1000,0.0823527592672694,0.13028245370842637,0.08270807817361096,-1586.024373571856,0.12913987670525104,1.0284784963101137,0.08607689137368567,0.12801997888597247,0.07775274109131489
7,50,1000,0.024669755014712778,-0.000302743012506653,0.006661737718520288,-1541.7576844145976,-0.022351682799570425,0.9726276618503448,0.007032937492888267,-0.02262432473776653,0.001781970249623261
3,50,2500,0.06254548195618705,0.05469722054948416,0.061239420972324786,-3598.8442926495627,0.054250030303782656,1.03757901949549,0.06195776665169632,0.053355787972092186,0.06098706885953977
5,50,2500,0.06371889572823025,0.007734715062757095,0.051202696883159,-3592.6117748754114,0.00833641765740922,1.061708574996613,0.06597447322072439,0.0063141864425932,0.04860291239994003
7,50,2500,0.006512777383681696,0.01439505158088341,0.0022804865310489617,-3648.8869502771313,0.014940014282455923,1.060549684641904,0.0024888835607098014,0.014510495795162387,0.0010557013068759067
3,50,5000,0.04962232660548928,-5.064798868443177e-06,0.041814423314418876,-7024.176888199096,0.0014267399706748619,1.0402685786804349,0.04250127365980533,-3.4568326697990416e-05,0.04100258684215572
5,50,5000,0.03896472162164884,-5.5294173841139125e-05,0.037687394198357774,-7082.264693383299,-0.005501491885001633,1.0278689903883158,0.037563174122249174,-0.00323908266434355,0.03328407223945568
7,50,5000,0.024239090900876153,0.022386251167847513,0.022365752689563836,-7123.963469801709,0.022832829338108786,1.0419269975620733,0.02326534669417834,0.02173328857079832,0.02178362353565278
3,500,1000,0.40550429171769736,0.48837272407043203,0.4005835798247641,-1919.835566803261,0.49142238893604734,1.0482506357281078,0.40399172900604363,0.4871781973299228,0.3741358040874996
5,500,1000,0.320232046741472,0.2598868254541142,0.3189667536101152,-2056.4011713430846,0.26198393165561334,1.0190397781315939,0.3195715503470385,0.25904022201819205,0.310863806511245
7,500,1000,0.1346103239916015,0.0657602560248904,0.13798910729731909,-2079.425816394277,0.07984984640903371,1.0236147891520146,0.13611681363809155,0.07721613408537133,0.13328184269967658
3,500,2500,0.36288149574574124,0.37822315615904134,0.34841309249438157,-4358.845415322061,0.38357827297163966,1.0308538459173924,0.3641605442746493,0.37689982209794015,0.3456493282083996
5,500,2500,0.19713523263517355,0.21655819469159707,0.18439989279414165,-4659.452756597879,0.22135017151367684,1.0521329027574742,0.186080808454223,0.22065001020102773,0.18357310708774374
7,500,2500,0.05169361731258771,0.007216490728291501,0.04230963394202329,-4691.0755544379845,0.011503488559400466,1.0419326658563244,0.054123635811396356,0.004724349533797613,0.03282753428227063
3,500,5000,0.23123222197885313,0.2226101649412449,0.23025811395532383,-8013.263977747546,0.22254834861282233,1.0268841870506191,0.2310989579779306,0.22177175866748894,0.23001167236924866
5,500,5000,0.0980168917282998,0.1305669249715138,0.09941421946013985,-8387.45098871597,0.1303567003816228,1.037779524327844,0.09771324866309616,0.12936781603393083,0.09987019023876399
7,500,5000,0.01981628367340832,0.0028713400575426933,0.015376761225086698,-8433.851699725776,0.0044307209538384995,1.0597889465865031,0.01964156614774249,0.0017425697006452539,0.015485537144069693
