mu,k,SURE_2step_MSE,SURE_2step_LOSS,SURE_both_MSE,SURE_both_LOSS,SURE_theta_MSE,SURE_theta_LOSS,SURE_pi_MSE,SURE_pi_LOSS,SURE_sparse_MSE,SURE_sparse_LOSS,NPMLE_MSE,NPMLE_LOSS,SURE_NPMLEinit_OBJ_LOSS,SURE_OBJ_LOSS,SURE_NPMLEinit_MSE,SURE_NPMLEinit_LOSS,BAYES_MSE
3,5,0.03676838,-0.001496867,0.036249691,-0.00071081,0.040478885,-0.000226001,0.035371939,-0.000328249,0.033400499,-0.00237147,0.024243337,-1373.688867,-0.027947109,0.928867088,0.021218156,-0.023904399,0.019439529
5,5,0.045223106,-0.00220015,0.032366578,-0.000396089,0.063066502,0.042550694,0.030040821,-0.00014072,0.114220278,0.074309361,0.019384901,-1402.218228,-0.007285603,1.075874525,0.019479802,0.001015691,0.017420877
7,5,0.008668378,0.070859779,0.008616427,0.070907906,0.042035154,0.096582242,0.008518765,0.071571293,0.010615953,0.073786964,0.000472349,-1446.326138,0.076505005,1.038398263,0.008645425,0.070842671,7.48E-05
3,5,0.027250897,0.113517313,0.026942217,0.113739754,0.156574374,0.191777545,0.030676082,0.114927397,0.023334905,0.140552349,0.015771149,-1428.340994,0.120367986,1.004029959,0.027233108,0.113497732,0.013216495
5,5,0.010033298,0.006398262,0.01011443,0.006389439,0.059998843,0.051502386,0.010503834,0.007190324,0.140272778,0.091532158,0.017304866,-1420.895338,0.010467318,1.001410914,0.010057795,0.006351716,0.012543501
7,5,0.012288287,0.066309869,0.012221169,0.066342671,0.033995125,0.121032879,0.011829627,0.067248731,0.13891006,0.159026474,0.013802647,-1457.663741,0.067524353,1.017872654,0.012261101,0.066262813,7.68E-05
3,5,0.052531437,-0.006693828,0.060032006,-0.002134402,0.057364423,-0.001568694,0.06526403,-0.001434492,0.072829285,-0.016267133,0.029885943,-1385.414394,-0.072974281,0.86334199,0.036350927,-0.071998082,0.018274752
5,5,0.04286173,-0.000732602,0.03022159,-0.000287551,0.104352735,0.034336892,0.022281121,-0.000197566,0.062205231,0.069573862,0.005213745,-1375.530614,-0.018679457,1.038708014,0.010991672,-0.01634696,0.008981705
7,5,0.027350671,-0.000469732,0.032228032,-0.000234923,0.020594648,0.053178377,0.042043042,-0.000195646,0.093788629,0.033988173,0.048698699,-1385.057871,-0.019530374,0.970420679,0.051469291,-0.015830226,0.043111887
3,5,0.048257386,0.130598519,0.048727808,0.131071117,0.097678806,0.156269776,0.049140712,0.131477854,0.046436584,0.131692174,0.042734427,-1436.803108,0.133921149,1.029656039,0.048869285,0.130998144,0.035154727
5,5,0.064557613,0.078071108,0.084418443,0.076229831,0.122968954,0.141534529,0.079436011,0.077660238,0.101360798,0.171917904,0.059315987,-1454.735278,0.081406981,1.094597562,0.084726791,0.076039168,0.022431863
7,5,0.066959498,-0.003678776,0.052041121,-0.001577566,0.065612959,-0.001152446,0.048834069,-0.000719396,0.05165243,-0.003379842,0.004054606,-1422.79749,-0.05557667,1.008388368,0.009687426,-0.050447002,0.000303735
3,5,0.1177681,-0.000969342,0.064545219,-0.001626848,0.122495736,0.003487669,0.057888692,-0.000586264,0.043376997,0.004550299,0.028186471,-1381.515931,-0.042522273,0.980166928,0.028808303,-0.041261823,0.020003778
5,5,0.021887034,0.01996631,0.021749011,0.020053911,0.076824742,0.071886357,0.019818915,0.020895597,0.117747086,0.105744966,0.012364428,-1431.067339,0.022085756,1.012830294,0.021555115,0.019935771,0.007731211
7,5,0.001226688,0.006772062,0.000276486,0.00715974,0.074022012,0.056725411,0.000621187,0.007750355,0.180941156,0.200362209,0.000914677,-1412.753259,0.00850009,0.999999805,0.001175964,0.006744246,3.04E-05
3,5,0.05718782,-0.00262105,0.04422812,-0.000444441,0.065165228,0.019846023,0.04473059,-0.000173719,0.04750865,0.022711158,0.036242725,-1391.704954,-0.012182884,1.026591177,0.03807293,-0.00882591,0.02739109
5,5,0.066006628,0.043318163,0.065797032,0.043546293,0.107168948,0.06982221,0.066238422,0.044551969,0.09273675,0.12212328,0.06056907,-1440.736956,0.047610622,1.004170385,0.061033416,0.045542948,0.054276166
7,5,0.034407952,-0.000494394,0.027409781,-0.000271809,0.067845673,0.034720496,0.026672679,-0.000110596,0.035827842,-0.000369606,0.009498748,-1421.899049,-0.013612367,1.005309774,0.011998294,-0.003704185,8.36E-05
3,5,0.029328973,0.088669144,0.028228066,0.08803781,0.052530621,0.108189713,0.025867577,0.089238983,0.030491858,0.100299031,0.021447312,-1425.039185,0.092585674,0.966633833,0.028260938,0.087982432,0.01971765
5,5,0.07837246,0.10178256,0.078155065,0.102281683,0.187276107,0.143591909,0.077591452,0.102896799,0.139833803,0.192988833,0.053673043,-1449.730798,0.109514694,1.028764196,0.078282849,0.101743447,0.048147366
7,5,0.076100385,-0.002236026,0.063827994,-0.001998734,0.079511422,-0.000233165,0.062663895,-0.000992164,0.084538356,0.022545439,0.006731612,-1396.299314,-0.057254701,0.962537836,0.00382907,-0.055976994,0.001679847
3,5,0.015716345,0.07660635,0.0157995,0.07664175,0.043042124,0.099209798,0.015536567,0.077011053,0.033689275,0.100842284,0.01356412,-1412.850103,0.077939532,0.983180065,0.015674422,0.076578972,0.012105614
5,5,0.045359053,0.0366157,0.044637856,0.036898129,0.043345304,0.07045295,0.044700047,0.03733003,0.109253847,0.075061959,0.04109427,-1408.444551,0.037197015,0.993016576,0.045362828,0.036570127,0.038208118
7,5,0.001409095,0.0537037,0.001502782,0.053842939,0.018791799,0.100097629,0.00172969,0.054560849,0.168025069,0.212273388,0.003257349,-1429.775152,0.054472946,1.005731087,0.00159649,0.053651746,1.27E-05
3,5,0.065042545,0.028595959,0.056659137,0.023359987,0.064974369,0.049718707,0.055360039,0.024310249,0.059920778,0.040829894,0.053281186,-1394.345898,0.025482608,0.955950252,0.056603664,0.023253337,0.043127619
5,5,0.019515027,-0.000121419,0.015012918,-0.00012065,0.067104422,0.039110804,0.012558087,-2.75E-05,0.096290353,0.129086352,0.009525638,-1428.715738,-0.005841534,1.026251583,0.01096637,-0.003737,0.003180991
7,5,0.047410722,0.111685813,0.047292908,0.111775767,0.122179054,0.174205397,0.050825662,0.112658775,0.200746544,0.307989995,0.009059632,-1463.548895,0.134713828,1.037661203,0.047371071,0.111650589,0.001057989
3,5,0.13410144,-0.001398048,0.061282855,-0.000370833,0.131151633,-2.83E-05,0.049130026,-0.000219996,0.034399372,-1.57E-05,0.022567066,-1370.122848,-0.02150529,1.007449757,0.02242021,-0.016297008,0.022641073
5,5,0.048944289,-0.001384806,0.039847348,-0.000378514,0.068571432,0.024812444,0.041859856,-0.00018734,0.12161504,0.105565608,0.028034111,-1408.754338,-0.023526637,1.035358812,0.028048928,-0.015017317,0.025661558
7,5,0.034857249,-0.001962906,0.014330973,-0.000435143,0.049715584,0.00668159,0.013309841,-0.000155556,0.015262576,-0.001088921,0.001209358,-1396.433401,-0.020583471,1.008828733,0.000498403,-0.012101829,3.40E-06
3,5,0.038301854,-0.003351328,0.04109981,-0.000444706,0.039933946,0.001752772,0.039348545,-0.000193909,0.046380379,-0.001274577,0.027332999,-1371.768972,-0.025865475,0.941127228,0.029198249,-0.021543643,0.026409201
5,5,0.000919109,-0.000287734,0.00410978,-0.000188139,0.016492602,0.055503682,0.005047709,-6.89E-05,0.044693059,0.029089803,0.000251863,-1393.565137,-0.009943408,1.018934864,0.001576331,-0.003475042,3.75E-05
7,5,0.042437006,-0.001140109,0.016348076,-0.000207226,0.066078623,0.02914187,0.014305802,-0.000122027,0.090033253,0.100626282,0.000918359,-1386.778134,-0.009059943,1.066418361,0.003595971,-0.000416485,1.76E-05
3,5,0.062140802,0.039068653,0.062031734,0.039279312,0.148670553,0.072701205,0.060218114,0.039992457,0.049782638,0.053723018,0.042222427,-1410.47068,0.045354128,0.996395254,0.04457874,0.042873838,0.037214584
5,5,0.033777111,0.000546246,0.03359288,0.00059833,0.096330574,0.070955939,0.033358933,0.000831307,0.132345138,0.085495344,0.037188607,-1418.97369,0.005544173,0.986573076,0.033727219,0.000494544,0.0372421
7,5,0.049062958,-0.003325417,0.042671549,-0.000668507,0.065934298,0.008428896,0.039904837,-0.000464801,0.020759727,-0.002399036,0.001066561,-1408.315371,-0.030817683,1.056289146,0.002808738,-0.020605977,0.000320531
3,5,0.037410868,-0.000496613,0.025157457,-0.000268909,0.107744598,0.055856255,0.024904615,-0.000133434,0.036984319,0.019235998,0.018760143,-1373.474698,-0.012400052,0.932553291,0.025097514,-0.013105009,0.017089586
5,5,0.047267159,-4.95E-05,0.03647872,-0.00035312,0.126789212,0.034235076,0.03088627,-0.000156866,0.067269926,0.040877431,0.025184005,-1395.209595,-0.01762006,0.978990893,0.025519595,-0.011447089,0.01406447
7,5,0.013137805,-0.000659549,0.028529606,-0.000539676,0.043014083,0.037764237,0.035831627,-0.000187287,0.089570037,0.037117693,0.030831747,-1420.422808,-0.003658706,0.967133808,0.037245719,-0.000111388,0.002933988
3,5,0.02654321,0.013933229,0.02658732,0.013956644,0.03288166,0.03747469,0.026301782,0.014490876,0.026647178,0.013920422,0.025991754,-1399.305079,0.014075957,0.942271209,0.026571728,0.013911286,0.019279494
5,5,0.00663086,0.022794876,0.004562116,0.022303725,0.077701801,0.094129848,0.005009215,0.022860673,0.094451985,0.114288978,0.001656517,-1412.845866,0.026302062,1.06874063,0.004633174,0.022171157,0.00041376
7,5,0.03081695,0.089614521,0.029144115,0.089739411,0.143930204,0.120191866,0.033338924,0.090532526,0.01021172,0.093485907,0.003604837,-1439.439724,0.104948193,1.059189905,0.007888078,0.093068312,0.000322002
3,5,0.024512189,0.016423028,0.024501281,0.01670468,0.033732778,0.062867822,0.025689085,0.017394076,0.054513708,0.040444706,0.019899909,-1418.290205,0.019320976,0.99493133,0.024875001,0.016354748,0.021781286
5,5,0.036619727,0.072756814,0.036644117,0.072796106,0.133472457,0.141839993,0.035376164,0.073972675,0.112531267,0.13847017,0.03614472,-1436.629772,0.073884323,0.987401211,0.036556893,0.072702894,0.02734566
7,5,0.060010845,-9.13E-05,0.040307387,-2.46E-05,0.082637652,0.025245183,0.04901805,-1.95E-05,0.092224865,0.059697924,0.008794474,-1410.795185,0.014256837,1.020720671,0.041417304,-0.000993886,0.001887051
3,50,0.135063231,0.131823976,0.135042264,0.131865738,0.169206823,0.162641718,0.135117072,0.132272509,0.22370244,0.223045663,0.131682043,-1511.655957,0.136223473,1.045401995,0.135039142,0.131793791,0.130983948
5,50,0.164314466,-0.00089792,0.122245984,-0.000578213,0.275636862,0.066963396,0.112401872,-0.000296699,0.090464059,-0.000530971,0.09168216,-1508.864076,-0.025368191,1.083872326,0.092751071,-0.012325699,0.084230941
7,50,0.01455871,0.011616601,0.014930561,0.011934572,0.060952587,0.050694435,0.013524878,0.013056946,0.011122031,0.014527856,0.016203525,-1582.665654,0.014834032,1.039883627,0.014594241,0.011586444,0.008307134
3,50,0.176739763,0.118150384,0.175532264,0.11744196,0.200495563,0.130758827,0.171419892,0.119190262,0.247282066,0.207196213,0.169955526,-1533.530148,0.119685733,1.012465972,0.171838124,0.118322312,0.162341447
5,50,0.195629471,0.041592643,0.194062839,0.040787294,0.312286739,0.080476798,0.197178234,0.041520893,0.662682751,0.655735611,0.07737735,-1538.27551,0.072037669,0.949002452,0.194003018,0.040754149,0.083110612
7,50,0.053629203,0.048473489,0.053480349,0.048420992,0.142467039,0.112397649,0.05213864,0.049997721,0.053186326,0.048585294,0.051139096,-1611.658657,0.049222679,1.044779889,0.053477088,0.048372548,0.047255107
3,50,0.141117602,0.039142341,0.14183258,0.039284669,0.160137558,0.091853424,0.14057623,0.039789276,0.204759644,0.121404177,0.123702373,-1486.18333,0.051652407,0.985208928,0.140391853,0.039104931,0.125178298
5,50,0.064348536,0.160437491,0.064331189,0.160439615,0.136956314,0.226881976,0.063696473,0.161170178,0.862903526,0.95874079,0.058934929,-1636.448125,0.163724396,1.015218555,0.064317609,0.160350654,0.057592526
7,50,0.062039348,-0.003480302,0.068374848,-0.002297244,0.068419753,-0.000468935,0.06341942,-0.001354768,0.049895259,-0.013206666,0.005174421,-1562.972269,-0.082597992,0.953107313,0.01342172,-0.079715692,0.001103902
3,50,0.196345644,0.073022849,0.196199285,0.073158877,0.273516874,0.134787989,0.195544774,0.074370941,0.242375597,0.174106426,0.180759674,-1512.984927,0.078595786,1.035025171,0.194574577,0.073024759,0.174858481
5,50,0.090220579,0.124385383,0.090072957,0.124550872,0.186256492,0.187228399,0.089610098,0.125405061,0.596221408,0.634786121,0.084463992,-1556.14169,0.126603004,1.021395833,0.085180487,0.126224748,0.084069708
7,50,0.004592907,0.009928029,0.004497011,0.009962281,0.055265163,0.084910292,0.002546752,0.010771328,0.002699287,0.01033541,0.00113081,-1585.875365,0.017881563,0.944308405,0.001999362,0.009892454,0.00074179
3,50,0.158185403,0.1235735,0.15772077,0.123538932,0.18180668,0.165751528,0.156062397,0.124348706,0.264755641,0.222577061,0.159401078,-1549.446127,0.128609042,1.035284367,0.157425973,0.123459535,0.151892983
5,50,0.133048163,-0.001130499,0.120840968,-0.000324738,0.170659045,0.060207477,0.114510496,-0.000203901,0.097859496,-0.000449212,0.092452392,-1554.680218,-0.01189443,1.017052982,0.11206789,-0.014019135,0.08291427
7,50,0.001395408,0.008814327,0.001180058,0.008821984,0.039762173,0.08404017,0.001092295,0.009108868,0.001532146,0.008968081,0.002406449,-1595.590527,0.011031454,1.020951062,0.001391721,0.008760953,0.000684525
3,50,0.178085911,0.110210609,0.177725195,0.110316605,0.226133387,0.148533336,0.176058082,0.111242368,0.198031991,0.23252073,0.138639355,-1494.676963,0.130560618,1.052603875,0.177085559,0.110206799,0.133389498
5,50,0.190926648,0.119272888,0.190207837,0.119290722,0.255781611,0.212318326,0.189728922,0.119923799,0.82709511,0.774967942,0.16220357,-1596.971779,0.14042116,1.069827336,0.169820657,0.127225684,0.164172672
7,50,0.059090629,0.173777414,0.057862549,0.173565916,0.156005763,0.216741646,0.056637772,0.174537489,0.078093902,0.179626552,0.034746497,-1612.812345,0.186157331,1.042184722,0.058256537,0.173503177,0.030106694
3,50,0.214514944,0.106669061,0.214193267,0.106815096,0.298334682,0.170883984,0.214804101,0.107971356,0.226831363,0.228706551,0.205792542,-1507.272619,0.112472114,1.084341424,0.21427927,0.106634428,0.165214521
5,50,0.093177081,0.133582112,0.09250981,0.134116949,0.255076921,0.215840987,0.090713019,0.135121224,0.061956588,0.1548148,0.066982915,-1588.209335,0.153336097,1.094913814,0.093075147,0.133459931,0.054286781
7,50,0.058600746,0.078940707,0.057697598,0.079111754,0.097858291,0.146164896,0.056738689,0.080452808,0.052346835,0.082079882,0.04731572,-1581.738681,0.084921321,1.012258516,0.051996012,0.082523466,0.044508631
3,50,0.209446667,0.146534808,0.208797118,0.147116647,0.269846071,0.194975044,0.206765568,0.14734342,0.224041151,0.272569278,0.162317196,-1522.657325,0.167783444,1.058884223,0.209074221,0.146386676,0.129375381
5,50,0.145604521,0.108153625,0.145175552,0.108401936,0.238190904,0.180252457,0.144491205,0.109441279,0.415344153,0.509216403,0.124982582,-1564.217596,0.124347814,1.00579501,0.144761567,0.108552389,0.109276027
7,50,0.04122543,0.050554783,0.041116728,0.050597748,0.156827727,0.111845367,0.047081448,0.051665982,0.009117803,0.061778391,0.026403848,-1551.92409,0.066700873,1.001226926,0.041331309,0.050503947,0.024811047
3,50,0.165142295,0.079789747,0.163643498,0.080213605,0.215831395,0.127368317,0.165035629,0.080575001,0.269668231,0.214039715,0.162431829,-1525.732972,0.081564424,1.036003823,0.165144094,0.079750084,0.1610916
5,50,0.061327934,0.021270748,0.061135743,0.021246604,0.103652082,0.083554659,0.061099209,0.022019223,0.636182138,0.541109598,0.066153393,-1530.497632,0.024116671,1.025372401,0.06137224,0.021120754,0.059616974
7,50,0.033893078,-0.004427543,0.034635944,-0.001719926,0.037820085,-0.001232237,0.037176716,-0.000708837,0.039822048,-0.005977238,0.002692308,-1570.100158,-0.059636239,0.985221,0.003272887,-0.060844707,0.000114126
3,50,0.117973885,0.120334036,0.117988928,0.120381308,0.125121273,0.14513743,0.118130679,0.12074971,0.204555381,0.203284206,0.116058401,-1502.835962,0.122529389,0.986724119,0.117970546,0.120312125,0.117212887
5,50,0.039378127,0.052748375,0.038754589,0.053157117,0.09706253,0.111168322,0.03899408,0.053449994,0.504442391,0.538832087,0.03955885,-1533.880209,0.055678814,1.030466345,0.039376163,0.052699644,0.03882165
7,50,0.06787508,0.102995852,0.067346802,0.10325518,0.120593879,0.160139311,0.066953926,0.104817503,2.054081446,2.194316899,0.012804262,-1636.911773,0.125630852,1.033821977,0.064659406,0.103807866,0.009362726
3,50,0.122335397,0.156646365,0.122063092,0.157157648,0.146167704,0.175593447,0.119234173,0.158297727,0.19919139,0.210344775,0.118896355,-1517.992494,0.161467233,1.000259616,0.119828122,0.157158265,0.114276543
5,50,0.164075132,0.025601969,0.164048948,0.025596022,0.229350066,0.122315838,0.163338582,0.026306523,0.743077614,0.648945773,0.163392556,-1550.965748,0.026325696,0.980669577,0.164050661,0.02555083,0.160550615
7,50,0.097576093,-0.008126057,0.097243392,-0.004281874,0.106153156,-0.001314074,0.092803505,-0.001913226,0.062962669,-0.034878862,0.003658814,-1550.509647,-0.141635143,1.047434739,0.005699087,-0.130520413,0.002044842
3,50,0.173538822,0.095195657,0.174325715,0.095445059,0.190734551,0.122579972,0.172216871,0.096115711,0.27696582,0.189786269,0.169908975,-1501.64117,0.098773687,0.927314,0.175079311,0.095508052,0.167053654
5,50,0.115485923,0.095932248,0.115931499,0.095860884,0.200291515,0.172106138,0.115804746,0.096647585,0.265127823,0.232870861,0.111794975,-1577.181776,0.09704851,1.060997973,0.115904694,0.095809231,0.112203938
7,50,0.070673552,-0.001036031,0.050912841,-0.000384446,0.15180646,0.055756494,0.046090214,-0.000184818,0.005322371,-1.93E-07,0.016980556,-1573.692866,-0.006694654,1.057858362,0.026974151,-0.00217028,0.006195276
3,50,0.147419121,0.138080925,0.147026693,0.13828152,0.19826067,0.207603369,0.145698391,0.139287039,0.246004667,0.245890452,0.147294733,-1544.246247,0.141481553,1.021954619,0.147415298,0.13803588,0.145116696
5,50,0.150309779,0.132240618,0.150322193,0.132297235,0.21710377,0.207146585,0.150244261,0.132539335,0.824419214,0.7491103,0.147053868,-1590.176048,0.135324234,1.020614388,0.150270343,0.132251914,0.145508956
7,50,0.041987984,-0.002157113,0.037509793,-0.00046661,0.062671774,0.014147836,0.034525377,-0.000184026,0.017679689,-0.000534857,0.010563112,-1589.638068,-0.018112318,1.034948165,0.012073529,-0.00932419,0.000354211
3,50,0.138097786,0.061732996,0.138161542,0.061815457,0.175317275,0.131977968,0.138467263,0.062277811,0.250346285,0.178444213,0.138746759,-1497.088457,0.062927724,1.027882817,0.138082164,0.061669956,0.13614134
5,50,0.053337342,0.00924381,0.053341596,0.00922173,0.152932406,0.084337873,0.052360457,0.010024167,0.719882061,0.759642719,0.042282579,-1560.994048,0.017553113,1.016736241,0.053350631,0.009201272,0.042708924
7,50,0.051359131,-0.00537477,0.050672609,-0.002124978,0.056247763,-0.001072169,0.053099887,-0.000973013,0.03976393,-0.01835088,0.000877054,-1554.045373,-0.094466138,0.959548138,0.000181967,-0.086503753,0.000141766
3,50,0.181204767,0.128659148,0.181153986,0.128786166,0.275869476,0.193468523,0.168555645,0.130560501,0.2177318,0.253239309,0.146242345,-1524.221982,0.135441806,1.063958913,0.168727705,0.12962248,0.13357133
5,50,0.120600506,-0.004743099,0.126910334,-0.000967185,0.128917829,0.017871894,0.129378882,-0.00059355,0.696844545,0.50340881,0.122238778,-1518.930951,-0.042692364,0.955859848,0.124383744,-0.040014899,0.117131026
7,50,0.089026703,-0.005970168,0.088961018,-0.002636732,0.094811402,-0.000944474,0.084228566,-0.001994613,0.071082605,-0.019911592,0.020951629,-1551.904674,-0.111482427,0.993065006,0.02203766,-0.104591901,0.012846558
3,500,0.527843974,0.464062036,0.525356523,0.463877161,0.544212948,0.508858567,0.524529508,0.464511155,0.494240911,0.491902405,0.508656984,-1921.649647,0.469755694,1.06082647,0.525355748,0.463633534,0.471502141
5,500,0.272827176,0.179885131,0.272686299,0.179875621,0.294523738,0.217496988,0.271484798,0.180256551,0.272319849,0.179963026,0.270110321,-2040.815991,0.18475044,1.015179734,0.272805892,0.179823497,0.266426581
7,500,0.066184222,0.063871031,0.064917899,0.064807996,0.088463834,0.087559231,0.065713418,0.065127312,0.065166591,0.064515535,0.069893395,-2097.483976,0.065379043,1.025419058,0.066196255,0.063854204,0.063302539
3,500,0.5249842,0.495063644,0.525000414,0.495226599,0.538837457,0.52580613,0.525417536,0.495266494,0.524455034,0.495736678,0.51050288,-1885.456388,0.50024739,0.985170421,0.525088632,0.495030086,0.506571338
5,500,0.268120431,0.25630744,0.26794809,0.256308556,0.30623364,0.276123587,0.264952644,0.256650382,0.255591777,0.261210753,0.252390186,-2006.57319,0.261344598,1.017800374,0.268038856,0.25624901,0.241996281
7,500,0.010416757,0.068093885,0.009930296,0.068216485,0.030972366,0.109472633,0.010257103,0.068530644,0.010475086,0.068163601,0.021138352,-2075.963357,0.076136083,0.895058814,0.010458382,0.068048858,0.02189713
3,500,0.483647693,0.409465266,0.483537878,0.410478699,0.494898847,0.443827059,0.483540595,0.409931358,0.483580322,0.409704306,0.483421043,-1874.55811,0.410536381,0.957254633,0.483652015,0.409422652,0.483574022
5,500,0.231671966,0.260899959,0.231657021,0.260925723,0.259959534,0.28972363,0.230706425,0.26194696,0.231663423,0.261113028,0.23801429,-2043.34916,0.267397144,1.015794275,0.231605927,0.260888454,0.234017244
7,500,0.096982396,0.065303524,0.096805996,0.065498791,0.147794539,0.088745226,0.097545019,0.066709163,0.084530699,0.077645114,0.103814896,-2094.577988,0.079222926,1.002989989,0.095357327,0.07195867,0.09734205
3,500,0.4761234,0.436381885,0.475698916,0.436721715,0.49060976,0.464632362,0.475785855,0.436796021,0.475994486,0.436587633,0.476714706,-1886.519238,0.438721876,0.975542527,0.476745131,0.436098794,0.474791544
5,500,0.264906031,0.200268232,0.264810314,0.200355323,0.288782158,0.216556889,0.262900316,0.20112822,0.241850848,0.20987317,0.231852536,-2047.491565,0.21326085,1.0059609,0.264762887,0.200235028,0.230041222
7,500,0.114860254,-0.004258094,0.097082127,-0.000588985,0.11954355,0.002668734,0.095763032,-0.000300675,0.084236932,-0.002297027,0.080815574,-2045.354447,-0.021839458,1.030121564,0.082518579,-0.015328825,0.077765458
3,500,0.53841762,0.466359633,0.5415619,0.466474191,0.573455938,0.504372345,0.541305907,0.466709162,0.54128475,0.466508899,0.530557204,-1911.811686,0.46897879,1.038842744,0.538573575,0.466329016,0.530541303
5,500,0.330413371,0.262386107,0.330436312,0.262383636,0.353147817,0.282122126,0.329613048,0.263165032,0.329788697,0.262645721,0.325525759,-2030.878808,0.263902173,1.044492859,0.330404348,0.262359294,0.324141423
7,500,0.101840648,0.02366967,0.101328626,0.022738729,0.107015912,0.058320291,0.101807287,0.024636217,0.10079405,0.032024095,0.071377713,-2072.162227,0.040311989,0.974302109,0.101097058,0.022485141,0.063547471
3,500,0.490794042,0.422988731,0.489879549,0.424114219,0.505066517,0.448125109,0.489253742,0.424674399,0.489033558,0.424427502,0.491418015,-1899.74709,0.425526936,0.97806376,0.490789403,0.422980847,0.48863822
5,500,0.210304991,0.151442425,0.210187422,0.15154335,0.218658844,0.182860116,0.210249706,0.152309811,0.204876672,0.157223982,0.203944567,-2025.722223,0.156706476,0.986348927,0.21024897,0.151412371,0.206066947
7,500,0.158570791,0.043359936,0.158549404,0.043430409,0.180648052,0.070032244,0.158391141,0.04380543,0.159099177,0.043398007,0.164352355,-2091.016352,0.050557812,0.926729714,0.158514873,0.043322971,0.163459915
3,500,0.532725615,0.494587877,0.532469874,0.494718267,0.573868412,0.529221511,0.530197337,0.49564912,0.502361328,0.510318921,0.511926663,-1915.615258,0.502680712,1.03204142,0.531662069,0.494648756,0.49266237
5,500,0.315299969,0.219105817,0.315297766,0.21911411,0.330327011,0.248398691,0.315645141,0.219725578,0.315163259,0.219240985,0.320228085,-2032.710512,0.220327985,0.989703798,0.315249964,0.219067513,0.319719766
7,500,0.078067331,0.030773023,0.078228628,0.030468325,0.093766393,0.066001336,0.077731957,0.031611735,0.091824551,0.041442195,0.068741594,-2072.552589,0.040017641,0.969583888,0.07828736,0.030250395,0.055933039
3,500,0.531062312,0.409088445,0.531112353,0.409128898,0.540389635,0.439000103,0.53149241,0.409337614,0.531140314,0.409174186,0.527580053,-1895.895588,0.415943529,0.955711206,0.531292844,0.408981957,0.529369384
5,500,0.268026404,0.155206612,0.267452696,0.1551653,0.300487953,0.197004912,0.264591928,0.156557605,0.221963609,0.172623873,0.229300244,-2030.345082,0.175138898,1.022829197,0.251794715,0.160225792,0.223290527
7,500,0.033072487,0.053043997,0.033031385,0.053037015,0.043192507,0.085978324,0.032566926,0.053661254,0.032652078,0.053103763,0.027635467,-2090.937442,0.058483889,1.004985234,0.03308173,0.053019388,0.026188122
3,500,0.477299414,0.491010998,0.477164433,0.491187002,0.514791951,0.520654864,0.476385885,0.491730839,0.463574689,0.496825324,0.464709227,-1935.918916,0.499707304,1.037615512,0.468183823,0.494780298,0.45696966
5,500,0.31023893,0.301509683,0.309471434,0.301925797,0.317003961,0.334391444,0.309725518,0.30238955,0.308219868,0.307518115,0.305212236,-2040.551536,0.305745273,0.955876626,0.310151953,0.301472344,0.297840676
7,500,0.143154108,0.013915039,0.142325778,0.014026884,0.158420159,0.054163562,0.14330914,0.014652955,0.143240894,0.014253942,0.13205369,-2071.031046,0.027292045,1.000158142,0.143152274,0.013873472,0.128178289
3,500,0.441115914,0.388263846,0.441041393,0.388279841,0.471856139,0.428865911,0.438390317,0.38876225,0.412485665,0.399120014,0.411539929,-1886.532715,0.400563273,1.040800735,0.412476243,0.398908524,0.411647205
5,500,0.242975791,0.175411372,0.245667121,0.173596363,0.26722114,0.195091909,0.244346074,0.174821763,0.241693106,0.176138508,0.244578004,-2030.655883,0.175313863,1.004139789,0.245085675,0.173637777,0.240822728
7,500,0.062225086,-0.00151844,0.070335537,-0.001346698,0.062246171,0.00224953,0.073978185,-0.000380869,0.076645413,-0.006603272,0.051524936,-2032.402651,-0.024681262,0.922020022,0.062047953,-0.027134248,0.050734144
3,500,0.47365449,0.410016948,0.471498603,0.410514357,0.513369826,0.43138687,0.467604379,0.410993426,0.444558935,0.420439656,0.43262728,-1922.437523,0.427362442,1.053791926,0.472052578,0.410031214,0.429220047
5,500,0.29462202,0.24330465,0.293569492,0.243262761,0.331647309,0.279624382,0.293809488,0.243723308,0.293615748,0.243383443,0.285726267,-2029.559602,0.249200769,1.033607378,0.293522534,0.243227468,0.284539704
7,500,0.096981533,0.121711381,0.096153173,0.121794114,0.140282721,0.157395885,0.096380325,0.122807259,0.070297487,0.133600434,0.059555501,-2087.104846,0.143696311,1.047748098,0.080537175,0.129572761,0.054301126
3,500,0.495285038,0.477027706,0.495342096,0.477083806,0.517738545,0.501946275,0.493961491,0.477499279,0.491341259,0.48135683,0.49407762,-1915.902543,0.479598213,1.017519789,0.495330106,0.476995736,0.488579046
5,500,0.270482028,0.267353574,0.270408564,0.267349946,0.294565341,0.292952721,0.268213674,0.268799565,0.268096125,0.268240952,0.264431896,-2049.191863,0.269623452,0.9981826,0.270439386,0.267303967,0.26316796
7,500,0.07124035,0.030646207,0.071347783,0.03064934,0.111238108,0.060307509,0.071417497,0.031578415,0.071361109,0.031155061,0.079884157,-2053.76064,0.033419727,1.025942949,0.07131355,0.030606889,0.072595552
3,500,0.480477145,0.442255586,0.480171122,0.44251781,0.492130275,0.469121621,0.479685082,0.443245514,0.478775191,0.443342738,0.47224527,-1911.971294,0.445520796,0.969611407,0.48041693,0.442171395,0.468379682
5,500,0.201738324,0.21014599,0.199286481,0.209627292,0.230396965,0.238104319,0.200634558,0.21043611,0.186263494,0.214825633,0.169501359,-2054.494694,0.221224774,1.058211208,0.195030197,0.210501659,0.1664649
7,500,0.058790713,0.054589131,0.058769771,0.054585779,0.084465098,0.079014579,0.058736834,0.055118986,0.058743585,0.054671311,0.060095982,-2069.073358,0.060816251,1.036287679,0.058755458,0.054548838,0.058433963
3,500,0.426768339,0.42102661,0.42674277,0.421053612,0.435295983,0.453060372,0.426062347,0.421251594,0.426242586,0.421078975,0.424595502,-1886.737972,0.421754994,0.927183953,0.426799612,0.420989074,0.422633696
5,500,0.307535881,0.28022914,0.308672532,0.278719585,0.32826598,0.304696437,0.308778153,0.279126037,0.293334367,0.287159903,0.286726445,-2084.982825,0.287903973,0.949409013,0.308838402,0.278625253,0.272446708
7,500,0.214451378,0.074964586,0.214160905,0.075127858,0.250401491,0.111448252,0.206243837,0.076769902,0.192873346,0.101771027,0.191885168,-2071.249013,0.084878343,0.993184017,0.214435672,0.07492951,0.185149912
3,500,0.4506036,0.454112368,0.450358849,0.454271128,0.474882114,0.474887795,0.449070634,0.454987434,0.444868532,0.456360191,0.44633219,-1904.934807,0.455908332,1.000929324,0.450550363,0.454119089,0.439015043
5,500,0.288810168,0.20527224,0.287123724,0.206643159,0.302587024,0.234370524,0.288843403,0.206949283,0.288568363,0.206741281,0.285489792,-2007.705853,0.207852399,0.936488379,0.287102371,0.206608719,0.284536433
7,500,0.095305765,0.147396027,0.09533195,0.147346589,0.106252792,0.178828798,0.095221495,0.148318955,0.095459347,0.14742582,0.090838533,-2089.417904,0.149010166,0.94596635,0.095354267,0.147275504,0.090319453
3,5,0.05664072,0.041177508,0.05644569,0.041539988,0.086684478,0.087601852,0.057704058,0.042066386,0.063699614,0.073315653,0.053687032,-1404.104719,0.050500798,0.998612222,0.056597337,0.041164821,0.045909107
5,5,0.126164474,-0.000285291,0.061037959,-0.000205643,0.246464593,0.045815032,0.051717012,-8.50E-05,0.13864771,0.173314512,0.025330289,-1394.55306,-0.008293689,1.05841303,0.026038561,0.006846685,0.001532055
7,5,0.020087036,-0.001560866,0.012444006,-0.000604554,0.028866025,0.010528483,0.011697048,-0.000283278,0.016116586,-0.001767582,0.001790229,-1386.100694,-0.023441136,0.979344351,0.00351827,-0.016006999,1.79E-06
3,5,0.035602778,0.083264404,0.035510282,0.083308919,0.094401325,0.13762593,0.034937693,0.0844193,0.022822099,0.118082763,0.014291189,-1423.606288,0.094589334,0.981581445,0.035547795,0.083231727,0.011503037
5,5,0.045116893,0.013271522,0.045155917,0.013272369,0.093996325,0.046898915,0.044630902,0.013437041,0.126974331,0.104768328,0.037697426,-1405.863927,0.032583613,0.954727202,0.045127768,0.013239466,0.037494421
7,5,0.002107601,-0.000449432,0.004731185,-0.000147316,0.059087563,0.043983974,0.005906559,-5.27E-05,0.180050377,0.160310109,0.001008945,-1406.418216,-0.007325777,1.008109661,0.003496494,-0.001132836,0.000104967
3,5,0.0266291,-4.81E-05,0.031267936,-0.000244864,0.082184364,0.033896499,0.030757313,-0.000114256,0.043945182,-1.64E-06,0.028674691,-1403.612694,-0.002449828,0.919833588,0.027812612,-0.001693869,0.018353466
5,5,0.035082564,0.060165057,0.034291351,0.060324017,0.084209804,0.103081859,0.033588709,0.060818308,0.10636439,0.113492897,0.034074271,-1410.738901,0.0658579,0.976911015,0.034562981,0.060128047,0.031885568
7,5,0.010573165,0.037940726,0.008596739,0.039378042,0.056501891,0.091119525,0.009472023,0.039617238,0.11320752,0.162099196,0.006695784,-1420.830256,0.041371537,0.997009718,0.010409342,0.037924119,0.000130801
3,5,0.064771851,-0.000583712,0.042977656,-0.000536281,0.120144666,0.040238197,0.041985485,-0.000229858,0.042034979,0.002429444,0.027898325,-1386.65193,-0.01666127,0.895230839,0.030220989,-0.013867918,0.027413445
5,5,0.030094097,0.060998438,0.029830489,0.061102282,0.039214214,0.104737539,0.027328409,0.061991309,0.094216101,0.130194336,0.007359627,-1413.894409,0.072302379,0.995743022,0.030079834,0.060938783,0.007090767
7,5,0.011891549,0.042200903,0.011639511,0.042213739,0.115853875,0.108464717,0.011897437,0.042863789,0.255755855,0.269240602,0.010145122,-1442.734529,0.043650221,1.04630903,0.011587112,0.042056738,0.000439374
3,5,0.060842137,-0.000875902,0.032499675,-0.000348817,0.049079111,-5.86E-07,0.030411298,-0.000120629,0.035429441,0.013819009,0.015789275,-1374.90266,-0.017643233,0.948485385,0.023937838,-0.014286787,0.003974957
5,5,0.025972938,0.051662912,0.025666833,0.0519581,0.157883849,0.114741431,0.025357974,0.053331413,0.115116195,0.170466414,0.0276091,-1418.611839,0.061482882,0.968814704,0.02596442,0.051614453,0.027063747
7,5,0.00223013,0.016689603,0.001450555,0.017189731,0.013042758,0.059330615,0.001678448,0.017820806,0.171623993,0.180274703,0.00281214,-1396.599825,0.019060351,0.935478793,0.002245943,0.016653903,1.57E-06
3,5,0.028114537,0.012744233,0.027659526,0.012959918,0.062510701,0.035522239,0.024813858,0.014688127,0.034909872,0.025458393,0.023749172,-1374.892176,0.014601754,0.946124192,0.028109536,0.012717663,0.022823577
5,5,0.026504155,0.049189281,0.026705628,0.049401405,0.05117184,0.107665393,0.026291045,0.050192012,0.083723909,0.116473405,0.018739321,-1417.623987,0.052530822,1.021091028,0.026992088,0.049109006,0.009251475
7,5,0.092456889,-0.000689002,0.069108945,-0.000486972,0.170491713,0.052134048,0.06437993,-0.000266073,0.062215705,-0.002571493,0.044107514,-1399.872363,-0.033720366,1.041828963,0.050145316,-0.027219649,0.041855022
3,5,0.057778554,0.060497855,0.058693629,0.059849005,0.07976281,0.080903814,0.059160933,0.061536749,0.05332108,0.090440763,0.037259807,-1404.427023,0.066386536,0.959649909,0.058897231,0.059689248,0.028914652
5,5,0.090732078,-0.000976923,0.071306587,-0.000914156,0.120866202,0.039011488,0.064850508,-0.000231769,0.078522845,0.076709661,0.052085428,-1381.912374,-0.025556127,1.023994302,0.056053477,-0.024686932,0.035985097
7,5,0.060864486,-0.00299627,0.06343306,-0.002823147,0.065584067,-0.000315664,0.06054037,-0.001315366,0.126080389,0.024317272,0.003018519,-1367.317925,-0.079839937,0.892188867,0.003597589,-0.075595332,2.50E-05
3,5,0.044595306,-0.004126647,0.051432317,-0.002213744,0.047743567,-0.000805805,0.056603533,-0.000839447,0.078296203,-0.002093336,0.026172291,-1385.101297,-0.057867441,0.963958259,0.02748428,-0.052783071,0.028247937
5,5,0.061591996,0.07489011,0.060092983,0.075109743,0.11431262,0.10614972,0.053877418,0.075946654,0.047974333,0.118073603,0.025070364,-1421.661105,0.086863584,1.02094671,0.059381727,0.074901784,0.027935309
7,5,0.091019477,-0.000546649,0.077226074,-0.000578662,0.148461261,0.037502949,0.074869792,-0.000316343,0.063543221,-0.001128443,0.04538983,-1409.53664,-0.022375621,1.024715414,0.045739843,-0.011672079,0.038521219
3,5,0.023497872,0.074080386,0.023128576,0.074280609,0.115756321,0.111237387,0.023730035,0.0751415,0.02791688,0.085347095,0.017944467,-1418.517139,0.077104332,0.993035897,0.023450332,0.073996966,0.013897804
5,5,0.037212208,-0.001354201,0.041683391,-0.000585232,0.060048818,0.024353282,0.044634235,-0.000299434,0.138335784,0.079831554,0.021258281,-1401.565876,-0.027924252,0.944335142,0.029912042,-0.02549654,0.015486635
7,5,0.044853023,0.043026068,0.044571662,0.043147339,0.105962265,0.088291892,0.043092712,0.045063715,0.040446798,0.047038058,0.02729487,-1426.882021,0.049190125,0.972810942,0.044862378,0.042977571,0.020011573
3,5,0.064231784,-0.002838926,0.055155799,-0.000855993,0.078652656,0.011509418,0.052617607,-0.00064964,0.039271678,-0.000922335,0.015913127,-1384.370168,-0.032715478,1.004307911,0.020482556,-0.030950053,0.009595605
5,5,0.000575011,0.011115453,0.000431155,0.011186887,0.014924225,0.073021426,0.000669477,0.011397168,0.063081116,0.054466952,0.001662609,-1399.405701,0.012197889,0.928942074,0.000606432,0.011063989,0.00015906
7,5,0.012161523,0.028250558,0.009918406,0.028491651,0.060545601,0.052486793,0.014097328,0.029727488,39.90097389,40.22592437,0.004655466,-1414.483388,0.030233556,1.024098474,0.009895254,0.0282779,1.24E-06
3,50,0.128700144,0.101379189,0.126580372,0.098782568,0.193494043,0.163900466,0.127242827,0.09949466,0.239899346,0.237770114,0.12898718,-1496.447184,0.09997466,0.920111412,0.126473966,0.098667169,0.123392017
5,50,0.098845713,0.054276194,0.097415197,0.05346441,0.167645272,0.117998599,0.097097366,0.05442352,0.692817599,0.672149315,0.092536358,-1583.589043,0.066804467,1.00078956,0.097260958,0.053232906,0.064788563
7,50,0.065821407,-0.004015512,0.04512145,-0.001009694,0.095054269,0.012300335,0.040750277,-0.000598412,0.032152343,-0.010386204,0.005900751,-1556.590582,-0.055714485,1.013922007,0.005678106,-0.051605888,0.001934836
3,50,0.266057246,0.056109206,0.265957959,0.056267697,0.311292384,0.136906284,0.261440933,0.057111292,0.274820423,0.166241559,0.214469799,-1499.844694,0.074710815,1.057697224,0.265227693,0.056148731,0.172819516
5,50,0.107253806,0.113065687,0.107192273,0.11307602,0.152625087,0.179491952,0.104714011,0.113804779,0.094501879,0.116512202,0.092738081,-1570.164521,0.120451269,1.003572087,0.095673835,0.115936479,0.088988652
7,50,0.019546888,0.087174989,0.014602923,0.089066298,0.06064894,0.138520426,0.011789304,0.088980159,0.010936898,0.088665607,0.015890148,-1576.638781,0.095272938,1.040999501,0.012830692,0.087667325,0.012493609
3,50,0.151598771,0.155967867,0.148267253,0.155523221,0.233400854,0.214507733,0.146437545,0.156196391,0.214242091,0.242209393,0.151735165,-1516.214136,0.165431419,0.969948505,0.148189732,0.155426937,0.128589092
5,50,0.083640859,0.044788676,0.081166434,0.043896461,0.093863261,0.110755076,0.081716879,0.045029717,0.68654546,0.537365963,0.069767682,-1538.969894,0.046398262,0.994548927,0.081035071,0.043788703,0.066025873
7,50,0.095140032,0.001484617,0.094710641,0.001623063,0.173344584,0.085658118,0.089239152,0.003946813,0.059250897,0.021707895,0.067926421,-1558.478625,0.035561765,1.06041206,0.094943459,0.001449114,0.063868786
3,50,0.159761534,0.120734556,0.159146822,0.121165927,0.24148609,0.178076656,0.155311985,0.121404931,0.24635317,0.232177025,0.151217735,-1517.807752,0.125380303,1.018733351,0.156295353,0.120830653,0.151726283
5,50,0.115535301,0.105786083,0.112076724,0.104846608,0.20881933,0.162609573,0.11172598,0.105891348,0.461714928,0.400189506,0.101608616,-1573.473691,0.110202188,0.997696339,0.112133438,0.104727092,0.098571525
7,50,0.014840127,0.039901702,0.014500307,0.04000599,0.098641195,0.082642572,0.016763502,0.040762238,0.009712244,0.041773271,0.006020722,-1603.757409,0.045306677,1.006148623,0.014817092,0.039862518,0.002435462
3,50,0.148921705,0.114270538,0.148916966,0.114374732,0.164086001,0.139655965,0.148752867,0.114898863,0.218447512,0.192967994,0.150177186,-1496.546834,0.11708951,0.949897944,0.148906949,0.114240319,0.149030266
5,50,0.150958487,0.119082938,0.150725612,0.119315746,0.209236805,0.200384132,0.150611453,0.119753024,0.351512837,0.319761598,0.152479769,-1584.509617,0.121760159,0.982048786,0.150972464,0.11899666,0.151427492
7,50,0.054951099,0.008342774,0.05468597,0.008563317,0.087717623,0.058167813,0.054044157,0.009139429,0.059370522,0.018966082,0.048593957,-1606.390753,0.015265585,1.012089045,0.054889505,0.008296666,0.058021193
3,50,0.105437438,0.055140686,0.105610946,0.055515823,0.115631569,0.098718903,0.104971777,0.055631622,0.217879841,0.145437737,0.107116334,-1471.153565,0.055458552,0.928968035,0.105592574,0.055088326,0.101274836
5,50,0.100795873,0.003728975,0.100770071,0.003769027,0.170845722,0.075595373,0.099741813,0.004285725,0.689462572,0.658124249,0.094683079,-1538.912267,0.005819827,0.957424252,0.100817519,0.003679382,0.089834957
7,50,0.094410833,0.062484977,0.093939001,0.062609752,0.222924747,0.111767211,0.098123043,0.0643342,0.092700824,0.103104194,0.069198171,-1560.883118,0.103816126,1.019044018,0.094149161,0.062446416,0.067180582
3,50,0.145944359,0.121216401,0.145922938,0.121176561,0.224827327,0.196384884,0.145577988,0.121419787,0.191810304,0.218766717,0.121433496,-1479.10503,0.128364712,0.973033073,0.120791798,0.124467192,0.119300267
5,50,0.065119479,0.0904679,0.064028403,0.091237403,0.12710254,0.163589094,0.06352099,0.091561524,0.72919701,0.709735716,0.063254278,-1538.866421,0.093919707,0.972859969,0.064048936,0.091277091,0.063401414
7,50,0.010275013,-0.00018107,0.014452679,-6.19E-05,0.043963347,0.030238087,0.01185517,-1.77E-05,0.010735153,-6.87E-05,0.004131898,-1559.632197,-0.001889703,0.999455869,0.018311769,-0.001196358,0.001174102
3,50,0.165463338,0.121892463,0.165461712,0.121962906,0.252430145,0.169219242,0.166921199,0.122779816,0.213109776,0.266798172,0.147753703,-1476.344953,0.131814533,1.027208917,0.165465567,0.12185182,0.136411004
5,50,0.082221325,0.068262449,0.082099797,0.068318091,0.184971469,0.162443387,0.080798532,0.068976639,0.660633074,0.643462707,0.07829001,-1556.960769,0.0734644,0.932079427,0.08221907,0.068207694,0.073322174
7,50,0.037822055,0.077030959,0.037631785,0.07710671,0.189306032,0.143280941,0.041188812,0.077913234,0.014996999,0.08717061,0.014011344,-1605.762767,0.084998121,1.024814417,0.037565682,0.07697719,0.003743281
3,50,0.145222109,0.155956696,0.144903795,0.15589285,0.232448608,0.234015862,0.145134868,0.156168102,0.225466572,0.299127497,0.134530537,-1529.155515,0.163024637,0.968410869,0.144924,0.155844691,0.131006043
5,50,0.144549306,0.080923669,0.144350218,0.081359706,0.245125294,0.137256946,0.138446536,0.082414974,0.126711273,0.086593197,0.116859244,-1564.27228,0.090554854,0.973805983,0.144412226,0.081322228,0.113537416
7,50,0.07254827,-0.00083235,0.06070706,-0.000578134,0.094070201,0.026907463,0.058490807,-0.000319433,0.072142423,-0.000781649,0.044652439,-1563.222844,-0.015605224,0.937875566,0.04449396,-0.015524844,0.043543483
3,50,0.11689376,0.166438476,0.116738613,0.166570638,0.20197423,0.224405141,0.114169494,0.168558016,0.203978555,0.280224489,0.114524701,-1504.418571,0.168489933,0.977927738,0.112529581,0.167972549,0.111832428
5,50,0.093611785,0.018462178,0.093631699,0.018411779,0.161997141,0.093403151,0.09369769,0.019455449,0.708925612,0.560336866,0.087732168,-1541.750337,0.020551701,0.972252825,0.094710032,0.017956407,0.078271927
7,50,0.012754354,0.028916739,0.012715684,0.028914457,0.096871734,0.073822593,0.013660112,0.029204142,0.011585701,0.029197035,0.008687887,-1542.591608,0.030391634,0.99434646,0.012727822,0.028875605,0.006743851
3,500,0.396759848,0.411291306,0.396777362,0.411309244,0.409168462,0.43660736,0.397040189,0.411516109,0.396955861,0.411364037,0.398483037,-1879.176167,0.412604715,0.927225417,0.396814683,0.411265809,0.395976572
5,500,0.238764059,0.278847971,0.237576605,0.279691589,0.253569777,0.309679933,0.238739461,0.27978766,0.237679535,0.279757998,0.239716708,-2046.251585,0.281260662,0.973657531,0.238708611,0.278821558,0.231753026
7,500,0.12142848,-0.005140289,0.08318771,-0.001640317,0.125055034,-0.00154954,0.07721477,-0.000724913,0.054544868,-0.010340168,0.038800502,-2034.624757,-0.052767245,1.029318125,0.036410982,-0.046669236,0.036588502
3,500,0.455973515,0.46234507,0.45594892,0.462328209,0.468940115,0.498226554,0.455630479,0.462793965,0.455897965,0.462277894,0.46230888,-1919.049434,0.467662863,0.879106739,0.455969601,0.462276684,0.456931269
5,500,0.186935824,0.234052466,0.186459063,0.234252354,0.201212249,0.267568972,0.186650145,0.234447729,0.186919762,0.234035402,0.186445076,-2040.378946,0.243483821,0.940131819,0.186873266,0.234007349,0.18189001
7,500,0.075326434,0.085996917,0.074902843,0.086258008,0.092707599,0.115104007,0.075647865,0.087357254,0.068602083,0.08947292,0.066567654,-2080.986556,0.088578422,0.954285775,0.075364046,0.085948065,0.061537905
3,500,0.462252474,0.462431609,0.462229697,0.462457833,0.520434784,0.491829579,0.46167701,0.462841048,0.462195625,0.462481561,0.455532627,-1907.68481,0.472402353,0.948781491,0.462242479,0.462388674,0.453115333
5,500,0.289896628,0.251901644,0.284691048,0.248891714,0.318997158,0.274710378,0.285309618,0.249537569,0.255859094,0.269033295,0.273182322,-2041.174011,0.254374068,1.020491668,0.284196716,0.248871466,0.254483153
7,500,0.044172615,-0.001649716,0.043358215,-0.00059616,0.049486217,0.007406013,0.044553758,-0.000232803,0.031843685,-0.00143227,0.026345877,-2051.7932,-0.016277276,0.944666372,0.038575284,-0.016991283,0.011184031
3,500,0.43429252,0.446074044,0.434076007,0.446250736,0.45045984,0.481517288,0.434305009,0.446504579,0.432596171,0.448077095,0.436624672,-1913.900067,0.449532221,0.938684196,0.434272118,0.446021908,0.427737122
5,500,0.112368479,0.149985856,0.110478314,0.150748729,0.13993096,0.17251726,0.11045051,0.151236671,0.110396693,0.150900867,0.111407979,-2021.083577,0.151763825,1.009623295,0.112258442,0.149889981,0.109847413
7,500,0.160909629,-0.002154052,0.154972706,-0.000804366,0.168367577,-0.000220256,0.149351871,-0.000305491,0.131267117,-0.001898556,0.121874349,-2055.735627,-0.018641116,1.02677656,0.126043188,-0.015229415,0.115053773
3,500,0.491015174,0.462734198,0.490763296,0.463096373,0.516879927,0.494289941,0.489684703,0.463587745,0.490185547,0.462951982,0.491902037,-1897.008085,0.464622375,0.95494722,0.491028824,0.462691263,0.488930385
5,500,0.269452366,0.19946993,0.26932472,0.19967468,0.295931617,0.223264078,0.269989101,0.201090163,0.266008914,0.202889551,0.26463332,-2028.544754,0.202554949,0.98618381,0.269236117,0.200215845,0.258498886
7,500,0.058210697,0.079892391,0.057950583,0.079922174,0.137693086,0.109143663,0.059880524,0.080570857,0.02987007,0.090258253,0.037516904,-2062.630542,0.095403606,1.017840279,0.03090342,0.090011017,0.030648613
3,500,0.435086276,0.332745943,0.435092623,0.332739489,0.444866886,0.363181948,0.436026407,0.333180673,0.435670837,0.333014324,0.428559819,-1879.481726,0.339502322,0.917506145,0.435060898,0.332706358,0.427030371
5,500,0.213644113,0.313696186,0.189873853,0.313518531,0.248867004,0.336020069,0.191263675,0.313630948,0.190517512,0.313144277,0.19298377,-2068.694626,0.320638529,1.004380481,0.192564304,0.312711586,0.186182868
7,500,0.145711004,0.137091762,0.144802214,0.137190559,0.170423355,0.159308693,0.14681092,0.138065166,0.100317788,0.158351743,0.118795839,-2115.278686,0.152148728,0.990019346,0.145033258,0.137109182,0.105436541
3,500,0.406637499,0.440490494,0.406643243,0.44049602,0.434411241,0.468009793,0.406793232,0.44107731,0.406789555,0.440722412,0.408188073,-1910.074251,0.441382477,0.99413092,0.406565542,0.44045918,0.39898215
5,500,0.281664015,0.230239303,0.281660218,0.230270603,0.29772592,0.258523588,0.2822412,0.230570569,0.282102388,0.23023373,0.277352566,-2054.256701,0.241859666,0.933329323,0.281648053,0.230193862,0.27441485
7,500,0.070941411,0.100401983,0.070513769,0.100532172,0.110435981,0.124317441,0.070095243,0.101462483,0.063633142,0.112671609,0.060588204,-2084.195118,0.118796003,0.968518135,0.070112793,0.100468857,0.056747813
3,500,0.471230579,0.511389324,0.470782306,0.511609433,0.487860279,0.535205207,0.469722509,0.512206297,0.470441149,0.511710263,0.47015021,-1901.046788,0.51288228,0.955035199,0.471249946,0.511346464,0.467505741
5,500,0.356829941,0.258790038,0.356103625,0.258935275,0.361459812,0.293743816,0.357160193,0.259871936,0.28253785,0.325914061,0.331820945,-2077.470509,0.275349894,1.015422596,0.356972599,0.258746588,0.252383088
7,500,0.030732558,-0.003783157,0.033687651,-0.001184475,0.033486118,-0.000825923,0.034441082,-0.000489522,0.025882537,-0.014322786,0.005605086,-2025.196762,-0.055114591,0.944421527,0.010048427,-0.054277075,0.005081536
3,500,0.41556558,0.4459257,0.415413297,0.44599242,0.422699261,0.475552868,0.414409687,0.446484277,0.415128773,0.446036256,0.421776277,-1904.586495,0.449266146,0.960496969,0.415542796,0.445890274,0.409466842
5,500,0.219594604,0.16463551,0.219711908,0.164692744,0.238041581,0.188324673,0.219484184,0.165271942,0.219469851,0.164941422,0.214729115,-2024.714301,0.167681528,0.953383223,0.219510394,0.164610946,0.210119359
7,500,0.097821196,0.116824857,0.097763285,0.116818481,0.115593594,0.150981378,0.098401333,0.117605207,0.097663979,0.117050762,0.083140277,-2081.000074,0.122735877,0.963954768,0.097832069,0.116791832,0.077254124
3,500,0.443687928,0.453244513,0.443628573,0.453301215,0.468324484,0.472704445,0.443880088,0.453465289,0.443708409,0.453307121,0.439579649,-1889.806408,0.454798346,1.012755247,0.443692247,0.453218302,0.43563513
5,500,0.259428097,0.23366224,0.259082835,0.23386938,0.318750962,0.270298696,0.2554216,0.23568488,0.226932718,0.245481089,0.227265912,-2006.271254,0.245569333,1.026403437,0.227004389,0.245096924,0.225256812
7,500,0.030979604,-0.000900556,0.029323956,-0.000417092,0.048700584,0.010603543,0.028067983,-0.000146736,0.020922062,-0.002550739,0.022121394,-2074.421791,-0.014399028,0.918148462,0.018878347,-0.013786083,0.005499529
