,theta_grid_EB_misspec_e_location_scale,theta_grid_EB_NPMLEinit_e_location_scale,theta_grid_NPMLE_e_location_scale,pi_hat_EB_misspec_e_location_scale,pi_hat_EB_NPMLEinit_e_location_scale,pi_hat_NPMLE_e_location_scale,theta_grid_EB_misspec_e_median_scale,theta_grid_EB_NPMLEinit_e_median_scale,theta_grid_NPMLE_e_median_scale,pi_hat_EB_misspec_e_median_scale,pi_hat_EB_NPMLEinit_e_median_scale,pi_hat_NPMLE_e_median_scale,theta_grid_EB_misspec_e_location_IQR,theta_grid_EB_NPMLEinit_e_location_IQR,theta_grid_NPMLE_e_location_IQR,pi_hat_EB_misspec_e_location_IQR,pi_hat_EB_NPMLEinit_e_location_IQR,pi_hat_NPMLE_e_location_IQR,theta_grid_EB_misspec_e_median_IQR,theta_grid_EB_NPMLEinit_e_median_IQR,theta_grid_NPMLE_e_median_IQR,pi_hat_EB_misspec_e_median_IQR,pi_hat_EB_NPMLEinit_e_median_IQR,pi_hat_NPMLE_e_median_IQR
0,-3.139225,-3.7638602,-3.9235320332739994,0.0009402486,0.0,0.0,-2.6637368,-3.7845922,-3.9235320332739994,0.0022755421,0.0,0.0,-1.8479013,-1.8426436,-3.9235320332739994,0.018852543,0.0,0.0,-2.1787767,-2.1787767,-3.9235320332739994,0.01072577,0.0,0.0
1,-2.8437226,-3.7395246,-3.8467596892265923,0.00042829066,0.0,0.0,-2.4694204,-3.761409,-3.8467596892265923,0.00070727075,0.0,0.0,-1.836426,-1.8420094,-3.8467596892265923,0.000406385,0.0,0.0,-2.1520467,-2.177897,-3.8467596892265923,0.0002383447,0.0,0.0
2,-2.22828,-3.7151887,-3.7699873451791857,0.00097462983,0.0,0.0,-2.284492,-3.7382262,-3.7699873451791857,0.00088163966,0.0,0.0,-1.8092413,-1.8413752,-3.7699873451791857,0.00017492392,0.0,0.0,-2.090948,-2.1770172,-3.7699873451791857,0.000113952694,0.0,0.0
3,-2.0456412,-3.690853,-3.6932150011317786,0.004780551,0.0,0.0,-2.1706927,-3.7150433,-3.6932150011317786,0.0014203651,0.0,0.0,-1.7424073,-1.840741,-3.6932150011317786,0.00010433127,0.0,0.0,-1.959973,-2.1761377,-3.6932150011317786,7.868072e-05,0.0,0.0
4,-1.9488481,-3.6665173,-3.616442657084372,0.0039600213,0.0,0.0,-2.0863507,-3.6918604,-3.616442657084372,0.0017808022,0.0,0.0,-1.5628259,-1.8401068,-3.616442657084372,8.097364e-05,0.0,0.0,-1.7316955,-2.175258,-3.616442657084372,6.9311645e-05,0.0,0.0
5,-1.8310975,-3.6421816,-3.539670313036965,0.00086208445,0.0,0.0,-2.0068088,-3.6686773,-3.539670313036965,0.0013500991,0.0,0.0,-1.2849637,-1.8394727,-3.539670313036965,8.8915185e-05,0.0,0.0,-1.4886104,-2.1743782,-3.539670313036965,7.239261e-05,0.0,0.0
6,-1.6421916,-3.617846,-3.4628979689895583,0.000381027,7.185463e-11,3.4984717983090256e-10,-1.9154351,-3.6454942,-3.4628979689895583,0.0008404689,1.4982815e-10,3.4984717983090256e-10,-1.1111954,-1.8388385,-3.4628979689895583,0.000111446585,8.778319e-11,3.4984717983090256e-10,-1.3100153,-2.1734986,-3.4628979689895583,8.164501e-05,7.876928e-11,3.4984717983090256e-10
7,-1.3933282,-3.5935102,-3.386125624942151,0.00028504553,3.0608504e-08,4.179666069292373e-08,-1.7967699,-3.6223114,-3.386125624942151,0.00054847647,8.674264e-08,4.179666069292373e-08,-1.0121306,-1.8382043,-3.386125624942151,0.00013920624,3.237614e-08,4.179666069292373e-08,-1.189,-2.1726189,-3.386125624942151,9.42525e-05,3.0553938e-08,4.179666069292373e-08
8,-1.2046468,-3.5691743,-3.3093532808947446,0.00029736565,0.0009476848,0.00042662967062573836,-1.6380076,-3.5991275,-3.3093532808947446,0.0004059456,0.00094435946,0.00042662967062573836,-0.94887125,-1.8375701,-3.3093532808947446,0.00017015006,0.0014042729,0.00042662967062573836,-1.1042343,-2.171739,-3.3093532808947446,0.0001091244,0.0027433995,0.00042662967062573836
9,-1.0880482,-3.4888685,-3.2325809368473375,0.0003432844,1.3079177e-09,4.842296483294958e-09,-1.4522622,-3.5173585,-3.2325809368473375,0.00035328954,2.990571e-09,4.842296483294958e-09,-0.90452814,-1.8369726,-3.2325809368473375,0.00020393613,1.7071337e-09,4.842296483294958e-09,-1.0418088,-2.1707685,-3.2325809368473375,0.00012585128,1.4547957e-09,4.842296483294958e-09
10,-1.0128964,-3.4085615,-3.155808592799931,0.00040400942,0.0,0.0,-1.2862684,-3.4355888,-3.155808592799931,0.0003549308,0.0,0.0,-0.87140226,-1.8363754,-3.155808592799931,0.00024063511,0.0,0.0,-0.9937886,-2.1697977,-3.155808592799931,0.0001442793,0.0,0.0
11,-0.9607091,-3.3282547,-3.079036248752524,0.00047504806,0.0,0.0,-1.1630081,-3.353819,-3.079036248752524,0.00038654933,0.0,0.0,-0.84556055,-1.8357779,-3.079036248752524,0.000280465,0.0,0.0,-0.955561,-2.168827,-3.079036248752524,0.00016435389,0.0,0.0
12,-0.92224216,-3.2479477,-3.002263904705117,0.00055573764,0.0,0.0,-1.0751461,-3.272049,-3.002263904705117,0.00043526592,0.0,0.0,-0.8247926,-1.8351804,-3.002263904705117,0.00032377194,0.0,0.0,-0.9243228,-2.1678562,-3.002263904705117,0.00018605663,0.0,0.0
13,-0.892647,-3.167641,-2.9254915606577105,0.000647079,0.0,0.0,-1.0110962,-3.1902792,-2.9254915606577105,0.0004955278,0.0,0.0,-0.8077589,-1.8345829,-2.9254915606577105,0.0003711255,0.0,0.0,-0.89829004,-2.1668856,-2.9254915606577105,0.0002093891,0.0,0.0
14,-0.86917794,-3.087334,-2.848719216610303,0.00075160863,0.0,0.0,-0.96275085,-3.1085095,-2.848719216610303,0.0005650641,0.0,0.0,-0.7936002,-1.8339854,-2.848719216610303,0.00042354324,0.0,0.0,-0.8762819,-2.1659148,-2.848719216610303,0.00023438201,0.0,0.0
15,-0.8501649,-3.007027,-2.7719468725628964,0.0008743447,0.0,0.0,-0.9251045,-3.0267396,-2.7719468725628964,0.00064305926,0.0,0.0,-0.78173876,-1.833388,-2.7719468725628964,0.00048296337,0.0,0.0,-0.85749274,-2.164944,-2.7719468725628964,0.0002611386,0.0,0.0
16,-0.8345275,-2.9267201,-2.6951745285154898,0.0010252382,0.0,0.0,-0.8950774,-2.94497,-2.6951745285154898,0.00072960084,0.0,0.0,-0.77176964,-1.8327905,-2.6951745285154898,0.00055326946,0.0,0.0,-0.84135973,-2.1639733,-2.6951745285154898,0.0002899308,0.0,0.0
17,-0.82152283,-2.8464131,-2.6184021844680823,0.0012253291,0.0,0.0,-0.8707246,-2.8632,-2.6184021844680823,0.00082587847,0.0,0.0,-0.7633946,-1.832193,-2.6184021844680823,0.0006427568,0.0,0.0,-0.8274853,-2.1630025,-2.6184021844680823,0.0003214047,0.0,0.0
18,-0.8106084,-2.7661064,-2.5416298404206756,0.0015241188,0.0,0.0,-0.85078204,-2.78143,-2.5416298404206756,0.0009352126,0.0,0.0,-0.7563789,-1.8315955,-2.5416298404206756,0.0007709751,0.0,0.0,-0.8155865,-2.162032,-2.5416298404206756,0.00035703578,0.0,0.0
19,-0.80136037,-2.6857994,-2.464857496373269,0.0020594697,0.0,0.0,-0.8344086,-2.69966,-2.464857496373269,0.0010658886,0.0,0.0,-0.75051427,-1.8309983,-2.464857496373269,0.0009922408,0.0,0.0,-0.805464,-2.161061,-2.464857496373269,0.00040026192,0.0,0.0
20,-0.79343,-2.6054924,-2.3880851523258615,0.0033373686,0.0,0.0,-0.8210353,-2.6178904,-2.3880851523258615,0.0012394678,0.0,0.0,-0.74558985,-1.8304008,-2.3880851523258615,0.0015065484,0.0,0.0,-0.7969772,-2.1600904,-2.3880851523258615,0.0004598247,0.0,0.0
21,-0.78653836,-2.5251853,-2.311312808278455,0.008446738,0.0,0.0,-0.8102692,-2.5361204,-2.311312808278455,0.0015214123,0.0,0.0,-0.7413689,-1.8298033,-2.311312808278455,0.0035859214,0.0,0.0,-0.7900244,-2.1591196,-2.311312808278455,0.00056257827,0.0,0.0
22,-0.7805463,-2.4448786,-2.234540464231048,0.09306864,0.0,0.0,-0.80182683,-2.4543507,-2.234540464231048,0.002189619,0.0,0.0,-0.73761404,-1.8292059,-2.234540464231048,0.08008723,0.0,0.0,-0.78451717,-2.158149,-2.234540464231048,0.00082957355,0.0,0.0
23,-0.77588797,-2.3645718,-2.1577681201836407,0.16684815,0.0,0.0,-0.79547125,-2.372581,-2.1577681201836407,0.0057740184,0.0,0.0,-0.7344316,-1.8286084,-2.1577681201836407,0.22433607,0.0,0.0,-0.7803362,-2.1571782,-2.1577681201836407,0.00261401,0.0,0.0
24,-0.7716193,-2.2842648,-2.080995776136234,0.016452083,0.0,0.0,-0.79098487,-2.2908113,-2.080995776136234,0.22432734,0.0,0.0,-0.7310308,-1.8280109,-2.080995776136234,0.0074417996,0.0,0.0,-0.7772516,-2.1562076,-2.080995776136234,0.30643493,0.0,0.0
25,-0.7671875,-2.2039583,-2.0042234320888275,0.007919129,0.0,0.0,-0.7888564,-2.209041,-2.0042234320888275,0.04030468,0.0,0.0,-0.727299,-1.8274134,-2.0042234320888275,0.003794572,0.0,0.0,-0.774919,-2.1552367,-2.0042234320888275,0.009049131,0.0,0.0
26,-0.76242685,-2.1236515,-1.9274510880414204,0.005043548,0.0,0.0,-0.7866112,-2.1272714,-1.9274510880414204,0.012345207,0.0,0.0,-0.7230141,-1.826816,-1.9274510880414204,0.0024994488,0.0,0.0,-0.771914,-2.1542659,-1.9274510880414204,0.0030257413,0.0,0.0
27,-0.75679326,-2.0433447,-1.8506787439940133,0.003679709,5.157159e-10,2.5254600347078203e-09,-0.7834513,-2.0455015,-1.8506787439940133,0.00677722,1.0689273e-09,2.5254600347078203e-09,-0.7177501,-1.8262185,-1.8506787439940133,0.001870696,6.363513e-10,2.5254600347078203e-09,-0.76755416,-2.1532953,-1.8506787439940133,0.0017640226,5.655121e-10,2.5254600347078203e-09
28,-0.7501633,-1.9630384,-1.7739063999466067,0.002903117,0.013238953,0.01684719943189157,-0.77933043,-1.9637321,-1.7739063999466067,0.004786179,0.013266686,0.01684719943189157,-0.71139956,-1.8256212,-1.7739063999466067,0.0015034862,0.01914001,0.01684719943189157,-0.76181054,-2.1523244,-1.7739063999466067,0.0012874204,0.008842156,0.01684719943189157
29,-0.74242103,-1.8936332,-1.6971340558991996,0.0023978131,5.5537934e-09,2.2662948503598617e-08,-0.77422595,-1.8944068,-1.6971340558991996,0.0037939886,1.2422127e-08,2.2662948503598617e-08,-0.7038492,-1.7609655,-1.6971340558991996,0.0012586446,6.8293486e-09,2.2662948503598617e-08,-0.7546634,-2.0721085,-1.6971340558991996,0.0010393154,5.5366547e-09,2.2662948503598617e-08
30,-0.7334318,-1.8242278,-1.6203617118517926,0.0020360923,6.775287e-10,3.3162538955381625e-09,-0.7681047,-1.8250818,-1.6203617118517926,0.0031855807,1.4071355e-09,3.3162538955381625e-09,-0.6949583,-1.6963073,-1.6203617118517926,0.0010796016,8.193198e-10,3.3162538955381625e-09,-0.74606526,-1.9918859,-1.6203617118517926,0.0008822889,7.2914774e-10,3.3162538955381625e-09
31,-0.72303045,-1.7548223,-1.543589367804386,0.0017585028,1.6461561e-10,8.294364611749749e-10,-0.76091266,-1.7557565,-1.543589367804386,0.0027574492,3.3501923e-10,8.294364611749749e-10,-0.6845441,-1.6316502,-1.543589367804386,0.00093989266,1.9942079e-10,8.294364611749749e-10,-0.73593044,-1.911663,-1.543589367804386,0.00076957105,1.798695e-10,8.294364611749749e-10
32,-0.711004,-1.6854168,-1.4668170237569789,0.0015343867,1.7402515e-12,8.755021658584811e-12,-0.75256795,-1.6864313,-1.4668170237569789,0.002426791,3.482994e-12,8.755021658584811e-12,-0.6723653,-1.5669932,-1.4668170237569789,0.00082581176,2.1124207e-12,8.755021658584811e-12,-0.72412646,-1.8314404,-1.4668170237569789,0.00068166794,1.9127861e-12,8.755021658584811e-12
33,-0.6970751,-1.6160117,-1.3900446797095718,0.0013466646,0.0,0.0,-0.7429536,-1.6171061,-1.3900446797095718,0.0021548858,0.0,0.0,-0.6581031,-1.5023363,-1.3900446797095718,0.0007296797,0.0,0.0,-0.71046597,-1.7512176,-1.3900446797095718,0.00060926663,0.0,0.0
34,-0.6808752,-1.5466063,-1.3132723356621647,0.0011852724,0.0,0.0,-0.7319077,-1.5477808,-1.3132723356621647,0.0019218005,0.0,0.0,-0.6413318,-1.4376792,-1.3132723356621647,0.00064694055,0.0,0.0,-0.6946951,-1.6709949,-1.3132723356621647,0.00054746814,0.0,0.0
35,-0.6619077,-1.477201,-1.236499991614758,0.0010440159,0.0,0.0,-0.719211,-1.4784555,-1.236499991614758,0.0017165402,0.0,0.0,-0.6214789,-1.3730222,-1.236499991614758,0.00057476625,0.0,0.0,-0.67647684,-1.5907723,-1.236499991614758,0.00049349846,0.0,0.0
36,-0.6394931,-1.4077955,-1.159727647567351,0.00091899827,0.0,0.0,-0.70456636,-1.4091303,-1.159727647567351,0.0015327015,0.0,0.0,-0.59776926,-1.3083652,-1.159727647567351,0.00051136105,0.0,0.0,-0.6553688,-1.5105495,-1.159727647567351,0.00044571093,0.0,0.0
37,-0.612689,-1.3383901,-1.082955303519944,0.00080777035,0.0,0.0,-0.6875693,-1.3398051,-1.082955303519944,0.001366426,0.0,0.0,-0.5691514,-1.2437084,-1.082955303519944,0.00045560228,0.0,0.0,-0.6307943,-1.4303268,-1.082955303519944,0.00040310065,0.0,0.0
38,-0.5801754,-1.2689848,-1.0061829594725373,0.00070890813,0.0,0.0,-0.6676634,-1.2704798,-1.0061829594725373,0.001215332,0.0,0.0,-0.53421307,-1.1790513,-1.0061829594725373,0.00040687324,0.0,0.0,-0.6020102,-1.350104,-1.0061829594725373,0.00036506334,0.0,0.0
39,-0.54011106,-1.1995794,-0.9294106154251303,0.0006218318,0.0,0.0,-0.6440719,-1.2011546,-0.9294106154251303,0.0010779486,0.0,0.0,-0.4911333,-1.1143943,-0.9294106154251303,0.0003650057,0.0,0.0,-0.56807774,-1.2698812,-0.9294106154251303,0.00033127842,0.0,0.0
40,-0.49002913,-1.1301742,-0.8526382713777232,0.0005468539,0.0,0.0,-0.6156949,-1.1318294,-0.8526382713777232,0.00095344975,0.0,0.0,-0.43782458,-1.0497372,-0.8526382713777232,0.0003303138,0.0,0.0,-0.5278656,-1.189656,-0.8526382713777232,0.00030166408,0.0,0.0
41,-0.42706105,-1.0607691,-0.7758659273303166,0.00048542803,0.0,0.0,-0.5809564,-1.062504,-0.7758659273303166,0.0008415549,0.0,0.0,-0.37264028,-0.98508036,-0.7758659273303166,0.00030366678,0.0,0.0,-0.4801487,-1.1094307,-0.7758659273303166,0.0002763679,0.0,0.0
42,-0.34929577,-0.9913639,-0.6990935832829095,0.00044049468,0.0,0.0,-0.5376118,-0.99317884,-0.6990935832829095,0.00074260874,0.0,0.0,-0.29616943,-0.9204234,-0.6990935832829095,0.0002864469,0.0,0.0,-0.42393732,-1.0292054,-0.6990935832829095,0.00025578946,0.0,0.0
43,-0.25925013,-0.9219585,-0.6223212392355024,0.00041624514,5.057804e-11,2.5683334985445123e-10,-0.48261234,-0.9238536,-0.6223212392355024,0.00065785745,1.0230692e-10,2.5683334985445123e-10,-0.2134901,-0.8557664,-0.6223212392355024,0.00028010376,6.141618e-11,2.5683334985445123e-10,-0.35919756,-0.94898015,-0.6223212392355024,0.00024057846,5.5590716e-11,2.5683334985445123e-10
44,-0.16691682,-0.85255337,-0.5455488951880958,0.0004161449,4.9518595e-10,2.4987980069457383e-09,-0.41250935,-0.85452855,-0.5455488951880958,0.0005899879,1.0075947e-09,2.4987980069457383e-09,-0.13350594,-0.79110944,-0.5455488951880958,0.0002852691,6.0289684e-10,2.4987980069457383e-09,-0.287893,-0.8687549,-0.5455488951880958,0.00023153421,5.440417e-10,2.4987980069457383e-09
45,-0.08483279,-0.78314817,-0.4687765511406887,0.0004401604,0.06583341,0.06891930316794019,-0.3257122,-0.78520334,-0.4687765511406887,0.0005436711,0.06546346,0.06891930316794019,-0.06378043,-0.72645247,-0.4687765511406887,0.00030127575,0.34433594,0.06891930316794019,-0.2144924,-0.7885295,-0.4687765511406887,0.0002293363,0.06473466,0.06891930316794019
46,-0.01899603,-0.76548237,-0.39200420709328165,0.00048509688,0.26894218,0.26696812725683017,-0.22764535,-0.7648281,-0.39200420709328165,0.0005248619,0.26935542,0.26696812725683017,-0.006885171,0.26535162,-0.39200420709328165,0.00032670444,0.52634406,0.26696812725683017,-0.14467789,-0.77043384,-0.39200420709328165,0.00023421533,0.2725703,0.26696812725683017
47,0.031618997,-0.71305084,-0.3152318630458746,0.0005474529,3.271706e-10,1.655173548674223e-09,-0.13264784,-0.7124635,-0.3152318630458746,0.0005372,6.6449235e-10,1.655173548674223e-09,0.038337678,0.27276057,-0.3152318630458746,0.00036021933,3.9745737e-10,1.655173548674223e-09,-0.0828005,-0.71735805,-0.3152318630458746,0.00024585816,3.5947506e-10,1.655173548674223e-09
48,0.07047291,-0.6606193,-0.23845951899846796,0.0006250329,0.0,0.0,-0.05351411,-0.6600986,-0.23845951899846796,0.0005788894,0.0,0.0,0.07425904,0.28016964,-0.23845951899846796,0.00040094246,0.0,0.0,-0.030509494,-0.66428214,-0.23845951899846796,0.0002636447,0.0,0.0
49,0.10079013,-0.6081878,-0.16168717495106089,0.0007170005,0.0,0.0,0.007085001,-0.607734,-0.16168717495106089,0.0006451373,0.0,0.0,0.103121325,0.28757858,-0.16168717495106089,0.00044846014,0.0,0.0,0.012663157,-0.61120635,-0.16168717495106089,0.00028696662,0.0,0.0
50,0.12495503,-0.5557563,-0.08491483090365426,0.0008235062,0.0,0.0,0.0525545,-0.5553694,-0.08491483090365426,0.00073198683,0.0,0.0,0.12667874,0.2949875,-0.08491483090365426,0.00050271465,0.0,0.0,0.048108827,-0.55813056,-0.08491483090365426,0.00031540255,0.0,0.0
51,0.14462116,-0.50332475,-0.008142486856248077,0.000945393,0.0,0.0,0.08709388,-0.5030048,-0.008142486856248077,0.00083744776,0.0,0.0,0.14621787,0.30239645,-0.008142486856248077,0.0005639141,0.0,0.0,0.07734616,-0.5050548,-0.008142486856248077,0.0003487599,0.0,0.0
52,0.1609244,-0.45089298,0.06862985719115855,0.0010840364,0.0,0.0,0.113944925,-0.45064017,0.06862985719115855,0.0009611298,0.0,0.0,0.1626666,0.3098055,0.06862985719115855,0.000632469,0.0,0.0,0.10169148,-0.45197886,0.06862985719115855,0.00038705172,0.0,0.0
53,0.17465347,-0.39846146,0.14540220123856518,0.0012413121,0.0,0.0,0.1353317,-0.39827532,0.14540220123856518,0.0011037582,0.0,0.0,0.17669594,0.31721446,0.14540220123856518,0.00070897816,0.0,0.0,0.12218992,-0.39890307,0.14540220123856518,0.00043047126,0.0,0.0
54,0.18636674,-0.34602994,0.2221745452859718,0.001419626,0.0,0.0,0.15274477,-0.3459107,0.2221745452859718,0.0012668893,0.0,0.0,0.18879575,0.3246234,0.2221745452859718,0.0007942205,0.0,0.0,0.1396425,-0.3458273,0.2221745452859718,0.0004793727,0.0,0.0
55,0.19646677,-0.2935984,0.29894688933337843,0.0016220742,0.0,0.0,0.16719072,-0.29354608,0.29894688933337843,0.001452806,0.0,0.0,0.19932911,0.33203235,0.29894688933337843,0.0008891998,0.0,0.0,0.15465519,-0.29275152,0.29894688933337843,0.0005342804,0.0,0.0
56,0.20524947,-0.24116711,0.37571923338078506,0.0018526877,0.0,0.0,0.1793637,-0.24118146,0.37571923338078506,0.0016645675,0.0,0.0,0.20856798,0.33944127,0.37571923338078506,0.0009952289,0.0,0.0,0.16768742,-0.23967573,0.37571923338078506,0.00059591804,0.0,0.0
57,0.21293539,-0.18873557,0.4524915774281908,0.0021169367,0.0,0.0,0.18975304,-0.18881662,0.4524915774281908,0.0019061904,0.0,0.0,0.21671858,0.34685034,0.4524915774281908,0.001114085,0.0,0.0,0.17908959,-0.18659995,0.4524915774281908,0.0006652712,0.0,0.0
58,0.21969107,-0.13630405,0.5292639214755974,0.0024226317,0.0,0.0,0.19871123,-0.136452,0.5292639214755974,0.0021830408,0.0,0.0,0.22393844,0.35425916,0.5292639214755974,0.001248283,0.0,0.0,0.1891292,-0.13352416,0.5292639214755974,0.000743709,0.0,0.0
59,0.2256428,-0.08387275,0.606036265523004,0.0027817562,0.0,0.0,0.20649673,-0.08408738,0.606036265523004,0.0025024724,0.0,0.0,0.23034793,0.36166823,0.606036265523004,0.001401621,0.0,0.0,0.19801407,-0.08044838,0.606036265523004,0.00083317986,0.0,0.0
60,0.23088688,-0.03144122,0.6828086095704107,0.003213827,0.0,0.0,0.21330228,-0.03172276,0.6828086095704107,0.0028751327,0.0,0.0,0.23603863,0.3690773,0.6828086095704107,0.0015802449,0.0,0.0,0.20590441,-0.0273726,0.6828086095704107,0.0009365853,0.0,0.0
61,0.23549542,0.02099008,0.7595809536178173,0.0037536789,0.0,0.0,0.21927208,0.020641856,0.7595809536178173,0.0033172485,0.0,0.0,0.2410787,0.37648612,0.7595809536178173,0.0017948151,0.0,0.0,0.21292467,0.025703182,0.7595809536178173,0.0010584474,0.0,0.0
62,0.23952113,0.073421605,0.8363532976652239,0.004469602,0.0,0.0,0.22451597,0.07300647,0.8363532976652239,0.0038552627,0.0,0.0,0.2455171,0.3838952,0.8363532976652239,0.0020653754,0.0,0.0,0.21917118,0.07877883,0.8363532976652239,0.001206202,0.0,0.0
63,0.2430009,0.12585314,0.9131256417126306,0.0055132746,1.4278768e-11,7.254535203753389e-11,0.22911589,0.1253711,0.9131256417126306,0.004535441,2.8868827e-11,7.254535203753389e-11,0.24938513,0.39130425,0.9131256417126306,0.0024338504,1.7329903e-11,7.254535203753389e-11,0.2247167,0.13185474,0.9131256417126306,0.0013928647,1.5694532e-11,7.254535203753389e-11
64,0.24595833,0.17828466,0.9898979857600363,0.0072870855,5.55217e-10,2.8011124265053417e-09,0.2331328,0.17773616,0.9898979857600363,0.0054456596,1.1319621e-09,2.8011124265053417e-09,0.2526984,0.39871305,0.9898979857600363,0.0030011968,6.68425e-10,2.8011124265053417e-09,0.22961469,0.1849304,0.9898979857600363,0.001643079,6.0917577e-10,2.8011124265053417e-09
65,0.24840687,0.2307162,1.066670329807443,0.011214297,0.07248542,0.016196196722903667,0.23660956,0.23010078,1.066670329807443,0.006771015,0.065716945,0.016196196722903667,0.25545764,0.40612215,1.066670329807443,0.0040695686,0.0011755662,0.016196196722903667,0.23390205,0.23800631,1.066670329807443,0.002008335,0.10721955,0.016196196722903667
66,0.25036097,0.24517964,1.1434426738548495,0.02617493,0.44267228,0.042167335743397025,0.23957446,0.2449836,1.1434426738548495,0.00895847,0.44614324,0.042167335743397025,0.25765118,0.41963693,1.1434426738548495,0.0069517316,0.0016194456,0.042167335743397025,0.23760088,0.24557148,1.1434426738548495,0.0026116339,0.41246137,0.042167335743397025
67,0.25189072,0.25442243,1.2202150179022562,0.4446332,1.2766891e-09,6.450518154628525e-09,0.24204399,0.2534559,1.2202150179022562,0.013321693,2.6086708e-09,6.450518154628525e-09,0.25927204,0.5638315,1.2202150179022562,0.024557553,1.5047137e-09,6.450518154628525e-09,0.24072024,0.25317407,1.2202150179022562,0.0038099783,1.4018253e-09,6.450518154628525e-09
68,0.25562686,0.2636657,1.2969873619496628,0.016047645,6.313684e-10,3.209728842979972e-09,0.24402608,0.26192868,1.2969873619496628,0.025069056,1.2800513e-09,3.209728842979972e-09,0.260473,0.70802605,1.2969873619496628,0.4712016,7.576602e-10,3.209728842979972e-09,0.24325936,0.2607766,1.2969873619496628,0.0069984724,6.9407036e-10,3.209728842979972e-09
69,0.26570204,0.27290848,1.3737597059970694,0.00093058427,5.5319277e-10,2.820946175258011e-09,0.24553505,0.27040097,1.3737597059970694,0.07806107,1.1182708e-09,2.820946175258011e-09,0.26834235,0.8522208,1.3737597059970694,0.00085302826,6.6892747e-10,2.820946175258011e-09,0.24522345,0.26837918,1.3737597059970694,0.021219864,6.083896e-10,2.820946175258011e-09
70,0.28472528,0.28215176,1.450532050044476,0.00047820032,7.5221934e-10,3.857973697194189e-09,0.2469843,0.27887374,1.450532050044476,0.36768338,1.5147326e-09,3.857973697194189e-09,0.2852891,0.9964187,1.450532050044476,0.0003325994,9.1368085e-10,3.857973697194189e-09,0.24701585,0.27598202,1.450532050044476,0.48685053,8.2768215e-10,3.857973697194189e-09
71,0.31454605,0.291395,1.5273043940918827,0.00033129432,1.475825e-09,7.70528056265476e-09,0.2517233,0.28734604,1.5273043940918827,0.006312378,2.9389045e-09,7.70528056265476e-09,0.3132209,1.1406167,1.5273043940918827,0.00022607225,1.7881941e-09,7.70528056265476e-09,0.25214967,0.28358486,1.5273043940918827,0.003932737,1.6251008e-09,7.70528056265476e-09
72,0.36549014,0.3006378,1.6040767381392884,0.00022837725,4.4372546e-09,2.507651890316958e-08,0.25965455,0.29581878,1.6040767381392884,0.0014748481,8.4807095e-09,2.507651890316958e-08,0.3607969,1.2848146,1.6040767381392884,0.000158303,5.207042e-09,2.507651890316958e-08,0.26071298,0.29118767,1.6040767381392884,0.00067539857,4.883537e-09,2.507651890316958e-08
73,0.46975768,0.30988106,1.680849082186695,0.00015007642,0.022682965,0.21898908649470766,0.27242386,0.3042911,1.680849082186695,0.0008533556,0.025608657,0.21898908649470766,0.45287237,1.4290125,1.680849082186695,0.00010886108,0.032547418,0.21898908649470766,0.27370444,0.2987905,1.680849082186695,0.00037613302,0.022057468,0.21898908649470766
74,0.74512506,0.38044727,1.7576214262341017,0.00011978174,0.0038754838,0.0647705795358456,0.2935833,0.37374514,1.7576214262341017,0.00057720504,0.0041779503,0.0647705795358456,0.6655251,1.6698356,1.7576214262341017,8.6710876e-05,0.013619441,0.0647705795358456,0.29345694,1.1055392,1.7576214262341017,0.00026792166,0.013501484,0.0647705795358456
75,0.9621856,0.575626,1.8343937702815083,0.00022769927,7.2177637e-09,5.2073118326514674e-08,0.3314686,0.5706867,1.8343937702815083,0.0003859524,1.2048232e-08,5.2073118326514674e-08,0.88727665,1.742742,1.8343937702815083,0.00013386006,9.205542e-09,5.2073118326514674e-08,0.32427293,1.2371926,1.8343937702815083,0.00020037836,8.6409475e-09,5.2073118326514674e-08
76,1.0466603,0.7708048,1.911166114328915,0.0005486273,5.5429674e-09,3.4718788818562754e-08,0.4156862,0.7676273,1.911166114328915,0.00023684482,9.796731e-09,3.4718788818562754e-08,0.98358035,1.8156483,1.911166114328915,0.00027427115,6.6646733e-09,3.4718788818562754e-08,0.37632886,1.3688476,1.911166114328915,0.00014789135,6.0807905e-09,3.4718788818562754e-08
77,1.0956202,0.96598357,1.9879384583763215,0.0013765702,8.553473e-09,5.437956296267851e-08,0.76664716,0.96456796,1.9879384583763215,0.0001575454,1.534124e-08,5.437956296267851e-08,1.0400184,1.8885546,1.9879384583763215,0.00054713484,9.715927e-09,5.437956296267851e-08,0.48166436,1.5005027,1.9879384583763215,0.000105982355,8.493152e-09,5.437956296267851e-08
78,1.1326082,1.1611556,2.064710802423728,0.0029748876,0.014016873,0.09509751504854438,1.0107266,1.1615081,2.064710802423728,0.00036348446,0.0140392585,0.09509751504854438,1.0822415,1.961461,2.064710802423728,0.0009796387,0.018235449,0.09509751504854438,0.7528486,1.6321476,2.064710802423728,9.251248e-05,0.019561375,0.09509751504854438
79,1.1675985,1.6305634,2.141483146471135,0.00368171,0.04570144,0.1510508264011313,1.0818697,1.6308186,2.141483146471135,0.0010082545,0.045703802,0.1510508264011313,1.119236,2.0079968,2.141483146471135,0.0015793093,0.030395793,0.1510508264011313,0.95217746,1.6622787,2.141483146471135,0.00017009581,0.03507219,0.1510508264011313
80,1.2098098,1.7180505,2.2182554905185405,0.0026274296,5.569844e-09,3.11175237685515e-08,1.1227932,1.7182802,2.2182554905185405,0.0027143077,1.0551374e-08,3.11175237685515e-08,1.1561047,2.103813,2.2182554905185405,0.002321359,6.168249e-09,3.11175237685515e-08,1.0279356,1.7647953,2.2182554905185405,0.00045983391,5.3302895e-09,3.11175237685515e-08
81,1.2740868,1.8055379,2.295027834565947,0.0016861474,2.2511972e-09,1.1757718785294775e-08,1.1559976,1.8057418,2.295027834565947,0.0045063966,4.4506714e-09,1.1757718785294775e-08,1.1990111,2.199628,2.295027834565947,0.0028812655,2.5373708e-09,1.1757718785294775e-08,1.06931,1.8673122,2.295027834565947,0.0024898017,2.1420994e-09,1.1757718785294775e-08
82,1.3860726,1.893025,2.371800178613354,0.0013792699,1.7031868e-09,8.745736808190084e-09,1.1930151,1.8932034,2.371800178613354,0.0034263376,3.4179068e-09,8.745736808190084e-09,1.2633947,2.2954438,2.371800178613354,0.0027155953,1.8886661e-09,8.745736808190084e-09,1.0982308,1.9698288,2.371800178613354,0.009111575,1.5477716e-09,8.745736808190084e-09
83,1.5064211,1.9805121,2.4485725226607604,0.0019718024,2.568605e-09,1.3065559403758683e-08,1.2499238,1.9806654,2.4485725226607604,0.002018966,5.206628e-09,1.3065559403758683e-08,1.4036372,2.3912594,2.4485725226607604,0.0026485228,2.6694373e-09,1.3065559403758683e-08,1.1335675,2.0723457,2.4485725226607604,0.0010468266,2.0805746e-09,1.3065559403758683e-08
84,1.5739177,2.0679994,2.525344866708167,0.0042784302,0.041679118,0.032833462072704545,1.3710651,2.068127,2.525344866708167,0.00142515,0.041656815,0.032833462072704545,1.5436071,2.4870744,2.525344866708167,0.006687554,0.0028359734,0.032833462072704545,1.1930997,2.1748624,2.525344866708167,0.00036001657,0.012545291,0.032833462072704545
85,1.6131669,2.5558705,2.6021172107555737,0.011923812,0.007861342,0.025210262749382813,1.5317596,2.555768,2.6021172107555737,0.0020586199,0.007860819,0.025210262749382813,1.5958148,2.4888,2.6021172107555737,0.021592256,0.007651241,0.025210262749382813,1.3251215,2.1750402,2.6021172107555737,0.00019877928,0.028222196,0.025210262749382813
86,1.6421946,2.6606078,2.6788895548029803,0.01657029,6.0217903e-10,3.044455659090496e-09,1.6009717,2.6577065,2.6788895548029803,0.004762616,1.2284753e-09,3.044455659090496e-09,1.6296922,2.4905581,2.6788895548029803,0.0080306,7.417484e-10,3.044455659090496e-09,1.5072656,2.1752825,2.6788895548029803,0.00021688476,6.93254e-10,3.044455659090496e-09
87,1.674277,2.7653446,2.755661898850386,0.0063659665,0.0,0.0,1.6366168,2.7596447,2.755661898850386,0.013540119,0.0,0.0,1.669962,2.4923162,2.755661898850386,0.0025572004,0.0,0.0,1.5797791,2.175525,2.755661898850386,0.00035649122,0.0,0.0
88,1.7232075,2.870082,2.8324342428977927,0.0025983425,0.0,0.0,1.6624107,2.8615828,2.8324342428977927,0.017267812,0.0,0.0,1.733502,2.4940743,2.8324342428977927,0.001180446,0.0,0.0,1.613601,2.1757672,2.8324342428977927,0.000689792,0.0,0.0
89,1.8180825,2.974819,2.9092065869451993,0.0014834262,0.0,0.0,1.6923531,2.963521,2.9092065869451993,0.006660124,0.0,0.0,1.8503737,2.4958322,2.9092065869451993,0.0008385617,0.0,0.0,1.6332045,2.1760097,2.9092065869451993,0.0016298929,0.0,0.0
90,1.9583434,3.0795562,2.985978930992606,0.0017422532,0.0,0.0,1.7437781,3.0654595,2.985978930992606,0.0027312431,0.0,0.0,1.9560016,2.4975903,2.985978930992606,0.0012413743,0.0,0.0,1.6460803,2.176252,2.985978930992606,0.0057509947,0.0,0.0
91,2.0280478,3.1842935,3.0627512750400125,0.004106774,0.0,0.0,1.8786106,3.1673977,3.0627512750400125,0.0016189202,0.0,0.0,2.0029457,2.4993484,3.0627512750400125,0.0033894302,0.0,0.0,1.655322,2.1764941,3.0627512750400125,0.037483692,0.0,0.0
92,2.062232,3.28903,3.139523619087419,0.016627142,0.0,0.0,2.029648,3.2693362,3.139523619087419,0.0027039526,0.0,0.0,2.0264478,2.5011067,3.139523619087419,0.025655057,0.0,0.0,1.6637503,2.1767366,3.139523619087419,0.0067065367,0.0,0.0
93,2.085158,3.3937674,3.216295963134826,0.015281675,0.0,0.0,2.079411,3.3712745,3.216295963134826,0.007570216,0.0,0.0,2.0409837,2.5028648,3.216295963134826,0.010706559,0.0,0.0,1.6737564,2.1769788,3.216295963134826,0.0014498862,0.0,0.0
94,2.114586,3.4985046,3.2930683071822324,0.0029115267,0.0,0.0,2.104967,3.473213,3.2930683071822324,0.020137196,0.0,0.0,2.0569913,2.504623,3.2930683071822324,0.0017870899,0.0,0.0,1.6864578,2.1772213,3.2930683071822324,0.0004943402,0.0,0.0
95,2.1733239,3.6032417,3.369840651229638,0.00080245215,6.282743e-05,0.0005231340645434037,2.1279573,3.5751512,3.369840651229638,0.0070992927,6.242147e-05,0.0005231340645434037,2.0781066,2.506381,3.369840651229638,0.00058804057,0.0006954181,0.0005231340645434037,1.7041329,2.1774635,3.369840651229638,0.00019330083,0.0004684091,0.0005231340645434037
96,2.4534438,3.6533766,3.446612995277045,0.00040682973,0.0,0.0,2.1683733,3.6275113,3.446612995277045,0.0014950485,0.0,0.0,2.1116989,2.5085132,3.446612995277045,0.00023859255,0.0,0.0,1.7345533,2.1777918,3.446612995277045,6.403485e-05,0.0,0.0
97,2.5580978,3.7035117,3.5233853393244514,0.0069572655,0.0,0.0,2.5443532,3.679872,3.5233853393244514,0.0023562475,0.0,0.0,2.1867921,2.5106452,3.5233853393244514,0.00010560711,0.0,0.0,2.170313,2.1781201,3.5233853393244514,1.1031688e-05,0.0,0.0
98,2.6011045,3.7536464,3.600157683371858,0.0005731862,0.0,0.0,2.6159422,3.732232,3.600157683371858,0.0022578477,0.0,0.0,2.4977689,2.5127773,3.600157683371858,0.00017390562,0.0,0.0,2.1767673,2.1784487,3.600157683371858,0.0001701659,0.0,0.0
99,3.6937308,3.803781,3.6769300274192647,6.754843e-05,0.0,0.0,2.6637368,3.7845922,3.6769300274192647,0.0017453578,0.0,0.0,2.5096521,2.5149095,3.6769300274192647,0.009716571,0.0,0.0,2.1787765,2.1787767,3.6769300274192647,0.040638626,0.0,0.0
