,n,hidden_sizes,experiment,MSE_wellspec,SURE_wellspec,data
0,100,None,c,0.01246610329128496,-0.045293791032263706,train
1,100,"(2,)",c,0.049199337660729835,-0.08038456254932604,train
2,100,"(4,)",c,0.028055048568321403,-0.05690794049862694,train
3,100,"(6,)",c,0.037902451167504674,-0.06104285955278901,train
4,100,"(8,)",c,0.028962428628019045,-0.07598515405232475,train
5,100,"(10,)",c,0.025119756854433444,-0.06812270662633299,train
6,100,"(2, 2)",c,0.03421609464834047,-0.05656522211064691,train
7,100,"(4, 4)",c,0.06051940201164784,0.016402433150814865,train
8,100,None,i,2.0374448074816245,-1.6341848303476365,train
9,100,"(2,)",i,1.9976246829152027,-0.683409670617281,train
10,100,"(4,)",i,2.2778900681929284,0.4011593188272612,train
11,100,"(6,)",i,2.1951245013013434,-0.833994502464799,train
12,100,"(8,)",i,2.02984582267993,-1.768897966440286,train
13,100,"(10,)",i,2.2927931227666396,-1.373478300092213,train
14,100,"(2, 2)",i,2.4120919486373524,0.48328236174299694,train
15,100,"(4, 4)",i,1.737183706817119,0.9464160366401544,train
16,200,None,c,0.02174176654515331,-0.08793252114280856,train
17,200,"(2,)",c,0.06150583680759558,-0.12450982458173336,train
18,200,"(4,)",c,0.025112772681500587,-0.09072241357035558,train
19,200,"(6,)",c,0.06745661719691382,-0.11395600530527439,train
20,200,"(8,)",c,0.05973352999621089,-0.123221768732122,train
21,200,"(10,)",c,0.06739314834715052,-0.1265370851261214,train
22,200,"(2, 2)",c,0.06519277594857403,-0.009837032818751907,train
23,200,"(4, 4)",c,0.06709841034791815,-0.1251399595843801,train
24,200,None,i,2.8738281489283133,-1.32063734770624,train
25,200,"(2,)",i,2.130974206028299,1.474456025928729,train
26,200,"(4,)",i,2.8155800992530264,0.19955859975516785,train
27,200,"(6,)",i,2.1310771537419133,1.4742830254529224,train
28,200,"(8,)",i,2.7648604641960737,-0.18940437307852911,train
29,200,"(10,)",i,2.7210076736517332,-0.40680025850638657,train
30,200,"(2, 2)",i,2.131018765544521,1.474283926243088,train
31,200,"(4, 4)",i,2.474312069781309,0.9212870059674078,train
32,400,None,c,0.0660341023117559,0.015097241047627458,train
33,400,"(2,)",c,0.067933157669539,0.010680885903751337,train
34,400,"(4,)",c,0.12389442348633495,-1.07312262554915e-05,train
35,400,"(6,)",c,0.13397416347864224,-0.006239599042449118,train
36,400,"(8,)",c,0.07113093648122365,0.009599678381690997,train
37,400,"(10,)",c,0.06778256034966011,0.010191894942929132,train
38,400,"(2, 2)",c,0.06744762187683692,0.010941787685942133,train
39,400,"(4, 4)",c,0.14370544791923343,-0.02860302879463351,train
40,400,None,i,2.2962760935848614,-0.32064161254875695,train
41,400,"(2,)",i,1.5216097333092773,1.5195727581163732,train
42,400,"(4,)",i,1.978744403598846,0.8119523315944859,train
43,400,"(6,)",i,2.1324020954308702,0.020627505897517075,train
44,400,"(8,)",i,2.1788478267634637,-0.12463372249080919,train
45,400,"(10,)",i,2.0743265376073374,0.11267950694427091,train
46,400,"(2, 2)",i,1.5871124242646308,1.203768786984677,train
47,400,"(4, 4)",i,1.522896223602327,1.5174641708371384,train
48,800,None,c,0.005343459449280838,-0.00979157745539084,train
49,800,"(2,)",c,0.0049165189236212515,-0.009372992877021053,train
50,800,"(4,)",c,0.005201364510579046,-0.009530516832503525,train
51,800,"(6,)",c,0.004605386497477745,-0.009044979698386928,train
52,800,"(8,)",c,0.006470760950690414,-0.010278982773413667,train
53,800,"(10,)",c,0.006370869296518732,-0.010229956167935981,train
54,800,"(2, 2)",c,0.055881224519995866,0.032234113213652556,train
55,800,"(4, 4)",c,0.03171773318425522,-0.027247305139753725,train
56,800,None,i,2.168858902293774,0.17523192093266957,train
57,800,"(2,)",i,1.6516883961633189,1.3920512433695238,train
58,800,"(4,)",i,1.695292883566252,1.593456878513831,train
59,800,"(6,)",i,1.9169083263403701,1.3410253869784674,train
60,800,"(8,)",i,1.9043792833087425,0.8607208752161505,train
61,800,"(10,)",i,1.8625658196621386,0.9998113973357272,train
62,800,"(2, 2)",i,1.6955603632847762,1.5925147329693072,train
63,800,"(4, 4)",i,1.9430620231295936,1.0457939618984944,train
64,100,None,c,0.012087062765231193,0.0383495761069383,test
65,100,"(2,)",c,0.17966524478928858,0.12874407840445945,test
66,100,"(4,)",c,0.02439941548524736,0.03358102296523906,test
67,100,"(6,)",c,0.03190298276176751,0.03780116108980274,test
68,100,"(8,)",c,0.026455080249159137,0.021196283901667057,test
69,100,"(10,)",c,0.018852339903058055,0.03200245789859617,test
70,100,"(2, 2)",c,0.02460797073010963,0.05709812902434256,test
71,100,"(4, 4)",c,0.0489769233337166,0.11102906910210829,test
72,100,None,i,4.9945082929742926,5.946057710633308,test
73,100,"(2,)",i,4.50248682645024,3.1881913674502647,test
74,100,"(4,)",i,2.68771733668285,2.3479201219191657,test
75,100,"(6,)",i,4.481130411083776,3.604333183991812,test
76,100,"(8,)",i,4.928438330564388,4.412193463586456,test
77,100,"(10,)",i,5.36386430345165,4.400118389484377,test
78,100,"(2, 2)",i,2.648503829936428,2.4734958713045905,test
79,100,"(4, 4)",i,2.2659184912667003,2.048546412761313,test
80,200,None,c,0.018983395894613418,-0.039407905791046846,test
81,200,"(2,)",c,0.033549089405058546,-0.025851430795053636,test
82,200,"(4,)",c,0.02579656056069957,-0.02861752093922649,test
83,200,"(6,)",c,0.050003275722469764,-0.0005617590044854648,test
84,200,"(8,)",c,0.03281208849889192,-0.032959685240103766,test
85,200,"(10,)",c,0.038784756185336194,-0.018168590828473864,test
86,200,"(2, 2)",c,0.05216572185565093,0.01118004206614497,test
87,200,"(4, 4)",c,0.045128916936341315,-0.0148862706345607,test
88,200,None,i,4.937381482094548,4.738585513165016,test
89,200,"(2,)",i,1.8473529971658087,1.8261154747527162,test
90,200,"(4,)",i,2.9871396717414154,2.3331009007652486,test
91,200,"(6,)",i,1.847484233397495,1.8256815559889321,test
92,200,"(8,)",i,3.6691602398343712,2.7175563391925683,test
93,200,"(10,)",i,4.987352438587443,4.651756706928605,test
94,200,"(2, 2)",i,1.8473565159429801,1.8254597960525596,test
95,200,"(4, 4)",i,2.1628250036825962,1.9351747012216913,test
96,400,None,c,0.05927471785716611,0.08849142025776986,test
97,400,"(2,)",c,0.06011680020425074,0.09006298054515648,test
98,400,"(4,)",c,0.10296747136206143,0.10857170283884758,test
99,400,"(6,)",c,0.10804037211902666,0.10929617033655369,test
100,400,"(8,)",c,0.06156360332199503,0.09269663080452656,test
101,400,"(10,)",c,0.06027757069810324,0.09068810654047214,test
102,400,"(2, 2)",c,0.05839199427367356,0.09104519545270134,test
103,400,"(4, 4)",c,0.09672044059401165,0.08924571077197388,test
104,400,None,i,3.1095907418765756,3.6201195483174633,test
105,400,"(2,)",i,1.7201063008839825,1.7504970500102273,test
106,400,"(4,)",i,2.070911283758673,2.3125874197247875,test
107,400,"(6,)",i,2.9520518418208455,2.7858219073307726,test
108,400,"(8,)",i,2.814890220523293,2.928534648141694,test
109,400,"(10,)",i,2.759824003052366,2.5534049684140014,test
110,400,"(2, 2)",i,1.6980223974389055,2.026378955359132,test
111,400,"(4, 4)",i,1.730901647495778,1.7470286779433213,test
112,800,None,c,0.005900765867558534,0.03442449689705869,test
113,800,"(2,)",c,0.004838316792522376,0.03614760561046698,test
114,800,"(4,)",c,0.005334031491472991,0.03550240090516232,test
115,800,"(6,)",c,0.004684019203923031,0.03584389760125125,test
116,800,"(8,)",c,0.006072433812591094,0.03586700793025938,test
117,800,"(10,)",c,0.005985637384876394,0.03573307213140434,test
118,800,"(2, 2)",c,0.05301886912483113,0.08950095460745836,test
119,800,"(4, 4)",c,0.018362382536415964,0.049817109724739045,test
120,800,None,i,2.5236215192631675,2.556068563961918,test
121,800,"(2,)",i,1.7268646742189129,1.5800933239179416,test
122,800,"(4,)",i,1.7485330443382048,1.6660771850346232,test
123,800,"(6,)",i,1.979128720555767,1.9718375585422792,test
124,800,"(8,)",i,1.986127178142974,2.005334751925027,test
125,800,"(10,)",i,2.2217463248729867,2.2356124297783406,test
126,800,"(2, 2)",i,1.7489172331749503,1.6703438637852055,test
127,800,"(4, 4)",i,2.0095961335067787,1.914423188059759,test
0,100,None,c,0.02509954161297681,-0.011592480151763401,train
1,100,"(2,)",c,0.07220233029336835,-0.04087382393409356,train
2,100,"(4,)",c,0.03163073425438198,-0.016394360253056673,train
3,100,"(6,)",c,0.046395140258946095,-0.034793192629862926,train
4,100,"(8,)",c,0.036550649161595936,-0.026032026942253872,train
5,100,"(10,)",c,0.05366937348489276,-0.04171425306647838,train
6,100,"(2, 2)",c,0.050538212648206446,0.0315358957322438,train
7,100,"(4, 4)",c,0.08884525987257125,-0.059476069053481954,train
8,100,None,i,1.99915973769472,-1.6739435916088843,train
9,100,"(2,)",i,2.153090504271813,0.19351703017030042,train
10,100,"(4,)",i,2.135290222228124,-1.0225521133309028,train
11,100,"(6,)",i,2.2047346765004203,-1.215822870472861,train
12,100,"(8,)",i,2.006140401784487,-1.1327188948291411,train
13,100,"(10,)",i,2.2811286386067,-0.8652560816622793,train
14,100,"(2, 2)",i,1.849826635580731,1.407426321103619,train
15,100,"(4, 4)",i,2.0024430746146358,-0.5671468508246073,train
16,200,None,c,0.0024320697698571253,-0.0969977149804053,train
17,200,"(2,)",c,0.06278369959532841,-0.03294173572360366,train
18,200,"(4,)",c,0.019612390693634404,-0.11339500126388288,train
19,200,"(6,)",c,0.013921372803948838,-0.1072598429201587,train
20,200,"(8,)",c,0.018563521839082883,-0.11314276818090656,train
21,200,"(10,)",c,0.013254476322669153,-0.10715463905102889,train
22,200,"(2, 2)",c,0.012796182740010091,-0.10214551794933369,train
23,200,"(4, 4)",c,0.014752872086664016,-0.11157060548738755,train
24,200,None,i,2.5570762147417323,-1.1450450664956957,train
25,200,"(2,)",i,1.8622850671072901,1.5205819954402626,train
26,200,"(4,)",i,2.5730630285182072,0.3420627877920648,train
27,200,"(6,)",i,2.956142876249633,-0.33663877269846465,train
28,200,"(8,)",i,2.7843617588965923,0.0848071955701499,train
29,200,"(10,)",i,2.0808608844630454,-1.652473276910796,train
30,200,"(2, 2)",i,1.8617787993114623,1.5202931743509138,train
31,200,"(4, 4)",i,1.8620960043098405,1.5203513286270387,train
32,400,None,c,0.004112109865125709,-0.03616782853646882,train
33,400,"(2,)",c,0.05295783723858614,0.03513605455707042,train
34,400,"(4,)",c,0.0072441792761594225,-0.03819033125482292,train
35,400,"(6,)",c,0.00883731670999059,-0.039014355280514466,train
36,400,"(8,)",c,0.012061116267077869,-0.041320220911213255,train
37,400,"(10,)",c,0.009452593232793656,-0.038783702636341844,train
38,400,"(2, 2)",c,0.007054253651780597,-0.03786031628821398,train
39,400,"(4, 4)",c,0.013593215415292596,-0.04220671631373014,train
40,400,None,i,2.6870631078424294,-0.46372494199078396,train
41,400,"(2,)",i,1.9033793769586334,0.9551540618428104,train
42,400,"(4,)",i,1.9580396227875674,0.980821983292817,train
43,400,"(6,)",i,2.004759740717315,1.0108448944447717,train
44,400,"(8,)",i,2.09005468046351,0.0749043381869796,train
45,400,"(10,)",i,2.5100658117034182,-0.04400945580228223,train
46,400,"(2, 2)",i,2.0621264470222904,0.9233736497179273,train
47,400,"(4, 4)",i,1.9063471578497504,0.71384025860867,train
48,800,None,c,0.000979173079882624,-0.009052276815644213,train
49,800,"(2,)",c,0.00590126921584707,-0.011948745360579363,train
50,800,"(4,)",c,0.0011608316510018425,-0.00922518322135606,train
51,800,"(6,)",c,0.0028219014078756013,-0.011167617191905543,train
52,800,"(8,)",c,0.002157417493793665,-0.010201367168258969,train
53,800,"(10,)",c,0.0023735655274252005,-0.010299606515643933,train
54,800,"(2, 2)",c,0.004436698016618941,-0.012392542387575945,train
55,800,"(4, 4)",c,0.004545222947599854,-0.01192725454135839,train
56,800,None,i,2.29840049379502,-0.025779227506246945,train
57,800,"(2,)",i,1.8709549553493852,1.2230224682502222,train
58,800,"(4,)",i,1.7797375215134705,1.511785758518206,train
59,800,"(6,)",i,1.947477255985178,1.067591299586042,train
60,800,"(8,)",i,1.850345108520539,1.3265195950884079,train
61,800,"(10,)",i,2.130504277949544,0.37561827636993167,train
62,800,"(2, 2)",i,1.7801449332183337,1.5119854293589703,train
63,800,"(4, 4)",i,1.8763524720211069,1.3245090159555617,train
64,100,None,c,0.01942461495690533,-0.04864991261106136,test
65,100,"(2,)",c,0.051307130108267415,0.02588041795640253,test
66,100,"(4,)",c,0.021272539626888035,-0.0451851742995087,test
67,100,"(6,)",c,0.038559473822432654,-0.01887241077023755,test
68,100,"(8,)",c,0.025682334152525476,-0.0492032937972481,test
69,100,"(10,)",c,0.04597992176247489,-0.0027328640937773143,test
70,100,"(2, 2)",c,0.05681749706086312,-0.015538103931419427,test
71,100,"(4, 4)",c,0.07392734985912242,0.07976167260568985,test
72,100,None,i,5.645912285056894,5.274461781061878,test
73,100,"(2,)",i,2.6700920935021366,2.4950033700670473,test
74,100,"(4,)",i,6.017505266444808,5.613675280148457,test
75,100,"(6,)",i,5.588351326465825,5.070203259435444,test
76,100,"(8,)",i,3.5506282450283106,3.77075114983564,test
77,100,"(10,)",i,4.557716370785917,3.586978560440883,test
78,100,"(2, 2)",i,1.71518477812512,1.3061693659681168,test
79,100,"(4, 4)",i,3.4413489681472216,3.7454687115520624,test
80,200,None,c,0.0026810074202579188,0.043940799718848005,test
81,200,"(2,)",c,0.061927363408852854,0.06228200806614265,test
82,200,"(4,)",c,0.024134901796820298,0.05815325238529135,test
83,200,"(6,)",c,0.01307043190879212,0.03636161287103983,test
84,200,"(8,)",c,0.02249821355411517,0.06025039025089909,test
85,200,"(10,)",c,0.012527205475010668,0.035167695052067315,test
86,200,"(2, 2)",c,0.013013540727454823,0.04052873489224353,test
87,200,"(4, 4)",c,0.015946581889412545,0.05503865341380319,test
88,200,None,i,4.092220566265451,3.8955631453695263,test
89,200,"(2,)",i,1.311167849017082,1.455972773638166,test
90,200,"(4,)",i,2.033870959791253,2.296963116724187,test
91,200,"(6,)",i,3.1841408885735825,3.8376719557213916,test
92,200,"(8,)",i,2.5695664073706777,2.351996474454524,test
93,200,"(10,)",i,6.059872053914051,7.104965429888012,test
94,200,"(2, 2)",i,1.3112473248212921,1.4556301750700305,test
95,200,"(4, 4)",i,1.3112638106587793,1.4557304246162754,test
96,400,None,c,0.0037901877362582974,0.0095059518271129,test
97,400,"(2,)",c,0.05059417017369173,0.0748671785123797,test
98,400,"(4,)",c,0.008003881477114031,0.015141851887230945,test
99,400,"(6,)",c,0.009858337455126836,0.017750356814110736,test
100,400,"(8,)",c,0.011508451050521356,0.020555776103388154,test
101,400,"(10,)",c,0.009554047663711785,0.015710602452723228,test
102,400,"(2, 2)",c,0.00671655431876452,0.012887036684667381,test
103,400,"(4, 4)",c,0.013004616697429831,0.021093512791100295,test
104,400,None,i,3.4602299355871606,3.798536211754281,test
105,400,"(2,)",i,1.853386853475497,1.937944481010646,test
106,400,"(4,)",i,1.9248997778693993,1.9318990060784047,test
107,400,"(6,)",i,2.0548383409888107,1.9305138828390496,test
108,400,"(8,)",i,2.912140557233573,2.658323795612148,test
109,400,"(10,)",i,2.718857781050315,2.832588822685466,test
110,400,"(2, 2)",i,2.030981243589107,2.34981078347786,test
111,400,"(4, 4)",i,2.090247988634339,2.1887054774008683,test
112,800,None,c,0.001011404798089779,0.0484979078615941,test
113,800,"(2,)",c,0.0026194179317676368,0.04882569983910021,test
114,800,"(4,)",c,0.001198621225405828,0.04798367310664753,test
115,800,"(6,)",c,0.002845919390695824,0.04623689951655363,test
116,800,"(8,)",c,0.0021761307225608185,0.046797622443843924,test
117,800,"(10,)",c,0.0023270099910300364,0.046105265370145275,test
118,800,"(2, 2)",c,0.004668376897091281,0.04943056597637587,test
119,800,"(4, 4)",c,0.004571150994565191,0.047304973793241015,test
120,800,None,i,2.624822970630811,2.894484135780757,test
121,800,"(2,)",i,1.757345013845499,1.836485607985943,test
122,800,"(4,)",i,1.683745829979474,1.7058521522111385,test
123,800,"(6,)",i,1.8697352381022694,1.9086962964424512,test
124,800,"(8,)",i,1.6558651259796868,1.7464227762617845,test
125,800,"(10,)",i,2.348584576239262,2.455337212597047,test
126,800,"(2, 2)",i,1.684076264754658,1.7065103635492256,test
127,800,"(4, 4)",i,1.732073181045044,1.8099905096875728,test
0,100,None,c,0.04885734604331729,-0.060013381937732264,train
1,100,"(2,)",c,0.1650303979561936,-0.12117118934047628,train
2,100,"(4,)",c,0.04580388602059106,-0.06987477697810879,train
3,100,"(6,)",c,0.11438305174193612,-0.12096216506305205,train
4,100,"(8,)",c,0.06585161145241951,-0.06446355509646814,train
5,100,"(10,)",c,0.08337241652379518,-0.08345214499984904,train
6,100,"(2, 2)",c,0.12256137589021368,-0.13055625541540505,train
7,100,"(4, 4)",c,0.09768686686821507,-0.0777963544338693,train
8,100,None,i,1.9454552882593623,-1.8591792559644844,train
9,100,"(2,)",i,2.9732323530391143,0.07117519191629003,train
10,100,"(4,)",i,2.3244669290965185,-0.5093566281566928,train
11,100,"(6,)",i,2.5274091272629953,-1.1456067569193826,train
12,100,"(8,)",i,2.187563533059704,-1.0882739141008566,train
13,100,"(10,)",i,2.5649035553896002,-1.1735593059896017,train
14,100,"(2, 2)",i,2.5244325238800744,0.1100215812087695,train
15,100,"(4, 4)",i,2.3795808719012723,-0.5551225333280813,train
16,200,None,c,0.0029452511577809652,-0.0163640780287323,train
17,200,"(2,)",c,0.003692501066731829,-0.017524493363018742,train
18,200,"(4,)",c,0.0252141361346924,-0.031691458543459505,train
19,200,"(6,)",c,0.0013997232131362166,-0.015114135028381086,train
20,200,"(8,)",c,0.02421687365078843,-0.019537000411377046,train
21,200,"(10,)",c,0.012845735522327716,-0.023474832288749886,train
22,200,"(2, 2)",c,0.0023610578273687206,-0.017178708356047675,train
23,200,"(4, 4)",c,0.055021680160828874,0.039195254226016336,train
24,200,None,i,2.270625566326321,-1.2428775009454183,train
25,200,"(2,)",i,1.7424695277173823,0.9877708355869104,train
26,200,"(4,)",i,2.340734489864798,0.1337584633301719,train
27,200,"(6,)",i,1.9783474244737953,0.8414763874435213,train
28,200,"(8,)",i,2.040931378773339,0.2993188996309051,train
29,200,"(10,)",i,2.211886551329014,-1.243927808261641,train
30,200,"(2, 2)",i,1.5395586546391686,1.4169004520954716,train
31,200,"(4, 4)",i,1.7485910957141906,1.2836249327180285,train
32,400,None,c,0.04493990723299624,0.043025813562123254,train
33,400,"(2,)",c,0.06101628619799581,0.03233202604637812,train
34,400,"(4,)",c,0.053161701128443706,0.03830414533325259,train
35,400,"(6,)",c,0.04548469956134741,0.04233905765588552,train
36,400,"(8,)",c,0.051370689253672115,0.03754153659615634,train
37,400,"(10,)",c,0.045396118774449795,0.04264379650411187,train
38,400,"(2, 2)",c,0.048178119036593,0.04003032888524212,train
39,400,"(4, 4)",c,0.053404104568019584,0.034006100682668655,train
40,400,None,i,2.33268393469471,-0.42659541566126785,train
41,400,"(2,)",i,2.1466617506088417,0.863981588284959,train
42,400,"(4,)",i,2.0791904015932117,0.5230574494081937,train
43,400,"(6,)",i,2.394605912484242,0.0640289478146895,train
44,400,"(8,)",i,1.9377813576259764,0.5936226783452877,train
45,400,"(10,)",i,2.2224764449363765,0.4254242395739543,train
46,400,"(2, 2)",i,1.8362890692899427,1.139347878756714,train
47,400,"(4, 4)",i,2.127256982525551,0.6979210914535606,train
48,800,None,c,0.006490304250561405,-0.007980316325752437,train
49,800,"(2,)",c,0.006983341540581478,-0.008715953110020413,train
50,800,"(4,)",c,0.006836594387490185,-0.008665638126051266,train
51,800,"(6,)",c,0.008822375514973994,-0.008001959540419157,train
52,800,"(8,)",c,0.007046307288445722,-0.008731810859856583,train
53,800,"(10,)",c,0.006905862351964477,-0.008618772419308798,train
54,800,"(2, 2)",c,0.009458101885306715,-0.011178889162350334,train
55,800,"(4, 4)",c,0.006931179110039298,-0.008683975099384024,train
56,800,None,i,2.310865932355686,0.111677754375529,train
57,800,"(2,)",i,1.6395251281700576,1.5395458432180424,train
58,800,"(4,)",i,1.8644712496594287,1.107157321964083,train
59,800,"(6,)",i,1.831203288479235,1.3227919304206404,train
60,800,"(8,)",i,2.394388781552135,0.08106432733467842,train
61,800,"(10,)",i,2.11279941200623,0.35915826902543857,train
62,800,"(2, 2)",i,1.6362131402454148,1.552809969129822,train
63,800,"(4, 4)",i,1.8431278905909598,1.1772164195661388,train
64,100,None,c,0.005671053475554075,-0.044002932226090204,test
65,100,"(2,)",c,0.108358936081815,0.1453570482658412,test
66,100,"(4,)",c,0.03994542181923741,0.09218621036592645,test
67,100,"(6,)",c,0.11414419244354475,0.11033746175336245,test
68,100,"(8,)",c,0.01792497805048394,-0.024142287116621503,test
69,100,"(10,)",c,0.024541542858470385,0.025695142073471972,test
70,100,"(2, 2)",c,0.0812804333711947,0.15488645150693628,test
71,100,"(4, 4)",c,0.01795325795262128,-0.050799590932355976,test
72,100,None,i,5.716753810962791,6.87057132213163,test
73,100,"(2,)",i,3.089933218168556,3.2483874112414264,test
74,100,"(4,)",i,3.976329194535661,3.477549170488126,test
75,100,"(6,)",i,5.225508436762003,7.050101758007342,test
76,100,"(8,)",i,3.4598869263263414,4.158010965317681,test
77,100,"(10,)",i,4.264567019232322,4.703889281858206,test
78,100,"(2, 2)",i,3.441656351703277,3.5270853367080806,test
79,100,"(4, 4)",i,3.1511762334217686,3.9911783509172536,test
80,200,None,c,0.0030960763127826866,-0.065314754542127,test
81,200,"(2,)",c,0.003245584372936019,-0.06049776189490859,test
82,200,"(4,)",c,0.07008139668340357,-0.02222283947163707,test
83,200,"(6,)",c,0.0014113831531539155,-0.06738092394990482,test
84,200,"(8,)",c,0.04918326977456669,-0.03475073794651696,test
85,200,"(10,)",c,0.019965213591859488,-0.05472293017471696,test
86,200,"(2, 2)",c,0.0021607675875021655,-0.06538217720598065,test
87,200,"(4, 4)",c,0.05786835968355847,-0.005567851100677801,test
88,200,None,i,5.607126286898947,7.278810507717035,test
89,200,"(2,)",i,2.0176961549591357,1.7071769792912783,test
90,200,"(4,)",i,2.809046963520548,3.3448034224441274,test
91,200,"(6,)",i,2.6564280836028518,1.9254903800743588,test
92,200,"(8,)",i,2.910690642435432,2.473253820128994,test
93,200,"(10,)",i,4.261839496302843,4.595829588438544,test
94,200,"(2, 2)",i,1.8742807380852609,1.6785967474442893,test
95,200,"(4, 4)",i,2.1682609820963257,1.5417511758653042,test
96,400,None,c,0.04155668011153146,0.07230266578007893,test
97,400,"(2,)",c,0.05069581225762167,0.08122115130880421,test
98,400,"(4,)",c,0.047345012036534545,0.0804139196390375,test
99,400,"(6,)",c,0.04256037698591315,0.07084058858330088,test
100,400,"(8,)",c,0.04580423211420758,0.07539009746849427,test
101,400,"(10,)",c,0.04229793861456766,0.07044348578925294,test
102,400,"(2, 2)",c,0.04423650735440499,0.06631561065370098,test
103,400,"(4, 4)",c,0.04780740833064332,0.07577237911991457,test
104,400,None,i,4.004417871433985,3.8040373751252456,test
105,400,"(2,)",i,2.2422789474919695,2.3365018334672683,test
106,400,"(4,)",i,2.2999471010967083,2.0618204170349466,test
107,400,"(6,)",i,2.889352426244806,2.9618812044441816,test
108,400,"(8,)",i,2.1134580925352764,2.299189664283954,test
109,400,"(10,)",i,2.2385690821515727,1.9346427153426193,test
110,400,"(2, 2)",i,1.9004968886999258,1.6659504310665125,test
111,400,"(4, 4)",i,2.50050210632454,2.1451076905586066,test
112,800,None,c,0.007147985575436217,0.0078561734273049,test
113,800,"(2,)",c,0.007538457139173472,0.009911785001950064,test
114,800,"(4,)",c,0.007405040845382326,0.009394259329993097,test
115,800,"(6,)",c,0.009626787191093724,0.011156066625645136,test
116,800,"(8,)",c,0.0076132212334085025,0.009933519382008274,test
117,800,"(10,)",c,0.007501950514807957,0.009395214287752954,test
118,800,"(2, 2)",c,0.009854302714450648,0.01603874717083717,test
119,800,"(4, 4)",c,0.007502376326142641,0.009692920809026792,test
120,800,None,i,2.4702429064766784,2.6711776887298835,test
121,800,"(2,)",i,1.6160684886736134,1.5515585055202954,test
122,800,"(4,)",i,1.7869119318669349,1.6423536846126854,test
123,800,"(6,)",i,1.8869739091058242,1.836693522293539,test
124,800,"(8,)",i,2.591586195053223,2.727014507475496,test
125,800,"(10,)",i,2.3134647932957644,2.3359312584796896,test
126,800,"(2, 2)",i,1.6288315983635149,1.539968269697292,test
127,800,"(4, 4)",i,1.7765451007785393,1.7414963918364357,test
0,100,None,c,0.014333594143901724,-0.031075373934530665,train
1,100,"(2,)",c,0.02780760351794587,-0.04014838949727661,train
2,100,"(4,)",c,0.03434899982637028,-0.04257415944995818,train
3,100,"(6,)",c,0.029486671160920915,-0.04785634063203845,train
4,100,"(8,)",c,0.027460969502483307,-0.0458410736410703,train
5,100,"(10,)",c,0.02298814842921129,-0.038581672351669385,train
6,100,"(2, 2)",c,0.031698922704857135,-0.044037351226294236,train
7,100,"(4, 4)",c,0.032705080220167694,-0.04916536485176098,train
8,100,None,i,1.847952615130466,-1.6679697600295993,train
9,100,"(2,)",i,2.6057090197554373,0.22881422960629416,train
10,100,"(4,)",i,2.0221549808521333,-1.0456643366547418,train
11,100,"(6,)",i,1.7351813990054035,-1.644342501740328,train
12,100,"(8,)",i,1.626031599441408,-1.6545660178159443,train
13,100,"(10,)",i,2.0342199819929347,-1.3582871905665546,train
14,100,"(2, 2)",i,2.2322359657892794,0.1187750681253237,train
15,100,"(4, 4)",i,2.215140420425158,0.48793020822267985,train
16,200,None,c,0.016740193202477386,0.013087180294235105,train
17,200,"(2,)",c,0.019116712562291405,0.014162052223112304,train
18,200,"(4,)",c,0.03849047990687575,-0.004393839067809182,train
19,200,"(6,)",c,0.036630041810566706,-0.0018216862292586278,train
20,200,"(8,)",c,0.03051175414755978,0.0057582499900167864,train
21,200,"(10,)",c,0.05861179134946475,-0.01742172055797365,train
22,200,"(2, 2)",c,0.04968219983964191,-0.012481372476107193,train
23,200,"(4, 4)",c,0.03846358611871423,-0.004229883365963092,train
24,200,None,i,2.3317675674915495,-0.9937492941620812,train
25,200,"(2,)",i,1.9869710372938698,1.1377458412419716,train
26,200,"(4,)",i,2.006343727366634,-0.14490080376128564,train
27,200,"(6,)",i,2.0405813870407368,0.5067129186990441,train
28,200,"(8,)",i,2.1786281825523766,-1.0877293373396983,train
29,200,"(10,)",i,2.2722710442680762,-0.9350283581329708,train
30,200,"(2, 2)",i,2.050176205169956,0.8028008717563054,train
31,200,"(4, 4)",i,1.9843412516815107,0.19815609577902152,train
32,400,None,c,0.0051424714102086015,-0.04753511945110039,train
33,400,"(2,)",c,0.01473818808953436,-0.0589869721792515,train
34,400,"(4,)",c,0.024277154689797763,-0.06705225126315545,train
35,400,"(6,)",c,0.024297958169955714,-0.0668711477076998,train
36,400,"(8,)",c,0.012287781547407678,-0.0594054903127301,train
37,400,"(10,)",c,0.030535449829499274,-0.067494017669452,train
38,400,"(2, 2)",c,0.01652338447838048,-0.06115737630059957,train
39,400,"(4, 4)",c,0.018270067443450305,-0.06390781571994969,train
40,400,None,i,2.4123660336474746,-0.167937789099784,train
41,400,"(2,)",i,1.69625452652233,1.2113541095540883,train
42,400,"(4,)",i,2.1106098615088125,0.8161979235882652,train
43,400,"(6,)",i,2.13548028589071,0.41632377117551,train
44,400,"(8,)",i,1.9895243127677897,0.565080854542749,train
45,400,"(10,)",i,2.1886865610714925,0.23126428337007457,train
46,400,"(2, 2)",i,1.7775601369133367,1.47868893432995,train
47,400,"(4, 4)",i,2.0352487473636227,1.0518697044195104,train
48,800,None,c,0.0022234861488539186,0.0035657366634969856,train
49,800,"(2,)",c,0.0574993813068698,0.05105465933712127,train
50,800,"(4,)",c,0.0033488200575965943,0.0014255221928399665,train
51,800,"(6,)",c,0.014555371158617549,-0.006357153522901566,train
52,800,"(8,)",c,0.003320498693123187,0.003163041562194199,train
53,800,"(10,)",c,0.014883006335009837,-0.006302103164636322,train
54,800,"(2, 2)",c,0.05751093523752917,0.05100703774174518,train
55,800,"(4, 4)",c,0.05749942906119867,0.0510176337183395,train
56,800,None,i,2.291327486866662,0.1459244544101161,train
57,800,"(2,)",i,2.0102174497475396,1.0013698933605568,train
58,800,"(4,)",i,1.9039834329320753,1.043464880433467,train
59,800,"(6,)",i,1.953843677867223,1.0131234809429972,train
60,800,"(8,)",i,2.143090847870672,0.6987484751898255,train
61,800,"(10,)",i,2.145840849279106,0.17755199216181666,train
62,800,"(2, 2)",i,1.7474906990841874,1.26895359599426,train
63,800,"(4, 4)",i,1.7465065858799864,1.2733085465099905,train
64,100,None,c,0.00595017977917804,-0.03366688779808468,test
65,100,"(2,)",c,0.010941470011756209,-0.01778149677360753,test
66,100,"(4,)",c,0.013600410911698864,-0.01625331034601811,test
67,100,"(6,)",c,0.015609797343608883,-0.018959919509278913,test
68,100,"(8,)",c,0.009210119154659144,-0.013373966320102662,test
69,100,"(10,)",c,0.009115583212365852,-0.02436723590525184,test
70,100,"(2, 2)",c,0.01200354240912636,-0.020400520846393697,test
71,100,"(4, 4)",c,0.01832805821195214,-0.017269076162120586,test
72,100,None,i,4.275971888170843,4.584266006031253,test
73,100,"(2,)",i,3.060932867016364,2.0660547300458822,test
74,100,"(4,)",i,3.9523513894628253,4.860122964847041,test
75,100,"(6,)",i,7.780406275966711,8.196740684161787,test
76,100,"(8,)",i,7.016878684568287,7.759521343235978,test
77,100,"(10,)",i,6.643846083622706,8.236697713278884,test
78,100,"(2, 2)",i,2.8084107961290177,3.216124342300387,test
79,100,"(4, 4)",i,2.5997946268972694,2.3652271591879996,test
80,200,None,c,0.016744654578352648,0.02907997401435053,test
81,200,"(2,)",c,0.010803899634341868,0.03367199236249305,test
82,200,"(4,)",c,0.024592166049555133,0.038807460076908246,test
83,200,"(6,)",c,0.029206435467238428,0.03077246430265105,test
84,200,"(8,)",c,0.02871206215661481,0.046311820546108565,test
85,200,"(10,)",c,0.04357996261100942,0.06800532570724639,test
86,200,"(2, 2)",c,0.032127329528740436,0.049743009835528505,test
87,200,"(4, 4)",c,0.028766397772748826,0.04352501264298142,test
88,200,None,i,4.1236732547284465,3.55688313264552,test
89,200,"(2,)",i,2.4469005896198572,2.033434642369716,test
90,200,"(4,)",i,3.184962249310715,2.202024412411647,test
91,200,"(6,)",i,3.52597036264537,3.2605863363174543,test
92,200,"(8,)",i,4.30491141157121,3.7713120976326238,test
93,200,"(10,)",i,4.581117384477861,3.5329906332025733,test
94,200,"(2, 2)",i,2.559529367525697,2.767283513767737,test
95,200,"(4, 4)",i,2.4319017438118764,2.0778908605620905,test
96,400,None,c,0.004989906353239122,-0.008612633096228483,test
97,400,"(2,)",c,0.01453318929411636,-0.010548679527085731,test
98,400,"(4,)",c,0.022752589683734347,-0.006440428466315171,test
99,400,"(6,)",c,0.022128095936067318,-0.005089901603566771,test
100,400,"(8,)",c,0.011937977175343284,-0.011032469001928917,test
101,400,"(10,)",c,0.030145508255417716,-0.006595302685735101,test
102,400,"(2, 2)",c,0.015514425073932008,-0.009090698770493306,test
103,400,"(4, 4)",c,0.017609435568290567,-0.009229634851259397,test
104,400,None,i,2.5122185750149826,2.8719757033320126,test
105,400,"(2,)",i,1.4681708504384638,1.8040406272881586,test
106,400,"(4,)",i,1.9313291688364362,2.1326976300466587,test
107,400,"(6,)",i,2.3459463011047332,2.8963052949414068,test
108,400,"(8,)",i,1.9987949441248754,2.219438623932287,test
109,400,"(10,)",i,2.3919142751150453,2.56353685518596,test
110,400,"(2, 2)",i,1.5535347751813766,1.7503699544944076,test
111,400,"(4, 4)",i,1.9003884870242636,1.6998993335841297,test
112,800,None,c,0.0017011272125758174,-0.0059821386170423345,test
113,800,"(2,)",c,0.05240508393783545,0.046085361520537084,test
114,800,"(4,)",c,0.0032300312685356485,-0.0027186753876916945,test
115,800,"(6,)",c,0.014924437870491702,0.008773602553080226,test
116,800,"(8,)",c,0.0020228449583728687,-0.0049025519605489405,test
117,800,"(10,)",c,0.014186254054231805,0.00949077598624344,test
118,800,"(2, 2)",c,0.05238659428339844,0.04605523314153823,test
119,800,"(4, 4)",c,0.052385031549139406,0.04604038602266364,test
120,800,None,i,2.7760874447325845,2.501604939702547,test
121,800,"(2,)",i,2.181174434148941,2.1618492847842847,test
122,800,"(4,)",i,1.942878140681813,1.9198170313235687,test
123,800,"(6,)",i,1.9744217554723267,2.0470743782232157,test
124,800,"(8,)",i,2.276795962865249,2.1611686931933862,test
125,800,"(10,)",i,2.462455082725429,2.450832779384928,test
126,800,"(2, 2)",i,1.8250533295741453,1.717621945572342,test
127,800,"(4, 4)",i,1.8836734116381768,1.7187605490816855,test
0,100,None,c,0.04976141335184191,-0.149289560154028,train
1,100,"(2,)",c,0.054348696780837716,-0.14959596117728416,train
2,100,"(4,)",c,0.09194228757647883,-0.1680062538238411,train
3,100,"(6,)",c,0.05119012855945734,-0.1472466229553174,train
4,100,"(8,)",c,0.062005523619900485,-0.15424939908998217,train
5,100,"(10,)",c,0.06216572305026422,-0.15393939484561528,train
6,100,"(2, 2)",c,0.08738168565856867,-0.17793687643410422,train
7,100,"(4, 4)",c,0.0733655056688681,-0.15711654276188333,train
8,100,None,i,2.1237014617525314,-1.844294598708853,train
9,100,"(2,)",i,2.488416591557116,0.31758050674833477,train
10,100,"(4,)",i,2.540188146666205,-1.2739934773224268,train
11,100,"(6,)",i,2.1656126161895184,-0.9104001501598495,train
12,100,"(8,)",i,2.186013169794713,-0.826603661975138,train
13,100,"(10,)",i,2.2653426644584083,-0.5108855465323824,train
14,100,"(2, 2)",i,1.8305069010273711,1.3396224354794777,train
15,100,"(4, 4)",i,2.1265564497711495,-0.27373535103956864,train
16,200,None,c,0.004430395610841875,-0.06995278415784519,train
17,200,"(2,)",c,0.019283789652830962,-0.08123540508790558,train
18,200,"(4,)",c,0.038933799746553116,-0.08826210094574212,train
19,200,"(6,)",c,0.036556662720045895,-0.09165925830027553,train
20,200,"(8,)",c,0.016673727083005664,-0.08069048589597902,train
21,200,"(10,)",c,0.016070237040875533,-0.08347700328358494,train
22,200,"(2, 2)",c,0.06023841247598003,-0.022048889708465882,train
23,200,"(4, 4)",c,0.06020605484192056,-0.022033705212159995,train
24,200,None,i,2.2420175030817733,-1.195417705811912,train
25,200,"(2,)",i,2.037526736074712,0.8047851918530771,train
26,200,"(4,)",i,2.150577256346193,0.07505674189532964,train
27,200,"(6,)",i,2.3499228758183173,-0.497879679892108,train
28,200,"(8,)",i,2.515833325452837,-0.4868681267837494,train
29,200,"(10,)",i,2.3805547667856954,-0.07986887059686983,train
30,200,"(2, 2)",i,1.7510072188160668,1.366475021559676,train
31,200,"(4, 4)",i,1.7503159053037913,1.3667956405714725,train
32,400,None,c,0.02511372403508047,0.004134398884839299,train
33,400,"(2,)",c,0.026608884177875217,0.004042772952754521,train
34,400,"(4,)",c,0.028693818274356585,0.0021372903458321923,train
35,400,"(6,)",c,0.026214227759433908,0.0037816151046308,train
36,400,"(8,)",c,0.023664315282867932,0.003903273204178528,train
37,400,"(10,)",c,0.025212176075290905,0.0029805348220772942,train
38,400,"(2, 2)",c,0.02752250098968534,0.0034441115600489748,train
39,400,"(4, 4)",c,0.024604015143955535,0.002877291932441286,train
40,400,None,i,2.534305036050426,-0.5285214720558267,train
41,400,"(2,)",i,1.7731994294190832,1.2737543091160373,train
42,400,"(4,)",i,2.4486357462755,0.020535954693504967,train
43,400,"(6,)",i,2.331413116389033,0.1249590103725814,train
44,400,"(8,)",i,1.9299188160796117,0.6995030709391725,train
45,400,"(10,)",i,2.4789199027200657,-0.21978031077832136,train
46,400,"(2, 2)",i,2.0479774170773704,1.1649620026255816,train
47,400,"(4, 4)",i,1.887830789476463,1.1534604789878788,train
48,800,None,c,0.002923759889436051,-0.013793759015633658,train
49,800,"(2,)",c,0.002913096532815357,-0.01381460254731613,train
50,800,"(4,)",c,0.004314194049483655,-0.015232395436897922,train
51,800,"(6,)",c,0.0029156700116622415,-0.013804828815871651,train
52,800,"(8,)",c,0.002936946036544852,-0.01380898254900796,train
53,800,"(10,)",c,0.0029308967898281912,-0.013812379888464062,train
54,800,"(2, 2)",c,0.0097502498297457,-0.021765255796172615,train
55,800,"(4, 4)",c,0.0037452187940314207,-0.015154202819092317,train
56,800,None,i,2.3120257975648584,-0.003372402746276544,train
57,800,"(2,)",i,1.7222137805925828,1.5665738417164408,train
58,800,"(4,)",i,1.8537953586788865,0.8749144590055032,train
59,800,"(6,)",i,1.803991590890381,1.107839888353182,train
60,800,"(8,)",i,1.9079051915676488,0.6719407402166266,train
61,800,"(10,)",i,1.9574872183950907,0.6591597737029521,train
62,800,"(2, 2)",i,1.785807558917828,1.3115316662610883,train
63,800,"(4, 4)",i,1.955237102422427,1.1228866100265962,train
64,100,None,c,0.04878307149509819,-0.030961517173662294,test
65,100,"(2,)",c,0.05274142394421474,-0.03003429471903676,test
66,100,"(4,)",c,0.07926587285885839,0.0069964983341115825,test
67,100,"(6,)",c,0.04989547514530026,-0.0319172997526093,test
68,100,"(8,)",c,0.06508320824642515,-0.03138001813363756,test
69,100,"(10,)",c,0.06491551372581744,-0.03082201713298179,test
70,100,"(2, 2)",c,0.06477487081640837,-0.013258763650463933,test
71,100,"(4, 4)",c,0.07201079557045613,-0.023091324897159433,test
72,100,None,i,7.485387379674294,6.937467714086356,test
73,100,"(2,)",i,3.5384923385515905,2.5714986755250457,test
74,100,"(4,)",i,4.308968856477765,3.800810935638357,test
75,100,"(6,)",i,4.952257849849615,3.994096118605111,test
76,100,"(8,)",i,4.547802867013996,3.39231461098332,test
77,100,"(10,)",i,3.909314113078773,3.705147862297938,test
78,100,"(2, 2)",i,2.203393898616664,1.5673671421616922,test
79,100,"(4, 4)",i,3.0376838170984524,2.4581901603076934,test
80,200,None,c,0.005046464419764935,0.05512279042328915,test
81,200,"(2,)",c,0.020051319003587687,0.08277192139337781,test
82,200,"(4,)",c,0.028942547983060347,0.10394425114762842,test
83,200,"(6,)",c,0.02498918640317566,0.09657595182473436,test
84,200,"(8,)",c,0.018178226609197132,0.08553734478725605,test
85,200,"(10,)",c,0.018436688449401856,0.09346452244958686,test
86,200,"(2, 2)",c,0.06172677323450263,0.09706897001239485,test
87,200,"(4, 4)",c,0.06171098456938644,0.09704519011022868,test
88,200,None,i,3.674795417656118,3.7146962130941477,test
89,200,"(2,)",i,1.958876570634615,2.2316519225966527,test
90,200,"(4,)",i,2.493691665720386,2.7381334349300506,test
91,200,"(6,)",i,2.676157654180276,2.6208235601931187,test
92,200,"(8,)",i,3.4609524782248804,3.00295757230644,test
93,200,"(10,)",i,3.462222812365137,3.959523700748172,test
94,200,"(2, 2)",i,1.7686138588857714,1.9004104551119598,test
95,200,"(4, 4)",i,1.76802984656466,1.899487636289996,test
96,400,None,c,0.019084353554268633,0.049489071868434424,test
97,400,"(2,)",c,0.020205693292253652,0.05044860264929561,test
98,400,"(4,)",c,0.02169388107270434,0.050377142343311955,test
99,400,"(6,)",c,0.01929251841768231,0.04861573258552518,test
100,400,"(8,)",c,0.01750135340610778,0.04654162799379973,test
101,400,"(10,)",c,0.01856482439540732,0.04752585935643022,test
102,400,"(2, 2)",c,0.021486524740045684,0.05132406402323435,test
103,400,"(4, 4)",c,0.018535645714838334,0.04562565245503101,test
104,400,None,i,4.099538726835919,3.6980829605520547,test
105,400,"(2,)",i,1.8636466782004388,1.806931051616544,test
106,400,"(4,)",i,2.8183121927370935,2.4879840524754964,test
107,400,"(6,)",i,2.660416136584216,2.540033520134322,test
108,400,"(8,)",i,1.882447671518147,1.9056416798566886,test
109,400,"(10,)",i,3.037313483521803,3.079054298467921,test
110,400,"(2, 2)",i,2.2008585196763737,1.9270533478364826,test
111,400,"(4, 4)",i,1.8391106574310916,1.7039336954079733,test
112,800,None,c,0.002879640523550287,0.013452421694102759,test
113,800,"(2,)",c,0.0028605353531759364,0.01335577617656463,test
114,800,"(4,)",c,0.0038765047715034646,0.014863697894136472,test
115,800,"(6,)",c,0.002864148325814168,0.013348854922046205,test
116,800,"(8,)",c,0.0028836146524608554,0.013362915156138522,test
117,800,"(10,)",c,0.0028886649247259195,0.013431122451412305,test
118,800,"(2, 2)",c,0.010728906972071905,0.03009477247848497,test
119,800,"(4, 4)",c,0.0033436350507203504,0.014040284014396569,test
120,800,None,i,2.7348087890554273,2.8415221003994042,test
121,800,"(2,)",i,1.6684577006759904,1.6615590626637657,test
122,800,"(4,)",i,1.954130010082688,2.058022021615978,test
123,800,"(6,)",i,1.8053686348384432,2.2346120830495555,test
124,800,"(8,)",i,2.1501951483060746,2.0809763713622185,test
125,800,"(10,)",i,2.3510558714206726,2.55895064217205,test
126,800,"(2, 2)",i,1.8080860313002076,1.7141381809278338,test
127,800,"(4, 4)",i,1.91353522508103,2.019200417319562,test
0,100,None,c,0.044018326713433316,-0.08559186728432676,train
1,100,"(2,)",c,0.06381720133303065,-0.10277362946592017,train
2,100,"(4,)",c,0.042153855757710385,-0.10902103277898706,train
3,100,"(6,)",c,0.1647967775897661,-0.14404555725979726,train
4,100,"(8,)",c,0.05161365456035463,-0.0976687816638229,train
5,100,"(10,)",c,0.045238271425526264,-0.09520261428700119,train
6,100,"(2, 2)",c,0.07223696989318991,-0.062185567040340686,train
7,100,"(4, 4)",c,0.07182897822520083,-0.062182403640764446,train
8,100,None,i,2.054917906868732,-1.2596710353294793,train
9,100,"(2,)",i,1.718207860243304,0.1725330686243533,train
10,100,"(4,)",i,2.27831556863908,-0.24958545420672246,train
11,100,"(6,)",i,1.9539070853662652,-1.004121112260439,train
12,100,"(8,)",i,2.28156281471056,-1.1215720046825601,train
13,100,"(10,)",i,1.9875839223261824,-0.8435017916849884,train
14,100,"(2, 2)",i,1.541591835359509,1.423232980753248,train
15,100,"(4, 4)",i,1.767758243279644,-0.72987839732093,train
16,200,None,c,0.03864403739295388,0.0284854793860221,train
17,200,"(2,)",c,0.09396188395440738,0.0958271598321425,train
18,200,"(4,)",c,0.09463923074261243,-0.009762023537735746,train
19,200,"(6,)",c,0.10659027503018254,-0.022644726659573924,train
20,200,"(8,)",c,0.10648808529608403,-0.02075317613010734,train
21,200,"(10,)",c,0.10341080458976895,-0.019591288008320197,train
22,200,"(2, 2)",c,0.0939295497201446,0.09583597541172324,train
23,200,"(4, 4)",c,0.08955192156003516,-0.008499611869512784,train
24,200,None,i,2.3577121116626385,-1.3038876466904958,train
25,200,"(2,)",i,1.5968164263595295,1.454203376825679,train
26,200,"(4,)",i,2.1080451875818285,0.5848404051157498,train
27,200,"(6,)",i,2.3223969190073306,0.145232896917491,train
28,200,"(8,)",i,2.412744918259487,-0.7806252609319142,train
29,200,"(10,)",i,2.1173371593088075,-0.8098310310254979,train
30,200,"(2, 2)",i,1.9148028286594234,0.51794990985178,train
31,200,"(4, 4)",i,2.0804861973934585,0.40295984440790406,train
32,400,None,c,0.011550599936800111,0.013653676014036194,train
33,400,"(2,)",c,0.047900263567954904,-0.0032537810784427613,train
34,400,"(4,)",c,0.05380365216723598,0.07722477235649416,train
35,400,"(6,)",c,0.020546138195685067,0.003586525420950828,train
36,400,"(8,)",c,0.02568262479999743,0.002963926816194367,train
37,400,"(10,)",c,0.018269026263747136,0.00638685673282136,train
38,400,"(2, 2)",c,0.004749377286352489,0.0167514767581124,train
39,400,"(4, 4)",c,0.024881615935998184,0.0021100527829595018,train
40,400,None,i,2.5378097069376415,-0.48039314803602096,train
41,400,"(2,)",i,1.8557613540037483,1.4858048366860122,train
42,400,"(4,)",i,2.3894389237679428,0.5223114086610283,train
43,400,"(6,)",i,2.19628184362063,0.6480879309532588,train
44,400,"(8,)",i,2.305585931929013,0.3458235350004611,train
45,400,"(10,)",i,2.3663536631858757,0.829124019351541,train
46,400,"(2, 2)",i,1.848486918332381,1.4842020614258729,train
47,400,"(4, 4)",i,2.0412220542578887,1.0495709572053555,train
48,800,None,c,0.00192104923559717,-0.06434166432929764,train
49,800,"(2,)",c,0.0024482622674700896,-0.06478676223783211,train
50,800,"(4,)",c,0.00351723897573372,-0.0665043549448755,train
51,800,"(6,)",c,0.0028521429412502568,-0.06568314692410449,train
52,800,"(8,)",c,0.00291481536157336,-0.06633629940549905,train
53,800,"(10,)",c,0.002879266787812651,-0.06516461898169906,train
54,800,"(2, 2)",c,0.05647870263388532,-0.006450453831069361,train
55,800,"(4, 4)",c,0.005421917940432085,-0.06754149713043993,train
56,800,None,i,2.208616057813133,-0.07828966063719607,train
57,800,"(2,)",i,1.804223303176253,1.2862400686683628,train
58,800,"(4,)",i,1.6701842534955944,1.442698442762619,train
59,800,"(6,)",i,1.9397585754602884,0.9757309160259067,train
60,800,"(8,)",i,1.9984961987312433,0.6431438428812086,train
61,800,"(10,)",i,1.9244065389120246,0.7854855093739195,train
62,800,"(2, 2)",i,1.6424782212217541,1.591450684266003,train
63,800,"(4, 4)",i,1.6446132810156682,1.4026143720714228,train
64,100,None,c,0.039581809466184434,0.05506406993282157,test
65,100,"(2,)",c,0.05587289028577139,0.04532059796434139,test
66,100,"(4,)",c,0.03950166710857151,0.04363034274041125,test
67,100,"(6,)",c,0.10044625732351309,0.05449653961985739,test
68,100,"(8,)",c,0.04594899818162673,0.047786144009512824,test
69,100,"(10,)",c,0.04635872941966844,0.04572394987090595,test
70,100,"(2, 2)",c,0.07270284382626234,0.08339643856983063,test
71,100,"(4, 4)",c,0.07220823375010291,0.08302463720910201,test
72,100,None,i,5.764773225694132,5.730990702967326,test
73,100,"(2,)",i,2.297108555938515,2.4100637725062186,test
74,100,"(4,)",i,2.6276476930319053,3.05771766763257,test
75,100,"(6,)",i,8.063346582649068,9.125918097601703,test
76,100,"(8,)",i,4.539301570556131,4.230982308658309,test
77,100,"(10,)",i,16.94728847356786,16.53852137378482,test
78,100,"(2, 2)",i,1.6827515748193393,1.7848627370218306,test
79,100,"(4, 4)",i,3.889900339710936,3.554908913304903,test
80,200,None,c,0.0326393989049016,-0.03661344104104986,test
81,200,"(2,)",c,0.07639343144480142,0.008937434746045352,test
82,200,"(4,)",c,0.05003876883468002,0.035931931920669104,test
83,200,"(6,)",c,0.06652713619065258,0.06262730711454478,test
84,200,"(8,)",c,0.06647084536848676,0.05610326181857281,test
85,200,"(10,)",c,0.06327825655813175,0.05288083306114157,test
86,200,"(2, 2)",c,0.07637314802228055,0.008926575613059878,test
87,200,"(4, 4)",c,0.04722197770893707,0.02547441761947459,test
88,200,None,i,4.057977347700237,4.771436271943911,test
89,200,"(2,)",i,1.8679647040200664,1.9072379323097306,test
90,200,"(4,)",i,2.1025202557140283,1.9103479501153913,test
91,200,"(6,)",i,2.770493840323226,3.017655085539405,test
92,200,"(8,)",i,3.289712192125762,3.3305450159426044,test
93,200,"(10,)",i,4.218480278791697,3.9665609491957605,test
94,200,"(2, 2)",i,1.840826771646244,2.017141120025147,test
95,200,"(4, 4)",i,2.347285344813464,2.429789241961029,test
96,400,None,c,0.00809053774292213,0.0008344014648970866,test
97,400,"(2,)",c,0.04024387310422757,0.06547844971426732,test
98,400,"(4,)",c,0.05542804198105537,0.047900923793156656,test
99,400,"(6,)",c,0.020276623843643562,0.0022400445208616304,test
100,400,"(8,)",c,0.02499487938070081,0.005301692622128956,test
101,400,"(10,)",c,0.009854775302985026,-0.0014615913651425505,test
102,400,"(2, 2)",c,0.0050917154071046114,-0.006932356736997781,test
103,400,"(4, 4)",c,0.024644047213438415,-0.00012917084417785608,test
104,400,None,i,3.549645214862212,3.4562421908088607,test
105,400,"(2,)",i,1.8509180459048802,1.7761278826441458,test
106,400,"(4,)",i,2.2129959183075774,2.1375653180004344,test
107,400,"(6,)",i,2.4867150962029214,2.340812830550058,test
108,400,"(8,)",i,2.50162306105983,2.6880463053507246,test
109,400,"(10,)",i,2.4703742842303194,2.586148996646573,test
110,400,"(2, 2)",i,1.8523963491936797,1.7781710868575817,test
111,400,"(4, 4)",i,2.0916472252659424,1.749323820586971,test
112,800,None,c,0.0020799905379485636,-0.010949664616596464,test
113,800,"(2,)",c,0.0025293773652519075,-0.010638791899217894,test
114,800,"(4,)",c,0.0039297665195534215,-0.005621833985560923,test
115,800,"(6,)",c,0.0027485539967237725,-0.008900816798195006,test
116,800,"(8,)",c,0.0032538471693509363,-0.007272269272409066,test
117,800,"(10,)",c,0.002875791411146676,-0.009985600747801542,test
118,800,"(2, 2)",c,0.05843304430299238,0.044635430171865255,test
119,800,"(4, 4)",c,0.006798592280891428,-7.921920914019887e-05,test
120,800,None,i,2.576801793432081,2.5797469656514718,test
121,800,"(2,)",i,1.8355615785976795,1.9769710714560504,test
122,800,"(4,)",i,1.7162238808271828,1.7243385157353208,test
123,800,"(6,)",i,1.8750494137661329,2.0656037614141787,test
124,800,"(8,)",i,2.192236609822524,2.0084831849101095,test
125,800,"(10,)",i,2.004713726772836,2.16120429728375,test
126,800,"(2, 2)",i,1.541495283050685,1.687671828349779,test
127,800,"(4, 4)",i,1.6407446010366267,1.62174101141684,test
0,100,None,c,0.08779865438980636,0.006262927551207279,train
1,100,"(2,)",c,0.057063038174068985,0.023067538364141486,train
2,100,"(4,)",c,0.059827596730926975,0.02292341151024575,train
3,100,"(6,)",c,0.06547253121260414,0.022958679041757107,train
4,100,"(8,)",c,0.05378933070640098,0.02505735621428946,train
5,100,"(10,)",c,0.05524334253236612,0.024043796427746022,train
6,100,"(2, 2)",c,0.1239007935428417,-0.0364876622004265,train
7,100,"(4, 4)",c,0.1245146004199541,-0.031782206587605916,train
8,100,None,i,1.8755477114246322,-1.7559354027903091,train
9,100,"(2,)",i,2.248107511477137,0.08033193653740274,train
10,100,"(4,)",i,2.3080762764303393,0.06215513365676105,train
11,100,"(6,)",i,2.355471927215809,-0.6690039015778513,train
12,100,"(8,)",i,2.188820515391051,-0.8460593465783842,train
13,100,"(10,)",i,2.0588059565508017,-1.3724708211484995,train
14,100,"(2, 2)",i,2.0115517103188143,0.2115199300871099,train
15,100,"(4, 4)",i,2.1111488264325042,-0.2020996678247213,train
16,200,None,c,0.0667639184725795,-0.02469590634160209,train
17,200,"(2,)",c,0.07866309243493096,-0.039809707241632845,train
18,200,"(4,)",c,0.08361128264785267,-0.04127600467446817,train
19,200,"(6,)",c,0.0898126162555939,-0.044758222578568214,train
20,200,"(8,)",c,0.09041926962261146,-0.04258491487005909,train
21,200,"(10,)",c,0.07655220871377573,-0.03388358665149247,train
22,200,"(2, 2)",c,0.048985125449861285,0.08505540137564903,train
23,200,"(4, 4)",c,0.1271095161773202,-0.05459148647834505,train
24,200,None,i,2.3969294390133586,-1.2403609378667668,train
25,200,"(2,)",i,2.302961119769257,0.8005580682408793,train
26,200,"(4,)",i,2.2036270538240945,0.9549583390493627,train
27,200,"(6,)",i,2.6261496758759137,0.04295511350640558,train
28,200,"(8,)",i,2.6966573815566104,-0.08724340135322997,train
29,200,"(10,)",i,2.4578577058807833,0.11126447259061102,train
30,200,"(2, 2)",i,1.8535288000576708,1.4390829526586706,train
31,200,"(4, 4)",i,2.722419616143411,0.006872382629156726,train
32,400,None,c,0.006405330501023888,-0.009431908136770901,train
33,400,"(2,)",c,0.03339200453217254,-0.021566194227545184,train
34,400,"(4,)",c,0.011719048655997138,-0.015643192334050204,train
35,400,"(6,)",c,0.03281393820380984,-0.02387255259047279,train
36,400,"(8,)",c,0.014664743503251188,-0.014556340347894022,train
37,400,"(10,)",c,0.033802356749179835,-0.024206380243684544,train
38,400,"(2, 2)",c,0.03472287052008947,-0.0277710279681773,train
39,400,"(4, 4)",c,0.05036397861922733,-0.03199772233594353,train
40,400,None,i,2.6841845090039387,-0.5804412772059206,train
41,400,"(2,)",i,1.8196632961150336,1.516092327645278,train
42,400,"(4,)",i,2.3997715455519937,0.5537845500874201,train
43,400,"(6,)",i,2.4824867350440543,0.6108915439886737,train
44,400,"(8,)",i,2.4312215141023676,0.4701465378667759,train
45,400,"(10,)",i,2.370214058761883,-0.09190232576121259,train
46,400,"(2, 2)",i,2.051970244306093,1.2163219377422771,train
47,400,"(4, 4)",i,2.2186070592666183,0.9923944177678928,train
48,800,None,c,0.008111719281878328,-0.01306705937132235,train
49,800,"(2,)",c,0.008358426452651939,-0.012646160756696374,train
50,800,"(4,)",c,0.010456707321472178,-0.01587354222472388,train
51,800,"(6,)",c,0.010711503398831408,-0.014974920665967464,train
52,800,"(8,)",c,0.009575877352456338,-0.01370672944153379,train
53,800,"(10,)",c,0.01011844924575735,-0.014978558812920486,train
54,800,"(2, 2)",c,0.05906502050127807,0.03630077170377338,train
55,800,"(4, 4)",c,0.05335296722862926,0.039173859702930115,train
56,800,None,i,2.336576693269957,0.10032488566229547,train
57,800,"(2,)",i,1.8791600952487522,1.3357969432207117,train
58,800,"(4,)",i,1.9762383988685983,1.1015950132462735,train
59,800,"(6,)",i,2.2818098796318953,0.4620495052022388,train
60,800,"(8,)",i,2.0752658924361658,0.7150344411294672,train
61,800,"(10,)",i,2.167926889675781,0.8760946180641471,train
62,800,"(2, 2)",i,1.8658956006062164,1.443168899121146,train
63,800,"(4, 4)",i,1.7263582109465865,1.59360613218814,train
64,100,None,c,0.04352432763127005,0.11611902216762802,test
65,100,"(2,)",c,0.042801583974985416,0.14129005442015394,test
66,100,"(4,)",c,0.04554069817681424,0.1450586960194069,test
67,100,"(6,)",c,0.05022144343408483,0.15148808202748895,test
68,100,"(8,)",c,0.04542107360085256,0.154494179662896,test
69,100,"(10,)",c,0.04542446151062366,0.14960126767348017,test
70,100,"(2, 2)",c,0.058840016083499494,0.13719860714523793,test
71,100,"(4, 4)",c,0.03989943526366711,0.2188060429027358,test
72,100,None,i,8.53870315232481,7.762873838138464,test
73,100,"(2,)",i,2.825738950202559,1.879053071547106,test
74,100,"(4,)",i,2.710801480334757,1.8130669051834627,test
75,100,"(6,)",i,2.9492939517646066,2.3131414534901857,test
76,100,"(8,)",i,5.941689197393727,5.722722353690402,test
77,100,"(10,)",i,5.444656094800248,3.9958805503717976,test
78,100,"(2, 2)",i,2.135451380308933,1.9444652998092133,test
79,100,"(4, 4)",i,3.0213161934794743,1.9133521572557368,test
80,200,None,c,0.02902876854544296,0.02367475331035479,test
81,200,"(2,)",c,0.027133755321499704,0.017591770075004315,test
82,200,"(4,)",c,0.030515539143225662,0.01577250227249797,test
83,200,"(6,)",c,0.031741401489779955,0.019122193139781446,test
84,200,"(8,)",c,0.03010254800272655,0.023328576952103382,test
85,200,"(10,)",c,0.027264958359503356,0.026865971069614265,test
86,200,"(2, 2)",c,0.04759731416628453,0.045999000200414,test
87,200,"(4, 4)",c,0.025831934882320103,0.04454118886710482,test
88,200,None,i,5.514345225317545,5.97850341261472,test
89,200,"(2,)",i,2.189365039234643,2.3884371896139367,test
90,200,"(4,)",i,2.1636998829479968,2.339608226079268,test
91,200,"(6,)",i,2.8284403402079867,3.2772587290300668,test
92,200,"(8,)",i,2.7855481394945953,3.500585725303164,test
93,200,"(10,)",i,3.174647415223016,3.882808468676688,test
94,200,"(2, 2)",i,1.588537698712375,2.1377479548867666,test
95,200,"(4, 4)",i,2.902742028781552,2.996628499149871,test
96,400,None,c,0.005996355112311664,0.01717296545349519,test
97,400,"(2,)",c,0.011787295568402802,0.03160034080808953,test
98,400,"(4,)",c,0.01108827269860739,0.021178847984809308,test
99,400,"(6,)",c,0.01694563544156441,0.03736321281940185,test
100,400,"(8,)",c,0.012516997281401572,0.028390145629597505,test
101,400,"(10,)",c,0.017924969717376445,0.04091804754734368,test
102,400,"(2, 2)",c,0.013636443946357548,0.021515531202731007,test
103,400,"(4, 4)",c,0.022638264782897554,0.02946418468722468,test
104,400,None,i,3.8216141940005697,3.8407795187381466,test
105,400,"(2,)",i,1.785286616373749,1.7316540139534815,test
106,400,"(4,)",i,2.422499414801184,2.2207060749939056,test
107,400,"(6,)",i,2.454867219111874,2.4378350031939395,test
108,400,"(8,)",i,2.4297107464397247,2.1428940336468787,test
109,400,"(10,)",i,2.77641698546726,2.522470544312756,test
110,400,"(2, 2)",i,1.9646263507348096,2.0143804947564603,test
111,400,"(4, 4)",i,2.258607252401414,2.2216396073861517,test
112,800,None,c,0.0018052411953911104,-0.004743272106374401,test
113,800,"(2,)",c,0.001698445049112537,-0.004917071157003903,test
114,800,"(4,)",c,0.0025483231322598328,-0.002215035007600268,test
115,800,"(6,)",c,0.0024438544094204863,-0.0024551475326494952,test
116,800,"(8,)",c,0.0015266799543438194,-0.0035587522008076024,test
117,800,"(10,)",c,0.0024068865010390727,-0.0032393590672055938,test
118,800,"(2, 2)",c,0.0554389274301053,0.047720085455710395,test
119,800,"(4, 4)",c,0.05418569955833052,0.04502927794618218,test
120,800,None,i,2.7569029417109836,2.8633581005637043,test
121,800,"(2,)",i,1.706772699501878,1.7320857660113964,test
122,800,"(4,)",i,1.8183480028193304,1.8744992782418397,test
123,800,"(6,)",i,2.4034361195702796,2.3240420267779704,test
124,800,"(8,)",i,2.029942093278537,2.10554822963719,test
125,800,"(10,)",i,1.9942116681215112,2.1520890588644814,test
126,800,"(2, 2)",i,1.5779168371089265,1.7432706195381906,test
127,800,"(4, 4)",i,1.5441867849940698,1.7080542127576752,test
0,100,None,c,0.04967306438400272,0.011063814462943836,train
1,100,"(2,)",c,0.12015582826364471,-0.04672390581586229,train
2,100,"(4,)",c,0.142261883527808,-0.04514780872446299,train
3,100,"(6,)",c,0.1235221511901511,-0.05022438994091113,train
4,100,"(8,)",c,0.14282377631288454,-0.05901845179836702,train
5,100,"(10,)",c,0.1607302924745973,-0.06251904069314972,train
6,100,"(2, 2)",c,0.10604145539006195,0.0413596521836316,train
7,100,"(4, 4)",c,0.2546823197774027,-0.14393097868693955,train
8,100,None,i,2.187756957420329,-1.6178205401880397,train
9,100,"(2,)",i,1.9476192325529207,0.29904364829195795,train
10,100,"(4,)",i,2.2420224526937838,-1.1848213261003837,train
11,100,"(6,)",i,1.9904219237988405,-1.0477026793821127,train
12,100,"(8,)",i,2.2043294782386056,-1.571728398947013,train
13,100,"(10,)",i,1.9904336572650514,-1.8597041581881133,train
14,100,"(2, 2)",i,2.011312585896521,1.3181063896392626,train
15,100,"(4, 4)",i,2.6377491324596365,0.10666205198579476,train
16,200,None,c,0.009705420106684473,-0.08222257779662702,train
17,200,"(2,)",c,0.006744158886520658,-0.07979168118218313,train
18,200,"(4,)",c,0.009802841133623614,-0.0832512659746199,train
19,200,"(6,)",c,0.00837168459620112,-0.08356697641718469,train
20,200,"(8,)",c,0.010227778018263165,-0.08368928787716684,train
21,200,"(10,)",c,0.00897231345270618,-0.08279455051486322,train
22,200,"(2, 2)",c,0.013720348051648023,-0.08612989382654034,train
23,200,"(4, 4)",c,0.027260400809149356,-0.09735872984798428,train
24,200,None,i,2.1209955759970196,-1.3020061123983409,train
25,200,"(2,)",i,2.234501707635877,0.9364966431707911,train
26,200,"(4,)",i,2.2768693300649026,-0.8535911151244692,train
27,200,"(6,)",i,2.7006835078286286,-0.014032447224175968,train
28,200,"(8,)",i,2.933857403314885,-0.3452828574362194,train
29,200,"(10,)",i,2.1851044188055093,-1.2879962822096698,train
30,200,"(2, 2)",i,2.446474589948797,1.0303536749052702,train
31,200,"(4, 4)",i,2.7276101086673776,0.1319320917993417,train
32,400,None,c,0.01877751036475963,-0.03068958718212539,train
33,400,"(2,)",c,0.026791387029537542,-0.03537987409287608,train
34,400,"(4,)",c,0.027281145643364188,-0.0352102804178004,train
35,400,"(6,)",c,0.026271064962725132,-0.03758542812217016,train
36,400,"(8,)",c,0.040810641563553365,-0.04018893589604503,train
37,400,"(10,)",c,0.04665117900685032,-0.04165994797865154,train
38,400,"(2, 2)",c,0.05603479302051166,0.032589473541252516,train
39,400,"(4, 4)",c,0.006706669771639936,-0.02531798446338365,train
40,400,None,i,2.5281218622826334,-0.4688916974271217,train
41,400,"(2,)",i,1.8963675373696374,1.0879254256167359,train
42,400,"(4,)",i,2.20249962469862,0.6519832978367281,train
43,400,"(6,)",i,2.0615610434648204,0.9522627369560337,train
44,400,"(8,)",i,2.4944595741146705,0.08520346081077534,train
45,400,"(10,)",i,2.5733228104318933,-0.7580551788625138,train
46,400,"(2, 2)",i,1.7912810786141506,1.4568300105298568,train
47,400,"(4, 4)",i,2.107732675676082,0.9358977310309665,train
48,800,None,c,0.00960875997857328,-0.013710091014286918,train
49,800,"(2,)",c,0.012026832829075984,-0.015778184131507028,train
50,800,"(4,)",c,0.013682844322236909,-0.01780009420115185,train
51,800,"(6,)",c,0.012909524727514348,-0.015932658942010625,train
52,800,"(8,)",c,0.01854058679372228,-0.02152457838624408,train
53,800,"(10,)",c,0.01000121807662876,-0.015286809091700672,train
54,800,"(2, 2)",c,0.06110257105619086,0.04179026139894241,train
55,800,"(4, 4)",c,0.021624396087149434,-0.022870332885247625,train
56,800,None,i,2.2606441182672983,0.08762686859532184,train
57,800,"(2,)",i,1.5793148695654113,1.351257303159934,train
58,800,"(4,)",i,1.6968929212718087,1.1290837291084497,train
59,800,"(6,)",i,1.919938731761068,0.905832056443686,train
60,800,"(8,)",i,1.7881043284038531,0.9606120867325253,train
61,800,"(10,)",i,2.0432111653754332,0.2144078400950514,train
62,800,"(2, 2)",i,1.552345774671633,1.586766883950491,train
63,800,"(4, 4)",i,1.6362895236080888,1.228555554214714,train
64,100,None,c,0.03834737220433368,0.07115105251911107,test
65,100,"(2,)",c,0.08708714425233532,0.19427790116785368,test
66,100,"(4,)",c,0.0752563628733608,0.1381813139743038,test
67,100,"(6,)",c,0.06242883320913621,0.13285502073251076,test
68,100,"(8,)",c,0.06554146858650566,0.1387240436332339,test
69,100,"(10,)",c,0.08952031651512861,0.17323036609492257,test
70,100,"(2, 2)",c,0.07264746694463609,0.16925489135122676,test
71,100,"(4, 4)",c,0.10939734228281336,0.19162062431018229,test
72,100,None,i,5.810977977391141,6.493957627325666,test
73,100,"(2,)",i,3.5417242442554997,3.5881246341171575,test
74,100,"(4,)",i,5.910057656341048,6.074770309853748,test
75,100,"(6,)",i,6.37392055414736,6.004587051141558,test
76,100,"(8,)",i,8.118859835284068,8.843829765784696,test
77,100,"(10,)",i,5.578403492879568,6.401615561614496,test
78,100,"(2, 2)",i,2.3015926686621953,2.5910470606051286,test
79,100,"(4, 4)",i,3.566069363133642,2.6176170253626867,test
80,200,None,c,0.009862658732059104,-0.024967706042978,test
81,200,"(2,)",c,0.007139968221281838,-0.03272840002580806,test
82,200,"(4,)",c,0.010094195829237264,-0.02608292554408271,test
83,200,"(6,)",c,0.008803972065755249,-0.030575288088110587,test
84,200,"(8,)",c,0.010338449921140502,-0.025978417216592057,test
85,200,"(10,)",c,0.009276827072499836,-0.02692483276398779,test
86,200,"(2, 2)",c,0.013823275759249352,-0.021951563045803178,test
87,200,"(4, 4)",c,0.024878204295262045,-0.010794574552860306,test
88,200,None,i,7.137239554339454,7.322450094820137,test
89,200,"(2,)",i,2.3697456567980533,2.4850592457910796,test
90,200,"(4,)",i,3.572866497059258,3.570174079471584,test
91,200,"(6,)",i,3.4511477420312993,3.701216314143845,test
92,200,"(8,)",i,3.316193946162519,2.935032199870034,test
93,200,"(10,)",i,4.741638797609524,4.381729382732726,test
94,200,"(2, 2)",i,2.339431878182597,2.211410103887797,test
95,200,"(4, 4)",i,3.065426134889502,2.4301989541813254,test
96,400,None,c,0.002738258018104033,0.03986431988769424,test
97,400,"(2,)",c,0.0033262940777153403,0.04027982161358416,test
98,400,"(4,)",c,0.0032990489741790857,0.04083628659326841,test
99,400,"(6,)",c,0.003760418176658033,0.037165527912298664,test
100,400,"(8,)",c,0.006652387481512324,0.04651657093847717,test
101,400,"(10,)",c,0.007926529774168408,0.051625586054710855,test
102,400,"(2, 2)",c,0.05814093931084305,0.051908253329977345,test
103,400,"(4, 4)",c,0.0053164448336124,0.028725071978865487,test
104,400,None,i,3.3381593126912064,3.3157785999404905,test
105,400,"(2,)",i,1.7901756993126838,2.0612095233576633,test
106,400,"(4,)",i,2.0415976734836216,2.363363625146016,test
107,400,"(6,)",i,1.9190250553132635,2.0656862635876103,test
108,400,"(8,)",i,2.8487018152399446,3.030965737044336,test
109,400,"(10,)",i,3.140435580063259,3.5450955639111967,test
110,400,"(2, 2)",i,1.7438177129282237,1.8097992981280635,test
111,400,"(4, 4)",i,2.0217554589272275,2.1550132407008973,test
112,800,None,c,0.005197865953994236,-0.01752635965512274,test
113,800,"(2,)",c,0.00429091567659023,-0.015994194596983872,test
114,800,"(4,)",c,0.00662741036345198,-0.012332925949262061,test
115,800,"(6,)",c,0.004030911635399409,-0.01620740308379633,test
116,800,"(8,)",c,0.010303375227364102,-0.00405355603883945,test
117,800,"(10,)",c,0.003829323634996064,-0.01716823181708051,test
118,800,"(2, 2)",c,0.051671541794033785,0.05077341800089027,test
119,800,"(4, 4)",c,0.011653248699430026,0.001053821572772098,test
120,800,None,i,2.812375568305131,2.8246559089339267,test
121,800,"(2,)",i,1.7081714111432993,1.6863854569448353,test
122,800,"(4,)",i,1.7424090473371294,1.6901025238948433,test
123,800,"(6,)",i,2.0504987247239668,1.9507682470594907,test
124,800,"(8,)",i,1.9876695163086122,2.066448429602538,test
125,800,"(10,)",i,2.270275811105489,2.334032949570536,test
126,800,"(2, 2)",i,1.699442879368394,1.6993887785083812,test
127,800,"(4, 4)",i,1.82249131273926,1.8285533423091909,test
0,100,None,c,0.01646588353021572,-0.10748007588657296,train
1,100,"(2,)",c,0.02329409481796509,-0.11835925645850973,train
2,100,"(4,)",c,0.04135964722265407,-0.13097664757254251,train
3,100,"(6,)",c,0.0609647835126856,-0.14334621973196549,train
4,100,"(8,)",c,0.03944988928047454,-0.12997039768774912,train
5,100,"(10,)",c,0.044720980950022006,-0.13758117789414345,train
6,100,"(2, 2)",c,0.038697069492415095,-0.1299586284302403,train
7,100,"(4, 4)",c,0.04919420873151599,-0.14533326560113463,train
8,100,None,i,2.3747935988211104,-1.8164970938391967,train
9,100,"(2,)",i,2.3509819118866533,-0.37139228908902977,train
10,100,"(4,)",i,2.305994373824453,0.03729052726203369,train
11,100,"(6,)",i,2.678371686790078,-0.5852609975080059,train
12,100,"(8,)",i,2.526756744497412,-1.366974605125505,train
13,100,"(10,)",i,2.188273995621279,-1.8924717506243696,train
14,100,"(2, 2)",i,1.7580345779935889,1.3643596019436601,train
15,100,"(4, 4)",i,2.5408549685619026,0.6834306658166414,train
16,200,None,c,0.15031055709852917,0.015676686275458488,train
17,200,"(2,)",c,0.13713405878658444,-0.0029262404767047847,train
18,200,"(4,)",c,0.22363534278497016,-0.026309928131575625,train
19,200,"(6,)",c,0.16895911860662277,-0.005196819964250747,train
20,200,"(8,)",c,0.1778152145272475,-0.0017792824425973397,train
21,200,"(10,)",c,0.1704330614507828,-0.0048175883366016175,train
22,200,"(2, 2)",c,0.1543647326985282,0.0028337903143558062,train
23,200,"(4, 4)",c,0.15690544009908458,0.005067014052026946,train
24,200,None,i,2.2808302886731924,-0.9417110740210944,train
25,200,"(2,)",i,2.193196545278007,0.6138566084106103,train
26,200,"(4,)",i,1.9277362671783036,1.043296840484975,train
27,200,"(6,)",i,2.3368299911807817,0.014787768302868437,train
28,200,"(8,)",i,2.2377576913772197,-1.0126935100080265,train
29,200,"(10,)",i,2.1713275230170668,-1.1412310068009908,train
30,200,"(2, 2)",i,1.5654533533582111,1.4350187896381004,train
31,200,"(4, 4)",i,2.271121762972036,0.11997326406286592,train
32,400,None,c,0.007230625297130442,-0.06990223182568776,train
33,400,"(2,)",c,0.00959792412228199,-0.07197966956975177,train
34,400,"(4,)",c,0.011980091115325227,-0.07363262992431087,train
35,400,"(6,)",c,0.012729703817514626,-0.07544822494611227,train
36,400,"(8,)",c,0.012365275034758134,-0.073772354124538,train
37,400,"(10,)",c,0.0072081078737752215,-0.07097511585213213,train
38,400,"(2, 2)",c,0.057903698459454214,-0.002528047604797815,train
39,400,"(4, 4)",c,0.014904347583077985,-0.07553910356648347,train
40,400,None,i,2.5759846245006695,-0.5537244269464585,train
41,400,"(2,)",i,2.3290278282422143,0.9658124512620526,train
42,400,"(4,)",i,2.246673920293942,1.0779922929613015,train
43,400,"(6,)",i,2.3508587886856462,0.6368413805912979,train
44,400,"(8,)",i,2.4588801444285107,0.5029923553229663,train
45,400,"(10,)",i,2.6592962664397573,-0.25154103610748335,train
46,400,"(2, 2)",i,2.1203336237691985,1.3647692757135932,train
47,400,"(4, 4)",i,2.271619677155861,0.9762209414552595,train
48,800,None,c,0.00961704809250469,-0.029707545241131762,train
49,800,"(2,)",c,0.009207024114248926,-0.030591381794027112,train
50,800,"(4,)",c,0.0038282500109302316,-0.027584593657595073,train
51,800,"(6,)",c,0.012257178704198853,-0.03228841523815755,train
52,800,"(8,)",c,0.003829547769139522,-0.02757876236205088,train
53,800,"(10,)",c,0.003863189792493166,-0.02760384204348411,train
54,800,"(2, 2)",c,0.06257425272448175,0.03345523537342507,train
55,800,"(4, 4)",c,0.012929969332662114,-0.030847392249539647,train
56,800,None,i,2.2182479788193787,0.07207646281667952,train
57,800,"(2,)",i,1.6064892653144218,1.4525838768859938,train
58,800,"(4,)",i,1.7634594764155855,0.8574620313659669,train
59,800,"(6,)",i,1.9367426269714552,0.47423600383716363,train
60,800,"(8,)",i,1.7527960920979515,0.8582315525855768,train
61,800,"(10,)",i,2.2731043864420837,-0.08458741990693762,train
62,800,"(2, 2)",i,1.6470990039409656,1.5000964266418066,train
63,800,"(4, 4)",i,1.762153777336518,1.1859258208644716,train
64,100,None,c,0.020196023335785376,0.04236350086126005,test
65,100,"(2,)",c,0.023800120062138226,0.03966671832847481,test
66,100,"(4,)",c,0.038660429557454745,0.07884090779488977,test
67,100,"(6,)",c,0.09330737917822848,0.06430020565013118,test
68,100,"(8,)",c,0.0627247469134049,0.051908284479799435,test
69,100,"(10,)",c,0.0610012182790007,0.08838992482396464,test
70,100,"(2, 2)",c,0.036010424942314406,0.06136500300884153,test
71,100,"(4, 4)",c,0.08200532650282767,0.0841593919616883,test
72,100,None,i,5.033745238534795,8.713221347160541,test
73,100,"(2,)",i,3.239594592530081,3.5913246560589416,test
74,100,"(4,)",i,2.6692297016165276,3.348848409981441,test
75,100,"(6,)",i,2.7158432684335723,3.2296254954877113,test
76,100,"(8,)",i,5.952865962874982,6.589855883578439,test
77,100,"(10,)",i,10.298788994769076,11.831385975257634,test
78,100,"(2, 2)",i,1.649645669300875,1.9310658211967837,test
79,100,"(4, 4)",i,2.19524504606202,1.6091468786313379,test
80,200,None,c,0.07842475868987694,0.07057368745190332,test
81,200,"(2,)",c,0.08501877712389877,0.06307217481934155,test
82,200,"(4,)",c,0.12427044520747677,0.10405076963779748,test
83,200,"(6,)",c,0.10834617858202894,0.06259409421072959,test
84,200,"(8,)",c,0.10754629277518549,0.08499305162557576,test
85,200,"(10,)",c,0.09846477114893643,0.07843674946015879,test
86,200,"(2, 2)",c,0.09801983043442912,0.06837764251218015,test
87,200,"(4, 4)",c,0.08660553115776347,0.08406525375920339,test
88,200,None,i,4.004540745702456,4.158876906519967,test
89,200,"(2,)",i,2.2785933843615123,2.580035243474991,test
90,200,"(4,)",i,1.6772451021128194,2.254876390108835,test
91,200,"(6,)",i,2.408991234798851,2.6770380211940186,test
92,200,"(8,)",i,3.0718572499416696,3.4296933857565253,test
93,200,"(10,)",i,4.421792774658901,4.102010347579795,test
94,200,"(2, 2)",i,1.522105358236068,1.7780253417253296,test
95,200,"(4, 4)",i,2.4128818349110865,2.9136234679129793,test
96,400,None,c,0.006087387222852391,0.025922964974196605,test
97,400,"(2,)",c,0.00785147217104132,0.02937296518903408,test
98,400,"(4,)",c,0.010106939132731663,0.037620688679633016,test
99,400,"(6,)",c,0.010360876119491089,0.034251508441381466,test
100,400,"(8,)",c,0.010117888331343501,0.037738951727271444,test
101,400,"(10,)",c,0.006266601444059585,0.027219909651353343,test
102,400,"(2, 2)",c,0.060832345864144086,0.08803441712546402,test
103,400,"(4, 4)",c,0.01254050622316837,0.032501192498042356,test
104,400,None,i,3.3353591272907432,3.5766067346988453,test
105,400,"(2,)",i,2.042932845576762,2.0565866881786015,test
106,400,"(4,)",i,1.94439347770663,1.8726453348940613,test
107,400,"(6,)",i,1.9837300883490088,2.1994897084774814,test
108,400,"(8,)",i,2.4759607396314,2.5907366994561793,test
109,400,"(10,)",i,2.893340577506498,3.492637052211206,test
110,400,"(2, 2)",i,1.748214414497978,1.861334397908109,test
111,400,"(4, 4)",i,1.8748218889068824,2.0552385437124014,test
112,800,None,c,0.008652433486602735,0.024476225339920134,test
113,800,"(2,)",c,0.00911943176110383,0.027415561481299155,test
114,800,"(4,)",c,0.0042269631647875875,0.02403245285178981,test
115,800,"(6,)",c,0.011007450058953334,0.029681866008865257,test
116,800,"(8,)",c,0.004214797028302677,0.024405315231951025,test
117,800,"(10,)",c,0.0042648458416702836,0.023966754334696062,test
118,800,"(2, 2)",c,0.06536642280408582,0.07363989557848054,test
119,800,"(4, 4)",c,0.010838491735471164,0.03181804352016125,test
120,800,None,i,2.5356806552394517,2.6581729791267303,test
121,800,"(2,)",i,1.6629998301366071,1.6600717823327305,test
122,800,"(4,)",i,1.6896164392942055,1.903550180705605,test
123,800,"(6,)",i,2.192244893145118,2.254706831444666,test
124,800,"(8,)",i,1.692861124817321,1.9568946979669342,test
125,800,"(10,)",i,3.1868600339806146,3.1521754327654743,test
126,800,"(2, 2)",i,1.700144687570716,1.7065961855550655,test
127,800,"(4, 4)",i,1.7237078176509306,1.8102830910854308,test
0,100,None,c,0.043069353141922416,-0.0480403895820152,train
1,100,"(2,)",c,0.10370386507044728,0.052430718444120096,train
2,100,"(4,)",c,0.04240719807665312,-0.047842383854807324,train
3,100,"(6,)",c,0.029813043213882114,-0.04685765592186377,train
4,100,"(8,)",c,0.04519218468856005,-0.050573219748752035,train
5,100,"(10,)",c,0.12936910518656644,-0.11667282538069007,train
6,100,"(2, 2)",c,0.10372340561464524,0.052437260091605035,train
7,100,"(4, 4)",c,0.12319288894211657,-0.11860478090450477,train
8,100,None,i,2.5358681101627396,-0.7963518783656979,train
9,100,"(2,)",i,2.099452802142963,0.6166844712588109,train
10,100,"(4,)",i,2.4202924091674363,0.3015839745184919,train
11,100,"(6,)",i,2.471214964949766,-0.9081688493231396,train
12,100,"(8,)",i,2.63000886965091,-0.849156558649118,train
13,100,"(10,)",i,2.9132589385089322,-0.7711538795743036,train
14,100,"(2, 2)",i,1.939232899174516,1.2894434539127608,train
15,100,"(4, 4)",i,1.9405290635236279,1.28928484586021,train
16,200,None,c,0.0009703665454940075,-0.10027574948285534,train
17,200,"(2,)",c,0.002790016270163076,-0.10183689485330355,train
18,200,"(4,)",c,0.00412174782968697,-0.10340298872717071,train
19,200,"(6,)",c,0.005695766478689106,-0.10421596308253461,train
20,200,"(8,)",c,0.005657237688961584,-0.10414385212902304,train
21,200,"(10,)",c,0.00819875848344794,-0.10858986183489303,train
22,200,"(2, 2)",c,0.056296789831684374,-0.028558678534793575,train
23,200,"(4, 4)",c,0.0062748746364596365,-0.10457778666524943,train
24,200,None,i,2.641214909287156,-1.10886576069504,train
25,200,"(2,)",i,2.322637843061261,0.8010338569829566,train
26,200,"(4,)",i,1.6991508127292285,1.4281742772684392,train
27,200,"(6,)",i,2.8414429300233284,-0.19521014148410032,train
28,200,"(8,)",i,2.4699442088996126,0.2793914772480249,train
29,200,"(10,)",i,2.635956043897157,-1.127098234841144,train
30,200,"(2, 2)",i,1.7002627366745051,1.427543487945714,train
31,200,"(4, 4)",i,2.441943566318684,-0.24913219898436714,train
32,400,None,c,0.007633094378613875,-0.04639929528162936,train
33,400,"(2,)",c,0.00888111230974395,-0.0460842802610909,train
34,400,"(4,)",c,0.01158608555384415,-0.049465084519226064,train
35,400,"(6,)",c,0.008696163868495244,-0.047786734397704936,train
36,400,"(8,)",c,0.011029423406136014,-0.04985549301935144,train
37,400,"(10,)",c,0.00980142389975731,-0.04819801760136277,train
38,400,"(2, 2)",c,0.013138810678925729,-0.049943776989848664,train
39,400,"(4, 4)",c,0.009669975736469013,-0.04638341449063203,train
40,400,None,i,2.6221163544848882,-0.3295139359146855,train
41,400,"(2,)",i,1.8175381943964464,1.5573635225511626,train
42,400,"(4,)",i,2.465463260814914,0.36714623323669626,train
43,400,"(6,)",i,2.1776231869679874,0.7425618776697749,train
44,400,"(8,)",i,2.5188512091348207,-0.312963439447557,train
45,400,"(10,)",i,2.1795133449757693,0.7030599333453421,train
46,400,"(2, 2)",i,1.8246691922062015,1.5552528017894873,train
47,400,"(4, 4)",i,2.0008225128879165,1.2230441852360994,train
48,800,None,c,0.043260016084830155,-0.019973973506018827,train
49,800,"(2,)",c,0.02672059542089695,-0.013754708637933826,train
50,800,"(4,)",c,0.0327739659457549,-0.019802463792054678,train
51,800,"(6,)",c,0.04691420620568442,-0.022948031081023876,train
52,800,"(8,)",c,0.045190030301424905,-0.024986951078898503,train
53,800,"(10,)",c,0.0477787566876339,-0.024585242924871072,train
54,800,"(2, 2)",c,0.04484057753860121,-0.027061677471811225,train
55,800,"(4, 4)",c,0.05552048340954788,-0.02826332766890321,train
56,800,None,i,2.033477967964352,0.21136582438691462,train
57,800,"(2,)",i,1.7071932533349357,1.3683754205440346,train
58,800,"(4,)",i,2.1760460299863755,0.7053581970999614,train
59,800,"(6,)",i,1.72363198604672,0.9855903284122718,train
60,800,"(8,)",i,1.7917547311937878,0.6319225007424139,train
61,800,"(10,)",i,1.7754183152254905,0.5275035847604299,train
62,800,"(2, 2)",i,1.6166576734165108,1.2984449557472795,train
63,800,"(4, 4)",i,1.6987620149414355,1.2189456104055152,train
64,100,None,c,0.03765962299450025,0.08439362434030265,test
65,100,"(2,)",c,0.11064413268473228,0.17040100082705437,test
66,100,"(4,)",c,0.037114970370273725,0.0843417751129434,test
67,100,"(6,)",c,0.02597151824068427,0.07233415965037233,test
68,100,"(8,)",c,0.04189946825847831,0.0849392472581303,test
69,100,"(10,)",c,0.12262273351878622,0.0983161420927402,test
70,100,"(2, 2)",c,0.11064994515109246,0.17040732642228446,test
71,100,"(4, 4)",c,0.11765193704557916,0.10680923313337948,test
72,100,None,i,4.589927402688783,3.567024365961088,test
73,100,"(2,)",i,1.7443665820935152,2.097978960331983,test
74,100,"(4,)",i,2.1621612986668337,2.081358072675213,test
75,100,"(6,)",i,2.820366251925522,3.2636089303460767,test
76,100,"(8,)",i,3.077391643767787,3.352059547125856,test
77,100,"(10,)",i,3.92589790598957,5.2891670781634925,test
78,100,"(2, 2)",i,1.5313885709585535,1.6306179424812783,test
79,100,"(4, 4)",i,1.5295655106728925,1.625373339402936,test
80,200,None,c,0.0009987551109725305,-0.037680784841970974,test
81,200,"(2,)",c,0.002935586014737265,-0.03728364244065217,test
82,200,"(4,)",c,0.004599662867995634,-0.0361998607514226,test
83,200,"(6,)",c,0.005113646933636029,-0.03571179815698348,test
84,200,"(8,)",c,0.005249437661850287,-0.03526185700774593,test
85,200,"(10,)",c,0.008502898965436136,-0.029777018444848872,test
86,200,"(2, 2)",c,0.05272139525646833,0.021140313882916737,test
87,200,"(4, 4)",c,0.005863173230009698,-0.03458045084957438,test
88,200,None,i,5.161944052445742,5.390153450013024,test
89,200,"(2,)",i,2.435896414485062,2.632898753532114,test
90,200,"(4,)",i,1.8742460312120617,1.8552430242063156,test
91,200,"(6,)",i,4.000645154127702,4.1075521292163035,test
92,200,"(8,)",i,2.572968958992563,2.918525371821654,test
93,200,"(10,)",i,4.053602206001776,4.210827820082657,test
94,200,"(2, 2)",i,1.874452835706318,1.852636795717045,test
95,200,"(4, 4)",i,3.114953912095582,3.704054979137903,test
96,400,None,c,0.007708014980025994,0.01242143415656993,test
97,400,"(2,)",c,0.009580412308120189,0.0159823120633256,test
98,400,"(4,)",c,0.010840981451481721,0.02675443553579792,test
99,400,"(6,)",c,0.0087970353087869,0.0171434179603605,test
100,400,"(8,)",c,0.010276748176175125,0.016057665476655783,test
101,400,"(10,)",c,0.010001612866306029,0.018938955900044702,test
102,400,"(2, 2)",c,0.012754073556670319,0.01859215007121091,test
103,400,"(4, 4)",c,0.010629390364661994,0.017409938061367102,test
104,400,None,i,2.679976144457731,3.253116670298484,test
105,400,"(2,)",i,1.6025094171731993,1.7264849635445063,test
106,400,"(4,)",i,2.0135399577898014,2.0808780439292303,test
107,400,"(6,)",i,1.896337045485747,2.4422184593001313,test
108,400,"(8,)",i,3.0003557636110285,3.2096351769104055,test
109,400,"(10,)",i,1.9052343793384268,2.152569689374123,test
110,400,"(2, 2)",i,1.608418708721822,1.7359144544670921,test
111,400,"(4, 4)",i,1.6403919416513362,1.7193160158757723,test
112,800,None,c,0.011389706669987518,0.0007319657784013007,test
113,800,"(2,)",c,0.006351730931480566,-0.0076915570457317785,test
114,800,"(4,)",c,0.011669793930552386,-0.003156610221524214,test
115,800,"(6,)",c,0.013105764839920663,0.005099177598300311,test
116,800,"(8,)",c,0.010247679870646613,0.008404301382055399,test
117,800,"(10,)",c,0.012150762404175177,0.006503455309527814,test
118,800,"(2, 2)",c,0.013311348355786366,-0.00023792117947677216,test
119,800,"(4, 4)",c,0.01314960476017435,0.007156434050792034,test
120,800,None,i,2.4739598560322493,2.3970234092491203,test
121,800,"(2,)",i,1.8296280046905273,1.8968446805292905,test
122,800,"(4,)",i,2.197871899025973,2.3102241541789574,test
123,800,"(6,)",i,1.7586812470144284,1.9776656705558195,test
124,800,"(8,)",i,2.147728317323688,2.100557022264558,test
125,800,"(10,)",i,1.9414888434242732,1.7999158478738406,test
126,800,"(2, 2)",i,1.564700489921778,1.7705216363898455,test
127,800,"(4, 4)",i,1.67607367563911,1.7418107790753994,test
