,estimator,sure,sure_1000th_iter,sure_2000th_iter,sure_3000th_iter
0,NPMLE,0.024769696237464806,,,
1,SURE-PM uniform,0.008960530240017554,0.009009454076819292,0.008966942044223316,0.008962168431259094
2,SURE-PM NPMLEinit,0.008942156695687622,0.008959263100732855,0.008942156686672665,0.008942160876522927
3,SURE-PM random,0.00895951712783944,0.009011197765964667,0.008965628595672062,0.0089607619221192
4,SURE-PM random,0.008960546479696383,0.009015112760548814,0.008967904196616807,0.008962484839184626
5,SURE-PM random,0.008960440288907776,0.009009477165646783,0.008966657422422024,0.00896201977185907
6,SURE-PM random,0.008960430949189977,0.009006774780129607,0.00896649508930361,0.008961966196820104
7,SURE-PM random,0.008959778866283727,0.009007782618869626,0.008965405816699707,0.008961188364995891
8,SURE-PM random,0.008960534101419065,0.009004314788992164,0.00896611388242361,0.008961957662338023
9,SURE-PM random,0.008960775179267556,0.009012826461776377,0.008967406178598375,0.008962441856183823
10,SURE-PM random,0.008960587902918284,0.009008370835524691,0.008966707419995786,0.0089621240097404
11,SURE-PM random,0.008960633147593829,0.009010942705344077,0.008966944124213434,0.008962225467192173
12,SURE-PM random,0.008960405976520355,0.009008243332674191,0.008966201537858397,0.008961879458673962
13,NPMLE,0.04904559288282028,,,
14,SURE-PM uniform,-0.019887417842951668,-0.019785841479075455,-0.019879503897570105,-0.019886044985917603
15,SURE-PM NPMLEinit,-0.01987049422559526,-0.019865652018283875,-0.0198691027735555,-0.019870108759918795
16,SURE-PM random,-0.019887649740123994,-0.019849393408863686,-0.019883456417794338,-0.01988671431984125
17,SURE-PM random,-0.01988769496422037,-0.019862707031367836,-0.019884593806723794,-0.019886900260279675
18,SURE-PM random,-0.019885102888313747,-0.019772288099084444,-0.019876898809282208,-0.019885557523221013
19,SURE-PM random,-0.019887010062985374,-0.01975840248559914,-0.019873501337976142,-0.019884521375219552
20,SURE-PM random,-0.01988764952208385,-0.019865146911659633,-0.01988454428348364,-0.019886835045939133
21,SURE-PM random,-0.01988722648046432,-0.01976260940936017,-0.01987586634553242,-0.019885543443967216
22,SURE-PM random,-0.019887191476934234,-0.019759967786232072,-0.019876788717479794,-0.01988551405911096
23,SURE-PM random,-0.019886590712663778,-0.019754805712343337,-0.01987674547498843,-0.019885321086501283
24,SURE-PM random,-0.019887017727317796,-0.01976795615754563,-0.019875384100396475,-0.019885064367466274
25,SURE-PM random,-0.019887332279020793,-0.019802958248838588,-0.01988097319811832,-0.01988655156239023
26,NPMLE,0.10479810595481207,,,
27,SURE-PM uniform,0.008148401186124178,0.008256825625106093,0.008170232495716903,0.008156060109754453
28,SURE-PM NPMLEinit,0.008136039087228202,0.008136253134305242,0.008136094472388233,0.008136072628244211
29,SURE-PM random,0.008147572523946031,0.008258913265258573,0.0081703047770967,0.008156096705414572
30,SURE-PM random,0.008148509201562409,0.008262186983132268,0.008171893847473886,0.008156661669267162
31,SURE-PM random,0.008147983664090877,0.008255789323496004,0.008171013728680468,0.008155805669686291
32,SURE-PM random,0.008149374330520799,0.008251194449512785,0.008169271830190965,0.008155277170039311
33,SURE-PM random,0.008147470117984935,0.008255026362492543,0.008170194828981554,0.008155571943346693
34,SURE-PM random,0.008149240210929243,0.008256756886980732,0.008169191587042662,0.008156271953119455
35,SURE-PM random,0.008148838846061483,0.008257017101906836,0.00817008472108986,0.008156327785967558
36,SURE-PM random,0.008148833280625194,0.008255458934798536,0.008170373798315023,0.008156243234163849
37,SURE-PM random,0.008148478387780376,0.008253544505885967,0.008169360998402287,0.008155951605626424
38,SURE-PM random,0.00814809786821188,0.008257279680421163,0.008169742408916499,0.008155434754688677
39,NPMLE,0.06627375767949635,,,
40,SURE-PM uniform,-0.0012159302726988664,-0.0010031659458996601,-0.0011722167910197178,-0.0012110710920262059
41,SURE-PM NPMLEinit,-0.0012175157476863596,-0.0012177655090993866,-0.0012177655109155872,-0.0012177655126969001
42,SURE-PM random,-0.0012164619522599374,-0.001001610611964825,-0.0011916746053667814,-0.0012150458247101347
43,SURE-PM random,-0.001212874897671732,-0.000999316557276959,-0.0011730695518626711,-0.001212859579958856
44,SURE-PM random,-0.0012155056730634329,-0.0010060567948084475,-0.0011750423639894337,-0.0012109832070295746
45,SURE-PM random,-0.0012154495667058996,-0.0010079177163453501,-0.0011713348950516255,-0.0012098262551299755
46,SURE-PM random,-0.0012166849819488412,-0.0010025895074359248,-0.0011868287996330907,-0.0012146287650499055
47,SURE-PM random,-0.001215844598876661,-0.0010033363141035956,-0.001174670633815733,-0.0012111802517406822
48,SURE-PM random,-0.0012157276901424829,-0.0009979312020559307,-0.0011680780366114085,-0.0012105752298529103
49,SURE-PM random,-0.0012151941568330927,-0.001006653108587443,-0.0011653185139048538,-0.0012081056714401406
50,SURE-PM random,-0.0012157616461588993,-0.0010022219483920302,-0.0011698608699622958,-0.001210413156741179
51,SURE-PM random,-0.001216052512968666,-0.0010053149888192793,-0.001174202943244449,-0.0012113280423569073
52,NPMLE,0.041749056855856864,,,
53,SURE-PM uniform,0.007073674300736492,0.007298547580003589,0.007130427303373619,0.007086076538368662
54,SURE-PM NPMLEinit,0.007061213326860365,0.007061020553941102,0.007061010739550451,0.007061112236648022
55,SURE-PM random,0.0070753315512799555,0.007279604150052652,0.007131940633566156,0.0070862167958412135
56,SURE-PM random,0.007074265369127808,0.007272213064723126,0.007134156878026872,0.0070879708266525475
57,SURE-PM random,0.0070711149495320666,0.007300599192209596,0.007130175990948491,0.007083843245191943
58,SURE-PM random,0.007070700034127864,0.007305706097238112,0.0071268662614736656,0.007082518097572024
59,SURE-PM random,0.007072064148119228,0.007265634590442343,0.007126781077071538,0.007084567417000329
60,SURE-PM random,0.007071295900792442,0.0073098753955211215,0.007125996021207488,0.007084839173345756
61,SURE-PM random,0.007072216727195837,0.00731774251283655,0.007132504025904165,0.007084989311109435
62,SURE-PM random,0.007071973134757545,0.007321358781383243,0.00713084006960182,0.007084511840267442
63,SURE-PM random,0.007071672286638861,0.00730800714919635,0.007128315499046121,0.007083818002254638
64,SURE-PM random,0.007070465177753924,0.0072902478799059265,0.007129123848314123,0.007082891572884034
65,NPMLE,0.10700466232382386,,,
66,SURE-PM uniform,-0.0044422226589192,-0.004115739407821657,-0.004424657133260616,-0.004439016452074895
67,SURE-PM NPMLEinit,-0.0028872257093960664,-0.002886244085742433,-0.002886980495786258,-0.002887157577950816
68,SURE-PM random,-0.004442455506718552,-0.004101967748383739,-0.004428065695846683,-0.00443969826697419
69,SURE-PM random,-0.004442527962317957,-0.004093240396180437,-0.004425747441400798,-0.0044396451356791995
70,SURE-PM random,-0.004442311322158954,-0.004116423414079567,-0.004425700524263938,-0.0044392761943814205
71,SURE-PM random,-0.004442018581248934,-0.00413300994952138,-0.004422594078097646,-0.004438508232183409
72,SURE-PM random,-0.004442122498841599,-0.004119660474119424,-0.004425307858670671,-0.00443896131600047
73,SURE-PM random,-0.004442276405543452,-0.004113639652374079,-0.004423878199640399,-0.004439070698216803
74,SURE-PM random,-0.004442102085671315,-0.004112105367020185,-0.004423171203787426,-0.004438688702331035
75,SURE-PM random,-0.004441700501452778,-0.004115917970713081,-0.004421617614636517,-0.004437900737189811
76,SURE-PM random,-0.004441852641145285,-0.004119520916343564,-0.004420358785464824,-0.004438062654885009
77,SURE-PM random,-0.004442037717250535,-0.004115297160227733,-0.0044243903043781965,-0.004438713777868344
78,NPMLE,0.22054926915460626,,,
79,SURE-PM uniform,0.00791204817791149,0.007952528336850104,0.007927950499864486,0.007917815673608839
80,SURE-PM NPMLEinit,0.004432781976684055,0.007909938883445839,0.007902982348380832,0.00790275853261937
81,SURE-PM random,0.007911368200500686,0.007951343522861585,0.007927533797104473,0.007917487902140951
82,SURE-PM random,0.007912312548862098,0.007955420281495797,0.0079289495572384,0.007918205736055927
83,SURE-PM random,0.007912013521491748,0.007952815508763447,0.00792796707832956,0.007917797842159242
84,SURE-PM random,0.007912001830336024,0.007952602749669281,0.007927461576293702,0.007917434900004636
85,SURE-PM random,0.00791256888096532,0.007955894111028013,0.007929821776289661,0.007918847796278605
86,SURE-PM random,0.007912027244642345,0.00795249590505911,0.007927823453476215,0.007917691195296221
87,SURE-PM random,0.00791263984436819,0.007954392511147556,0.007929168994537416,0.007918555714317623
88,SURE-PM random,0.007911902792330885,0.007948741995763288,0.007926146093358798,0.007917024776964486
89,SURE-PM random,0.007911880393637088,0.007949451417349493,0.007926500499944637,0.007917255319467529
90,SURE-PM random,0.007911662905047833,0.007951874694175257,0.007927666086931016,0.007917476810331827
91,NPMLE,0.09260468281438797,,,
92,SURE-PM uniform,0.002693332819000638,0.002917178655329149,0.002721218065921764,0.0026992485491006235
93,SURE-PM NPMLEinit,0.0026858186799966076,0.0026861734605740394,0.0026859059564952226,0.0026858429985901822
94,SURE-PM random,0.0026921859056456654,0.0028835742228513974,0.0027177662988292716,0.002698029244120974
95,SURE-PM random,0.0026928081140607674,0.0029155910222388214,0.0027238073351087168,0.002699509282497523
96,SURE-PM random,0.002693572155535211,0.00291166776905861,0.002720754174223394,0.002699283523123661
97,SURE-PM random,0.002692321960246424,0.002909578890735176,0.0027184649853454522,0.0026977917099932293
98,SURE-PM random,0.002692898837803437,0.002906829071191481,0.002722496350266983,0.00269910863020943
99,SURE-PM random,0.0026924448837823078,0.0029165841946412916,0.002718830947153137,0.0026981356831954884
100,SURE-PM random,0.002695036860863169,0.0029216662852043027,0.0027191048186082155,0.0026989027365492647
101,SURE-PM random,0.0026920093463996507,0.0029240754087678056,0.0027183515211437028,0.0026973145265844424
102,SURE-PM random,0.002692291401575808,0.0029213376495437517,0.0027183657827911036,0.0026979013157009744
103,SURE-PM random,0.002692850603536705,0.0029151690750694216,0.0027201715865425593,0.0026989374881481077
104,NPMLE,0.13754533636486385,,,
105,SURE-PM uniform,-0.009033619180543262,-0.00879070927932446,-0.009004156078828665,-0.009030346929971778
106,SURE-PM NPMLEinit,-0.009664424558627881,-0.009610266380986126,-0.009650629775621287,-0.009660544411857526
107,SURE-PM random,-0.00903361214911504,-0.008813112483704604,-0.009006822520664972,-0.009029375006046347
108,SURE-PM random,-0.009033620581094404,-0.00878812931205843,-0.009005832874222701,-0.009030442854564438
109,SURE-PM random,-0.00903362949416584,-0.008793340703275324,-0.00900256089530771,-0.009030187311780402
110,SURE-PM random,-0.009033396104127362,-0.008791761071691884,-0.009001452925731481,-0.00902962106209026
111,SURE-PM random,-0.009033679851866,-0.008784156768176477,-0.008995205439083982,-0.00902974980522762
112,SURE-PM random,-0.00903369879455946,-0.008787735857754449,-0.009002580835408001,-0.009030280958353175
113,SURE-PM random,-0.009033752767769396,-0.008783548996661157,-0.00900122762530069,-0.009030172113006713
114,SURE-PM random,-0.009033278823608501,-0.008794380110383547,-0.009007216382891823,-0.009029791491640874
115,SURE-PM random,-0.009033198994815219,-0.00879264445762102,-0.008998468858359967,-0.00902863603001661
116,SURE-PM random,-0.00903384409246934,-0.008790207345634453,-0.009004750166547719,-0.009030900276283891
117,NPMLE,-0.011956076823124242,,,
118,SURE-PM uniform,-0.024745583605258404,-0.024588938720385266,-0.024735518323991474,-0.024744709584788752
119,SURE-PM NPMLEinit,-0.024746034496970583,-0.02474582237956348,-0.024745983032396026,-0.024746020439111796
120,SURE-PM random,-0.02474557922168753,-0.024722539720810347,-0.024743501933926097,-0.024745089066375386
121,SURE-PM random,-0.024745575402575,-0.024583658740413537,-0.02473676030737572,-0.024744412529724327
122,SURE-PM random,-0.02474564369353086,-0.0245930432269099,-0.024739040234759316,-0.024745002919492692
123,SURE-PM random,-0.024744724969352063,-0.024594166297193,-0.024730185241922324,-0.024741962771304138
124,SURE-PM random,-0.02474418433389971,-0.024580638746059192,-0.02473064955571191,-0.024741658728816347
125,SURE-PM random,-0.024745418437041432,-0.02459007415807708,-0.02473340687788884,-0.024743585331266294
126,SURE-PM random,-0.0247449214526236,-0.02458397402583028,-0.024730498633700825,-0.02474227219520003
127,SURE-PM random,-0.024744977461297227,-0.024588139717714803,-0.024731226901984177,-0.024742701357469893
128,SURE-PM random,-0.02474514247719366,-0.0245856419081235,-0.024730666878240087,-0.024742597320721257
129,SURE-PM random,-0.024745552904840373,-0.02458796736251644,-0.02473648499916706,-0.024744681973828973
