,n,m,use_location,use_scale,MSE_wellspec,MSE_misspec,MSE_surels,MSE_NPMLEinit,MSE_NPMLE,MSE_thetaG,MSE_EBCF,SURE_wellspec,SURE_misspec,SURE_surels,SURE_NPMLEinit,SURE_NPMLE,SURE_thetaG
0,100,200,False,True,0.1310453590452323,0.17862850993351656,0.2818505453864019,0.17864375592972295,0.18811252178195023,0.30740742740532795,0.3003404746319199,0.03352654366838846,0.12835672152267924,0.2679235190988574,0.12834872875857328,1.1108840755513596,0.27928402859149004
1,100,201,False,True,0.1733292808666627,0.22022860964090782,0.27566209673853015,0.21996669302877778,0.2318412609753511,0.26754669205653925,0.2809093717309447,-0.05661270473756921,0.1071476642580636,0.2738475120333319,0.1070873419141286,1.4812424975080478,0.2921027753278251
2,100,202,False,True,0.07040753608931656,0.1867838215525628,0.2633162048466693,0.18680435767751483,0.17845638988748308,0.2822251482049607,0.2796677929112225,0.011298097977651323,0.13788297523276133,0.24720874233626414,0.13785506390338914,1.0195941092104284,0.2682609451692131
3,100,203,False,True,0.1559719790571276,0.14079472188559367,0.25385061142036547,0.14081694765796715,0.1715258710304241,0.27653161890053374,0.2715820849109463,-0.08647407586147285,0.14176752008118967,0.25957867004721585,0.1417539162846745,1.3360408894586888,0.2700215703477648
4,100,204,False,True,0.03883459241966954,0.16730024539620467,0.24677144951497232,0.16743807160974478,0.1855435018758704,0.28485652586867666,0.27495440159877116,-0.009347319797729887,0.10291033310160358,0.2605313889792341,0.10290886885881548,1.4490686058910496,0.2756992325006166
5,100,205,False,True,0.0701407206898644,0.16137043393896833,0.2624321984923929,0.16451245691274471,0.1976755523332666,0.26075855812129395,0.27571546769912036,-0.01880875697965327,0.13980323573131195,0.24201691308183548,0.14087493731710587,1.214163464113612,0.2445528875142619
6,100,206,False,True,0.08064200314529853,0.24621101159237102,0.2596077082980974,0.24624288845824588,0.25181740942004915,0.27399392621896335,0.2789594078260408,-0.056394891736959024,0.05202443090848775,0.2595453181512661,0.052011671915951116,1.5266255236112862,0.27275837692186605
7,100,207,False,True,0.20179408171139868,0.23367020464821855,0.30106103310547955,0.23331666313736998,0.27501934208095496,0.3309485537474723,0.3247723440101703,-0.008745034306217408,0.13923177210601453,0.25947234625015375,0.13921107064789204,1.4370628166389374,0.27222858706742314
8,100,208,False,True,0.20574025585802694,0.3151238343892452,0.3519327427598822,0.31504041852133235,0.3016277358705313,0.3669841595858038,0.3805191816982653,0.05240857688920112,0.15115867327389493,0.24453744394943255,0.1511407769122459,0.8621730280638215,0.25618918207738195
9,100,209,False,True,0.12906837425611437,0.16506416888624148,0.2448750954091874,0.16528444664467334,0.1559909796660961,0.2501269845262855,0.2549645626411815,-0.013315620841095348,0.1351725692214165,0.25982775509604056,0.13514385212086047,1.268038360376229,0.2743694039024858
10,100,210,False,True,0.1876978408360138,0.18765271993478475,0.2550988474842424,0.18762384425847511,0.20844888263056457,0.2537841827903603,0.25093139148664373,0.0814949992516069,0.081476354733148,0.24938258634055302,0.08145340468698258,1.306101788197316,0.26817572177132787
11,100,211,False,True,0.09122020031341099,0.2069755468734683,0.28157444835384776,0.2077520107975743,0.23364864553593417,0.30950940987146636,0.3064673366535907,0.01802313237931381,0.1294241883706113,0.25286338779429096,0.13008121295985509,1.7423007520113054,0.26866138431061415
12,100,212,False,True,0.06734911670261513,0.18755121788595452,0.1973318131512349,0.18752909038863994,0.15708680957871052,0.21045953712090207,0.2149011530947575,-0.10070207209765712,0.06749308671150071,0.24773159655359359,0.06747030115643408,1.000829369481217,0.2633770230609673
13,100,213,False,True,0.1261330028445335,0.165106170202347,0.26231190204430715,0.1651230031200756,0.1630975838607043,0.2613285375966259,0.262589792284066,-0.031879123485875856,0.13235707552824238,0.26458266857135276,0.13235140891599,1.5525428176721823,0.2663437589111927
14,100,214,False,True,0.03180036304300735,0.1370644157830424,0.2255200739957347,0.13710555580693068,0.1344375196584712,0.23100881814250926,0.24276084461322273,-0.013844788155614931,0.09894350167068883,0.24749330522282453,0.09892807493735592,1.2647421077001362,0.26246268057527733
15,100,215,False,True,0.04072913949560539,0.1740495416989789,0.25895746986302287,0.17402947981011294,0.1911076853141749,0.27107397578252374,0.27794348144559516,-0.04049188646674131,0.09613437845372026,0.2763165842648937,0.09611043020346934,2.345122256780239,0.2918080200722755
16,100,216,False,True,0.17874752214147516,0.25148363658970835,0.260804959490433,0.3165494466243717,0.2648305557418104,0.28254270635168566,0.28356102184954113,-0.02456399105903775,0.1289502710612497,0.23974586644825238,0.23262367612883467,1.5439993926094382,0.2539193039069412
17,100,217,False,True,0.02103483795577012,0.16341544272702063,0.28006608842515174,0.16337753242136055,0.17375105960406217,0.2928564887815179,0.3049018948149197,0.010803732147046677,0.13797360512812987,0.26599506888660374,0.13794979247295117,1.3202630570735543,0.27914758316240484
18,100,218,False,True,0.07415764918948113,0.19880311617930085,0.2487513353097956,0.19905171110702102,0.19901161668441134,0.2762995061206796,0.271933764032822,0.021408474204775728,0.11905976480871829,0.26800049530080683,0.11905541884118037,1.2822576400504897,0.278677051177381
19,100,219,False,True,0.038347635473326994,0.1541340769614068,0.24154122376786658,0.1542051484347228,0.15501800575049468,0.2387045016731354,0.2457953411843025,-0.03499779572835618,0.1119894022601745,0.25531129665930946,0.11198562706830231,1.4008357970960872,0.2742623294027993
20,100,220,False,True,0.054740924658545416,0.14679375568168354,0.19653333568693307,0.14678587122953482,0.14995394098621342,0.20195781505308627,0.2081797572970167,-0.07668084558663323,0.1154463926018486,0.2577618530307541,0.11544407507837726,1.6733061961424849,0.27329688739842717
21,100,221,False,True,0.08759538442199048,0.17035686096277644,0.25744477795754817,0.17241862844745504,0.1762926109376792,0.28185269471496643,0.2713947310121002,-0.0741516244366084,0.12410874355767203,0.25743659456226214,0.12419970453131374,1.5561280828429767,0.2745499444656567
22,100,222,False,True,0.06081117341332406,0.1706981677303748,0.2125747262666726,0.1705064581303321,0.1525138862205052,0.21078626067707323,0.22220418993185706,-0.06814354747176064,0.08469160325818503,0.2673193832191992,0.08465814372708681,0.9053471290932849,0.26872709177761794
23,100,223,False,True,0.056441095365039204,0.21129456268638822,0.2562572349374646,0.2116793535019153,0.21142727950971346,0.26044614171779834,0.27051948121974473,-0.03435798342223362,0.10144471804916115,0.2553604159431609,0.1014284945183833,0.8520633386518623,0.26952425402964403
24,100,224,False,True,0.03079876258022464,0.1470761554360343,0.19394171233673524,0.1471106706141412,0.14582299696307624,0.20238091554606744,0.2057078003270701,-0.08358588716926725,0.09980110323526348,0.25987552429439364,0.09976646147109812,1.160263890074259,0.2796712263006249
25,100,225,False,True,0.10933474944100091,0.167863918999812,0.28232894484340354,0.16716460538451497,0.24189126139660147,0.29829967494920734,0.31491150737423235,-0.02372695686689593,0.14798195839953165,0.24809275109863652,0.15312570242822018,0.9086286156083412,0.2623322187517006
26,100,226,False,True,0.05360505047442321,0.132467235338026,0.23699550920510074,0.13250538719406849,0.14464103581150517,0.2501660016364669,0.2647351103129245,-0.09247477341305885,0.08716822411870993,0.26038311001123804,0.08713941004483573,1.464153383494586,0.27880176405481466
27,100,227,False,True,0.07295884065588228,0.2433892569663522,0.2898125378291334,0.21365214309728203,0.23891995901118165,0.3042346089604135,0.31401265734005746,0.022624048423630853,0.14271152180646937,0.2591391206880139,0.17832643870781512,0.785214536747053,0.2698549813842584
28,100,228,False,True,0.14408019569763306,0.23528411643502525,0.3099657345799334,0.2504908760824748,0.24503374304585626,0.327788613678145,0.3292273350824987,0.00414727977146244,0.1555346838775758,0.257573682636155,0.16094037203228242,1.1896892507125179,0.2720167232475458
29,100,229,False,True,0.07489396027429575,0.21917283624189818,0.265922226038519,0.21921406636905907,0.22693064945917196,0.28034712432234865,0.2870492416347997,-0.03882041353299503,0.10859841912728702,0.26005028096063065,0.10859175195918734,1.461954159671746,0.2761278545941405
30,100,230,False,True,0.012494053901883686,0.14732466436200797,0.18302718538155216,0.14210871133334874,0.13795232305696883,0.1957072969218117,0.1947061529213318,-0.08866383567704761,0.0686060946604654,0.24505479962665372,0.07338807050422026,1.8086628278899541,0.2648130363142387
31,100,231,False,True,0.07923623133606145,0.14596595495039522,0.2224809180717916,0.14596860287292393,0.16342161257651683,0.22638135451656488,0.25857604632555636,-0.056796148098705646,0.129098536522619,0.23626768134415885,0.12908466857370332,1.1555324132967537,0.2569756225605113
32,100,232,False,True,0.12979408626537828,0.19720178173496838,0.2779695136077462,0.19717408103452744,0.18052132491201311,0.28718321462262086,0.29606063992594833,-0.08103867667058484,0.0877550265007562,0.2753125274284817,0.08772237592445467,2.174007756109086,0.28935208263632334
33,100,233,False,True,0.05592163017473294,0.13743615165998835,0.25363425678340595,0.13743324742133922,0.16611651253139453,0.2550371133096739,0.25802743666387695,-0.030944472278785776,0.0857354509986363,0.24890753107868482,0.0857069886859854,1.1664069764488203,0.26584326375040473
34,100,234,False,True,0.1546154154187124,0.23342790186087384,0.29721515386361463,0.23352893039695258,0.20046122884053333,0.30758547343350995,0.30741081030375705,0.00021845588398219817,0.14872261274864307,0.24283811335603683,0.14872542835320177,1.112179675973088,0.2584118039626416
35,100,235,False,True,0.05923515695170169,0.14671765314869606,0.23182397514643124,0.14673905159526618,0.16452791073231407,0.2556889667446389,0.25765097692862204,-0.06912399605335502,0.08013809047120667,0.2711880588883149,0.08012023542321785,1.7536559876441549,0.285132106055567
36,100,236,False,True,0.19455218962607104,0.19272895222379488,0.2656166022890438,0.1929397344187695,0.19523082960071098,0.2697646600968842,0.2911415207512108,0.0783060091644051,0.0780081629886061,0.2531910099535289,0.07804886379569012,1.4566114018764227,0.2751256058245682
37,100,237,False,True,0.13573513120047695,0.27417576630137463,0.3234727326155631,0.27433111398509136,0.26979520845656074,0.33212993718311656,0.346071021004822,0.033945357815287173,0.13090983783770113,0.2747943399827393,0.1308967785567274,2.1122745320237777,0.28615088098554087
38,100,238,False,True,0.03240607455851835,0.1805631625756691,0.21617846921098313,0.1802098153151973,0.16654025941186348,0.23481065963835712,0.23390759779008624,-0.09005467970943098,0.10104569941881042,0.26871844721032473,0.10100558529355436,0.899121374187607,0.28007776257695793
39,100,239,False,True,0.0975206365228765,0.1978976892424001,0.2383888046757093,0.19790920869293996,0.20444805588756088,0.2538060780146023,0.24657006722467106,-0.05979353687677125,0.11521665416924844,0.2633088057853365,0.11520225902580154,1.665723717943285,0.28000204531903145
40,100,240,False,True,0.11660224694309759,0.2032776015473958,0.25490546912446754,0.20362258964392635,0.17938179805645504,0.2562417603055638,0.2675151754624439,-0.007676256837451136,0.0930741541807728,0.23897045137625017,0.09303841641601328,0.9485023817377839,0.2603745976912043
41,100,241,False,True,0.17366897395001155,0.2491104521869275,0.24969106410102446,0.25810281961564263,0.23421717764787142,0.262838687329591,0.2660488906183961,-0.06437545152482126,0.11131084133943589,0.252498766066231,0.11168430159014371,0.9471568629838764,0.2700910388274353
42,100,242,False,True,0.10257310259108873,0.2048130417215138,0.28376519381360316,0.20480851021663699,0.23209905638086134,0.2953873358619846,0.3110892706040108,-0.04695866549161405,0.08589365883559666,0.25769877188617707,0.08590669075105019,1.3763937220088058,0.2716427751594834
43,100,243,False,True,0.14025213067567963,0.293132856349686,0.3434662379395357,0.2947350404929889,0.2865815065732116,0.34859637622447837,0.355924699182298,0.0862448882400581,0.16606617064427576,0.25835300678342354,0.16635745811306044,1.075656587141493,0.27276031958983
44,100,244,False,True,0.11269411668941126,0.18127403910986023,0.26049657788620545,0.18129496399619158,0.20371723329215205,0.23824611275606317,0.2833497878638585,0.019500080602463336,0.13227248049816773,0.2432799404852844,0.13225503515905834,1.2505480966984874,0.26400249382647606
45,100,245,False,True,0.07070069124520141,0.2471100035191399,0.25795089495564755,0.25567372265542543,0.2051483776448988,0.25995171803843226,0.2659913704723901,0.00011063022461301753,0.125550271845745,0.25798220139221406,0.12613629956192277,0.933411161564671,0.2720174960351843
46,100,246,False,True,0.05080586235338708,0.18822009348399873,0.20905349043895302,0.18822123526761128,0.1519297625446655,0.22994987655028457,0.23533788369963093,-0.06219092169701146,0.06474271768865102,0.27559105934117606,0.06473939766556874,1.6146521683666868,0.287166208744717
47,100,247,False,True,0.057116165329758314,0.16623531469283812,0.1928037951189148,0.16599114004405055,0.1284896382659782,0.19313324377098234,0.20446442567740633,-0.08785286201772269,0.0633030148630634,0.2895876075366229,0.06326912562961547,1.9667617445704635,0.29063167919775584
48,100,248,False,True,0.1416442901512094,0.23353926056837146,0.24303917031429567,0.23336436975475958,0.2242160822627784,0.266650297208122,0.27311338320734413,-0.08494690378045246,0.07492470130400211,0.25315090796765055,0.07492306291612703,1.1248885503882091,0.26654308170154967
49,100,249,False,True,0.14156348479602132,0.20731765545280378,0.22756803189478614,0.20611640588563454,0.1741694905170122,0.2350761787394577,0.23257091427024487,-0.015185607400101187,0.07923659563234789,0.23636380543674448,0.07922961035730065,0.8740449442569802,0.25409765174211324
50,200,200,False,True,0.0674623644752835,0.18528434586809245,0.2549387625174461,0.18529150683630038,0.1874111801926582,0.2657424894615874,0.26661546170388095,-0.033947397023058025,0.10281909286510618,0.2682374675947903,0.10279469759065918,1.0069589423552707,0.2807854255109801
51,200,201,False,True,0.0573606718895402,0.15506224893170947,0.23654095067271375,0.15532957890999874,0.16845660030151335,0.2515766772926156,0.2428312512675986,0.01308319948997079,0.1261822007812609,0.2549232901938057,0.1261793446611499,0.842824622263265,0.27069071766584724
52,200,202,False,True,0.04203642365959632,0.15618866339365792,0.2497724646231024,0.1561969282121197,0.17843005452469668,0.2374540972792943,0.2415858863719162,-0.008978440745261735,0.1508024214185363,0.2552553110873657,0.15077971790872716,1.2809835410776356,0.2740120351283248
53,200,203,False,True,0.054806236763448285,0.20037209354584287,0.2665789741289641,0.2012247337163806,0.21041362178954912,0.26180286114984846,0.2756108147413428,0.010328398866358262,0.1580893887403524,0.2620495965901843,0.19546437570330294,0.8059146385236821,0.2641298000546691
54,200,204,False,True,0.02102839255713289,0.15023620717259253,0.2255691239603636,0.15024281764482167,0.1775462014084189,0.23114138761345612,0.22803216658941397,-0.032752377254850744,0.0829506505291488,0.2510976811628969,0.08293703236094188,1.1718698965759469,0.2645448600396063
55,200,205,False,True,0.03497867840722666,0.15296103573022257,0.20954257960031292,0.1534337259815995,0.14998743366162245,0.21586168081306645,0.21682096888523716,-0.04730026008297134,0.09654991816354866,0.263288974278045,0.09658070880014016,1.5737266303526363,0.2774451981077927
56,200,206,False,True,0.24945177415086534,0.31170544071345474,0.3353850113936963,0.31137154808097006,0.30650075816884714,0.3547169885917539,0.35645724810182655,0.018365678102055655,0.155320324654959,0.25590741558426294,0.15530935534292567,1.1531236415605028,0.26843077605727494
57,200,207,False,True,0.05020933575772982,0.18915919579829324,0.2601784832227787,0.18869954144418027,0.17447111142458063,0.2724885459602907,0.2721812089552397,0.02134679313394496,0.15652322705946417,0.2651392265096415,0.15651224306583472,1.4400420763899182,0.2761601204565418
58,200,208,False,True,0.21042907381044096,0.21198967065857865,0.29798128620735154,0.21189636394148006,0.23823818198110847,0.31582015598754054,0.31077179845644765,0.16692843345356714,0.16672698920360376,0.25419184362938674,0.16671855986966236,1.0070346837147568,0.2693131788923271
59,200,209,False,True,0.034274111439982276,0.18540513034041436,0.267023232920787,0.19667721461582413,0.21575980302304665,0.28129842556587525,0.28436493159466425,0.0025593378555667503,0.13663034966143012,0.2612576211199029,0.13853609773456096,1.2510673725498977,0.27574264936123216
60,200,210,False,True,0.04153749143530284,0.18447886247667902,0.2223059610512825,0.18450159078586711,0.18063631850449927,0.2351578233072329,0.23806296418105294,-0.04280435494917574,0.12266424702741645,0.24511243380458883,0.1226607491303136,1.4992450119896807,0.26327303621678383
61,200,211,False,True,0.03440341533724156,0.1579481591195852,0.2363235981701719,0.15798418525120367,0.1639305792892287,0.2362705709283117,0.23851286266479513,-0.015698402359216206,0.11161781038597632,0.24479139663220356,0.11160008570460342,1.7644955722456346,0.2595916425847355
62,200,212,False,True,0.0586636706857463,0.216154799153281,0.26927062508572136,0.2162397031411743,0.20775316058921903,0.28797559567460146,0.27994508443562804,-0.009058164256443678,0.12185502496180547,0.24960824435129056,0.12184349385310768,1.5980408931531656,0.2668194176075548
63,200,213,False,True,0.10621541136225332,0.22606823821920155,0.23888233307866685,0.22607297522905723,0.21034137858254415,0.24719016221231804,0.24868338363596593,-0.019287068248805318,0.10379377271000845,0.25545516183206374,0.10377850656697664,1.6862513429665589,0.2721202665034572
64,200,214,False,True,0.058414948367415336,0.17568962546899095,0.22938776527669527,0.17566958406923153,0.16646068378686443,0.2406480911765766,0.2415706117308059,-0.035697093228708954,0.1155238621230901,0.2601719009142057,0.11551478200294206,1.1297728658499575,0.27459845676850664
65,200,215,False,True,0.05123207367496728,0.1759726821972181,0.23718967014917725,0.18030430501451783,0.18167297616563055,0.24852044077815197,0.2470701778506764,-0.023915304374942797,0.09564843708917771,0.26208542483604197,0.09722480365906627,1.4296041446558763,0.2763032168219213
66,200,216,False,True,0.08902114768108788,0.16074558671643782,0.23818666860997573,0.16074897011937586,0.16443970557207127,0.2417569788038957,0.24750149751576372,-0.006137296781596574,0.12496460575216727,0.2448657920221691,0.12499146993054101,1.5631369532428223,0.2587534883608861
67,200,217,False,True,0.04648587880174132,0.18678588633305504,0.26377405574309465,0.18664911092200545,0.20607200774838624,0.2720069341669882,0.2688155043655035,0.015538526465948204,0.10685505948326697,0.26097889541899755,0.1068350951778282,2.065325176847945,0.2784521606730274
68,200,218,False,True,0.0499555138525745,0.17014752775456213,0.2650330391294624,0.1632255885746104,0.1910840996038775,0.27928151065982876,0.2722769831130535,-0.00017150158306243558,0.1180651901877236,0.24781940962243446,0.132128550043487,0.8581260671033177,0.2627342424365194
69,200,219,False,True,0.04556761520718091,0.15747744220019694,0.2547962022797434,0.1574648326245579,0.18906463748830923,0.2656495549517167,0.27192422681767947,-0.015241547895666212,0.14630453530897164,0.2546179556962829,0.14628471822611025,1.0615009464288105,0.2721671813603071
70,200,220,False,True,0.039206966543967464,0.17935241355100678,0.24996119189309524,0.17932726576352387,0.16222489336238485,0.2522125369967687,0.2606144418728762,-0.003878684022535133,0.115781815491797,0.26183725608107056,0.11574919602960815,1.513163111380857,0.2774043669315792
71,200,221,False,True,0.027333996423927486,0.18435210730904036,0.2559622730704778,0.18439078037551962,0.20453537492265775,0.27025981014261324,0.27523252831356493,0.007394699158171968,0.16125486622088772,0.26427860534120007,0.16123112718834734,1.547093391165996,0.27816499701257835
72,200,222,False,True,0.1083012722593987,0.24924766262345732,0.29889941734529935,0.2492179844499485,0.2157122368038912,0.29752696780822613,0.2929714310522226,0.034716917811733854,0.14219460519684113,0.25154837926827756,0.14213344169860884,1.2195309167685968,0.2728220328629733
73,200,223,False,True,0.02229867536501778,0.1748569613190523,0.26217137372685534,0.15696682958437624,0.17368031949849452,0.2736997652415019,0.27769191341870725,0.006992435083238677,0.13404518276510038,0.2597107960212455,0.1437270914426606,0.8944614965198383,0.27459866322686
74,200,224,False,True,0.07096652771994803,0.16134490623015074,0.24170646925738218,0.1612848870814764,0.1797898730908872,0.24610992134748677,0.24308095186782377,-0.021509252838482498,0.11995039971545417,0.24407080656676577,0.11993108564084651,1.311492833564409,0.259519269333227
75,200,225,False,True,0.14489342359835597,0.20594373416874792,0.29658929911737997,0.2059330374743127,0.22207714334008888,0.3123256586411253,0.30894202506949076,0.01676086480264272,0.14747482489835903,0.26744706337347046,0.1474407059837462,1.050035150042483,0.2783969512846085
76,200,226,False,True,0.09501626757790396,0.2019430905008597,0.23254371872376167,0.20194033020439084,0.20285842481135505,0.25773871741021637,0.2575322793945317,-0.018153747293691024,0.11002668900352049,0.24258392182384328,0.1100034711560712,1.239571960964896,0.2534486601851894
77,200,227,False,True,0.030523065991600574,0.1982406790629365,0.27799291294332834,0.19821705260864586,0.2119463915610294,0.2923483394131998,0.29120852963241955,0.012103967306016757,0.12519467253867042,0.265184981700008,0.125189092529307,1.7201925624112266,0.2778482298411479
78,200,228,False,True,0.09594022615103281,0.15594276179708674,0.23954293894894005,0.16383111826041638,0.1832459782581514,0.2522086662680433,0.25056003315566305,-0.0017340834694129347,0.12523010753206543,0.24767188567587503,0.12708439267068733,1.1747902755589141,0.2607647173694845
79,200,229,False,True,0.09913226971155728,0.1995573381258998,0.28609423849667875,0.2022686558557959,0.2578074836882166,0.3031111363456383,0.30072444413074,1.0234764921956963e-05,0.15910654716644237,0.25544302320079443,0.15981930799033423,1.0326382661967832,0.27234511065952877
80,200,230,False,True,0.0850218460255503,0.19885498578377903,0.29033506517881286,0.19886074601443351,0.20848210868870495,0.2845126849980155,0.30122603933293624,0.039248137838863155,0.16071696567517665,0.26251422860434515,0.1606908796295841,1.2112861742830219,0.2786249673996349
81,200,231,False,True,0.04127075120003301,0.20701362626690936,0.261629469299272,0.2100170299630874,0.20447338808319318,0.26870459395884005,0.2814941606973009,0.02362393090388499,0.1524122681299577,0.26363634408389747,0.15261039158108092,0.9938666238230417,0.27641984494086025
82,200,232,False,True,0.06739195478748852,0.1744162711366786,0.23426151012827023,0.21084293397140486,0.19535056736583317,0.2430856973717954,0.24879154550733396,-0.017743671591757448,0.12841694038853696,0.2510316784786136,0.13217870617044958,1.0389260656452257,0.26603184691401205
83,200,233,False,True,0.055474504604955774,0.18083355054321235,0.24382888751756396,0.1809692600739778,0.18189244659255646,0.25186310446466775,0.2578141697239501,0.00976234795055654,0.12068700150108519,0.2417083281406847,0.12067070337061857,1.1689973062184682,0.2566305159600065
84,200,234,False,True,0.020977611842651334,0.11829023885044002,0.17710981639679577,0.1181690590696907,0.1047547994251606,0.183499847711032,0.18135799292673407,-0.09460110301139821,0.07851439545657449,0.26975660299617255,0.07851994219756762,1.5300759883036026,0.28508347224970715
85,200,235,False,True,0.07874310066252259,0.21321160922682253,0.27999527917524314,0.2132219260120628,0.2077063838112364,0.2767553232310323,0.28553396093805516,0.03425143809925294,0.1347252957885059,0.25991887347006476,0.13470543357153503,1.593689362367105,0.27960531824461066
86,200,236,False,True,0.06784991048442435,0.17965172276866104,0.24708987158883075,0.17966610920773596,0.18035986827339592,0.26465310578976403,0.2698404680957488,-0.0036971959369233452,0.16742412690785055,0.26029758635274985,0.16741762398374635,1.5694590200163538,0.27187950684396467
87,200,237,False,True,0.02971221054611644,0.14151378879868612,0.22003990362968553,0.14167331077325512,0.14369463481947206,0.24116842057741852,0.2339086522902011,-0.007102345518084699,0.1068743857949643,0.2564075755909482,0.10686832925808687,1.1582071424568428,0.2686978843639759
88,200,238,False,True,0.1367632109221652,0.24999179531059165,0.2823631637790841,0.25005389558407126,0.23083270700549605,0.28832371793755873,0.2949671909030424,0.005140868047343503,0.12663468983280343,0.26215392966509826,0.12660567341951404,1.090519859202213,0.27786704480355934
89,200,239,False,True,0.0605268263668697,0.17533619776289652,0.2869107900288867,0.19275376713980688,0.1947985795689429,0.3062395524980518,0.2886813518255765,0.027874130082126438,0.12976458580489503,0.26484115314501394,0.14664537231340466,1.3784934703281437,0.28274410876500883
90,200,240,False,True,0.04501362818403644,0.17372778146043147,0.2322354188265619,0.1736979654488882,0.17026539960014075,0.2419900476423893,0.23804482091207496,-0.027361343945711367,0.11782586574370975,0.25403173363412307,0.11780853361475117,1.4487701972934506,0.2686897987761862
91,200,241,False,True,0.049110955908184,0.14318760769283406,0.25510459437522554,0.14316142095442708,0.16501857395708602,0.2626609785767844,0.26536480079638597,-0.014430047850688745,0.1128442947998759,0.2604113414808165,0.11283539883222457,1.918380516877019,0.2773558804263065
92,200,242,False,True,0.014849661138678461,0.1744272657210385,0.21986268584736654,0.18276229827792714,0.1686824120976847,0.23663208437986413,0.23569445573004916,-0.03693326897145762,0.11970574995290288,0.2652203798901964,0.12168944774728634,1.8840733752442307,0.2764801954242196
93,200,243,False,True,0.09539050843741602,0.18387531580091632,0.27652885739060973,0.183785457042986,0.2077271413532239,0.2821973070937574,0.2799752311310087,-0.0016695869144106956,0.11420801787741304,0.26065737978990255,0.11419830894384837,1.880180435024892,0.27777215399715166
94,200,244,False,True,0.09646374176789604,0.20654054687922016,0.2767216537389674,0.2065634149428127,0.21721598114444274,0.2852452291862194,0.2888288893277275,0.009074730120435472,0.1531844965553065,0.25793106898730556,0.15316549233951215,1.3655806642322594,0.2751131365969337
95,200,245,False,True,0.04850727872519496,0.16738272692749032,0.27027804193672783,0.1675782343024712,0.20051416470717015,0.26553394928977203,0.2726297142037275,-0.02814877309228284,0.15238835164541975,0.25760593053532865,0.15236226719170026,1.4662572522721828,0.2736191145596625
96,200,246,False,True,0.08592764513649237,0.1983455129482723,0.25662943430417057,0.19820329180556953,0.22852804092149084,0.28851009706935876,0.2748398273318647,0.001836847305671192,0.15638183349302417,0.25358075225402177,0.15636270760165688,1.3343714155316422,0.26532612217373275
97,200,247,False,True,0.09651207701954086,0.18940853206521113,0.279832813754196,0.18944841601446355,0.21214108466711437,0.2997622140965309,0.29250107748622145,0.028529257750219528,0.15539073287872016,0.2692282124362403,0.15540917196964535,2.014109846185372,0.2858385249999994
98,200,248,False,True,0.16932923434733133,0.22884711396469684,0.3052591307533252,0.22892167594394727,0.24126757327148593,0.31645790822136116,0.3119571256708512,0.0475504417476975,0.16891002978937306,0.2587917409276575,0.16888710676780339,1.3576949100494793,0.2737360957017298
99,200,249,False,True,0.029864208959336863,0.14572976116423786,0.22826329665577788,0.14570571037549435,0.15743459542897809,0.23494109939975796,0.23075572754373663,-0.012428656361757643,0.13199141885064303,0.25330123219801065,0.13197209271209753,1.3490938738757783,0.2698238856641318
100,400,200,False,True,0.06870849599760591,0.15613790224683513,0.26237924363224435,0.14334157633836453,0.17482009961203945,0.2698346697467282,0.27631443133514366,-0.006548112190978138,0.14749805139153324,0.25739630841018785,0.15707083738913305,1.2126677204516096,0.273122732825701
101,400,201,False,True,0.048262960476463064,0.17824127891752264,0.2645978080813971,0.17829789129161558,0.18327833259905188,0.2747506189499441,0.26933166413966825,0.04686054964756699,0.14906214242087532,0.25110836990441676,0.14906249176701966,1.739451638958027,0.26812330267382045
102,400,202,False,True,0.023744346221089816,0.18889804918230485,0.2647729808793645,0.188938811376872,0.2061924479090566,0.28158696553177837,0.2785292295456562,0.026094123053769173,0.15063136956894782,0.2584248194988758,0.1506034913668855,1.2016779791445125,0.27371704703024247
103,400,203,False,True,0.1783685586410131,0.17804191046600348,0.24677930574044685,0.1780335723386406,0.19784726870901054,0.26438613070480466,0.2654457418687643,0.1455679022238142,0.14515915817720054,0.2500870464166349,0.14514735819649477,1.3432322970165784,0.2655736262496971
104,400,204,False,True,0.0211501764169642,0.15050362355404037,0.25260271552073654,0.15345183610145346,0.15280854032156557,0.26730383060725127,0.26299446680367183,0.008016854338630966,0.12510304298267844,0.27012707712688366,0.1255318972533485,1.847126370006155,0.283800503571228
105,400,205,False,True,0.06321707254180989,0.1869071844338643,0.2950387122676168,0.18709379415630115,0.2047154364700809,0.2981068284341106,0.2946918974845862,0.04667973649135428,0.1461724759921649,0.28002948748022355,0.14613761362519953,1.573137811454389,0.28114060916697436
106,400,206,False,True,0.03296251164265146,0.15433050046358554,0.2304609533998225,0.15529502754069516,0.16463420727362088,0.24079383616185876,0.2432711893730052,-0.03178919031432536,0.13762581899780243,0.25472168837013387,0.13801413330820408,1.2240833569364153,0.2693225581591868
107,400,207,False,True,0.03836744423369838,0.16227624192636766,0.2362500310290678,0.16181838162298334,0.17799297746464685,0.25597496514419205,0.25092540991155704,-0.011373281643535904,0.14716960135484988,0.2640530571936923,0.14771625370958866,1.7727453647705083,0.2750594320336301
108,400,208,False,True,0.057817151290752974,0.14473842932917014,0.24899054022662778,0.14474819108496428,0.17051831125491235,0.25899300545175963,0.2563708993595556,-0.0022390903853077427,0.12770601842464127,0.25579027773031543,0.12768999588252813,1.376361571909916,0.27074900011196606
109,400,209,False,True,0.04076944010833048,0.16290170435749698,0.2450601391265307,0.1629187878239977,0.1771760904758012,0.25789571381857107,0.25246812376983213,0.007728391212500443,0.13032832486373697,0.25928852675053526,0.13054678815195817,1.4625259716336723,0.27401978622687656
110,400,210,False,True,0.026955358832452113,0.15155892021618483,0.24922344308972924,0.15407204642858227,0.18235791769529758,0.2644126788653114,0.26708564883000485,-0.0015078085786905126,0.15043457689003156,0.25412493949556303,0.15133992057920181,1.7936528668013798,0.2689335871185874
111,400,211,False,True,0.20074230510313895,0.20020750380817862,0.27956453126510217,0.2009253996587047,0.21509715782333774,0.2904522449505852,0.2886304900312703,0.16843682210172084,0.1684273690640381,0.24809676605581804,0.1684082071083479,1.4536224099080166,0.2642599777749413
112,400,212,False,True,0.08928574624061424,0.19428944413425728,0.28632074337621327,0.1943002926198265,0.20116832318990205,0.3038741146032821,0.30118286996301963,0.0779292547223008,0.1761883067890416,0.25454365778573596,0.17617608421216757,1.1063113869517505,0.26851313705103314
113,400,213,False,True,0.17736256535198705,0.17855105304481866,0.2481805376849319,0.1772203341751094,0.1963682587791288,0.2649784787757728,0.2687208897659942,0.14424189237319318,0.13786802451620012,0.2570746369611049,0.14375602060104078,1.0706684714362678,0.26950540701479275
114,400,214,False,True,0.04088507561795124,0.16245997172292106,0.22510386346274622,0.162727435840873,0.17588837914317682,0.2430956751864556,0.24153598322719466,0.00645636175166374,0.11686017811175874,0.2533106031444769,0.11683709985655603,1.292840332574042,0.2646383041433785
115,400,215,False,True,0.0603317340486241,0.17580959759085568,0.2632492073624641,0.17601411239355516,0.1909118520618629,0.2699176882401165,0.27162591739819153,0.008174399072441576,0.15195631808296334,0.2501202527537929,0.15193328139733872,1.0181492250311401,0.26656657177087417
116,400,216,False,True,0.04307399876210396,0.18652846762918857,0.2502714694068251,0.18658637816214044,0.19818639055710222,0.2661414757331226,0.2660065592323943,0.021383064166188324,0.14500906264978253,0.2692649353911907,0.14656208352432504,1.9533908021912765,0.28163111871649005
117,400,217,False,True,0.04749360597925543,0.16592935622891353,0.27123010393014013,0.16634429773497214,0.1706006718866285,0.26889381179288574,0.26914919170082213,0.023147753311756177,0.14518201270649386,0.25541023185009776,0.14516717204427296,1.2884418739654064,0.2750626543552481
118,400,218,False,True,0.042706585937215345,0.17600924820809255,0.2837335015572831,0.17587382650644084,0.1979932131236912,0.2957079131570238,0.29818197925855994,0.04358622778570686,0.16094363393537253,0.2602889682611821,0.16115612196408546,1.149005146234343,0.2756993448632185
119,400,219,False,True,0.02997449030058757,0.14735897081812305,0.23795031066755506,0.14736000255315868,0.17035985382111338,0.24643605693443799,0.24678130188712372,-0.0005419797388907633,0.14544820554562202,0.2552857621690567,0.14543440409811345,1.7416458057231348,0.2722438351653409
120,400,220,False,True,0.032483135724930216,0.16701692032822432,0.2739277328785978,0.16701352412759746,0.1957800949415813,0.2787160136698031,0.2798609439893072,0.050764915201053466,0.17129132318551882,0.2557948956029286,0.17127677206497055,1.3558682646027729,0.2704556737968958
121,400,221,False,True,0.2095257354250549,0.209493249797334,0.2679531231536773,0.20834074261917043,0.21704056544655945,0.2823830842990695,0.28294563443251625,0.15090525171954128,0.15089233532776505,0.2590176513915818,0.15142850094535235,1.6528634809021012,0.2728679822395058
122,400,222,False,True,0.03341661958508793,0.15282732651055989,0.22097663860541805,0.1528173120951507,0.1629364708972631,0.23306520580259982,0.23829759231256803,-0.04059051363564709,0.1414027504209623,0.2592795326121331,0.14138254694479804,1.740207629846804,0.27205932111912784
123,400,223,False,True,0.10334158616003217,0.2009418974610269,0.26591093030184887,0.1857659076673775,0.1937249469984645,0.2800900440759543,0.27849191033658854,-0.0015018297860195917,0.1421481426097221,0.2538637302902599,0.15130402371634197,1.0026040580178315,0.26626452305435017
124,400,224,False,True,0.06899537416528358,0.18784306520741992,0.27384775844231934,0.20941625631596783,0.20181253326354237,0.2878664389948698,0.2847329300342464,0.020096468707697972,0.15542335134529459,0.26220518744794674,0.17511594302610597,1.2089383708102632,0.27474095378246577
125,400,225,False,True,0.01869566389350972,0.14894490999366455,0.25512986622982436,0.14889272928593655,0.1619858206803262,0.2673004711750481,0.2651607475234904,0.011363005908192456,0.13559323901682116,0.2580907632095194,0.13557348085207171,1.4306793649341691,0.2720321727398272
126,400,226,False,True,0.04250784447195317,0.14819937546133638,0.2514582500465772,0.14806919061331197,0.16849174535252284,0.2551450707023724,0.25813899684181535,0.0033360265030499413,0.13646639046150058,0.2469856424773757,0.13644708527530874,1.7720940134830772,0.2661424934494889
127,400,227,False,True,0.04440782082065712,0.18574987054476144,0.27380076717238455,0.17831257717425916,0.19586460899187824,0.28330548322686105,0.28776983819570134,0.0336356529068793,0.15584829487691848,0.2640252941034952,0.163908132491663,1.1264620265220755,0.27782335709613987
128,400,228,False,True,0.02344801402735802,0.19444560987113452,0.2884360184110779,0.19446748514822754,0.21472739268045923,0.2879078494167102,0.2831891157709316,0.01806478395362417,0.13238407759937876,0.276304844802097,0.1323777420339253,2.2320960415763564,0.2778067489037509
129,400,229,False,True,0.045764425024907227,0.1699956777330969,0.2370789841376465,0.16509881124489165,0.16842721817048822,0.25484983715752646,0.2524070883533156,0.01592303129667519,0.1541911316012529,0.26012451573474765,0.15963493369737503,1.1362779478743084,0.27321058009372823
130,400,230,False,True,0.05842403654821546,0.1674060366896609,0.23684972611500454,0.16782534427975754,0.17683388096348843,0.25369596596341565,0.2506237283653855,0.00864339701155045,0.14100905340594028,0.2565040323446122,0.14104149001623578,1.6568504913910453,0.2709766147357276
131,400,231,False,True,0.07419518702714382,0.1690432547695679,0.27055582214754476,0.1690404654797492,0.19329770941380137,0.28620715288993126,0.2833874729102498,0.02653484009766071,0.14768556759979165,0.2589341175903249,0.14767405239951242,1.6332247468415164,0.272076206480252
132,400,232,False,True,0.11862929533209858,0.207829878502366,0.27098087769551493,0.20780699448054282,0.20662900358199604,0.2813120466584274,0.2814411696055588,0.02045819137148301,0.15463440594504707,0.2550138755549646,0.15460791706082863,1.3351300105769375,0.27310995836219304
133,400,233,False,True,0.01953479609685408,0.18798218311023288,0.25708113291708484,0.17613402230733438,0.19240856654713273,0.26530366169388553,0.26781641211658835,0.03242047517764402,0.169930435325156,0.25743367847570997,0.18083048722835451,0.8666224575562531,0.27191382560842414
134,400,234,False,True,0.06988583362229857,0.20424097638734764,0.290827451345787,0.19652345000606938,0.21238664594568174,0.2976040816462737,0.3004866091585744,0.06279397456951231,0.16339234535581149,0.2565994484340039,0.1879074878941426,1.2315622906053871,0.27138573823708145
135,400,235,False,True,0.02484174077671192,0.15957970886547693,0.24399686319535,0.15961920256286036,0.16311482474701589,0.2509329380585129,0.25079581405687285,0.0006479283915881218,0.1456119198423761,0.26440213494727327,0.145602752646125,1.514960660849446,0.27953876186267446
136,400,236,False,True,0.06078265596385571,0.1735273667145864,0.26809071113328387,0.1734844623802944,0.20370858762949975,0.280499845595784,0.28382897184371203,0.0017340540322493714,0.17083840633116595,0.2635914111080878,0.17083551097073169,1.291558356964024,0.27735951825176297
137,400,237,False,True,0.027254426293890032,0.1404835602648114,0.2281464711679268,0.14047256246977535,0.1488930085422429,0.24580053701652096,0.24223681647987988,-0.00014949922988602315,0.1370521211826126,0.2621186812992643,0.13703584476494662,1.8131548756550935,0.2776481651526031
138,400,238,False,True,0.026026584437434122,0.15989164041004533,0.2690707045917304,0.15978909039498662,0.17409059153061882,0.277167601462574,0.28072154976919206,0.005422178422272355,0.15100707875504668,0.267936992918587,0.15097414596769518,1.5586628909767526,0.2806987804534761
139,400,239,False,True,0.03991945972330988,0.1840947266412741,0.2733480038875273,0.17123108054182573,0.2003224541639286,0.28397262515131755,0.2825451056466536,0.029560972548886025,0.16016814912840618,0.25897525968386703,0.17087018251372282,0.8478669119990581,0.2735904517100685
140,400,240,False,True,0.03555466245038334,0.16852007212872303,0.29883835435338574,0.16823917134587799,0.19067104891563386,0.31196868697919794,0.3119437000965642,0.05188693778682514,0.14194112340816567,0.2636611786535421,0.14423501683258225,1.3593177291532863,0.27977109670120276
141,400,241,False,True,0.0954684582606609,0.23558497893845526,0.2569126657021506,0.23783028880254034,0.20512595012978316,0.2774262658751741,0.27568845481039456,0.03733936330018066,0.14375494842388997,0.24689216326676747,0.15506279097299072,1.2830474966362235,0.2626401651993676
142,400,242,False,True,0.04097443006603735,0.14894041351174805,0.2406257556043833,0.1483845436148536,0.16362732175161365,0.25955590249020494,0.2610946759810168,-0.009304933992448843,0.13447302908820682,0.2594582323698858,0.13594051609406785,1.3371510922608192,0.272095459668699
143,400,243,False,True,0.03915204772950634,0.1786299748514449,0.26734687067013846,0.17907024402654886,0.19114931650305333,0.27699967164541295,0.2733631205906149,0.022090036623400634,0.13757289176777987,0.25782988992362077,0.13757712445120682,1.6909199501664676,0.2743273791708525
144,400,244,False,True,0.07563563447353946,0.19324819228872678,0.2634657111270645,0.1937972337821832,0.19986218888345333,0.26819042981242225,0.26391582343914133,0.003583707704233956,0.14037531341684,0.2557213320984956,0.1404594172279524,1.4596124012501221,0.27286787223890274
145,400,245,False,True,0.03683877216956865,0.15818811935144528,0.23148622957717355,0.15816281991777292,0.1651524881953385,0.24565062740510882,0.24344568137601513,-0.008349075711850285,0.12414496360783182,0.2664070979839535,0.12412775449633486,1.8978296743631191,0.2803308304571877
146,400,246,False,True,0.06798121893465331,0.1998988614754209,0.2711235916063582,0.1998666128324761,0.2051908738787357,0.2884166310169333,0.28109388937422675,0.036201354199577554,0.1519485422382178,0.2574407863963136,0.15193504826768603,1.8341785817475873,0.2727821151625503
147,400,247,False,True,0.04778688131511871,0.18335840856844868,0.24525470334252716,0.18349148618921274,0.18533889355424424,0.2650300160747502,0.2624194991653152,0.019452843605810056,0.15048502576776865,0.274262690491827,0.1509352973615803,1.6861743676164098,0.28666863160785777
148,400,248,False,True,0.1195856158069008,0.18845432380273652,0.28500713725900473,0.18817426446621707,0.2009522234116882,0.2937336063599458,0.28893729318981787,0.046096967335232206,0.18137481504763156,0.2570257708944192,0.1816920267256909,1.5130680780073198,0.27328624614863106
149,400,249,False,True,0.04757034254920727,0.16661313466081917,0.24084017608562555,0.16659495440396935,0.1907198329870692,0.26395286010356694,0.2596770106589805,-0.0029241374963263804,0.14355947572386688,0.26434711829210167,0.14355238438187246,1.884895445857604,0.2765415656690162
150,800,200,False,True,0.029236956364704247,0.1730788139296091,0.2725012862955801,0.17313400272530113,0.19345480984107094,0.28800709499034727,0.28520217514042906,0.014575332474990727,0.13832360036375987,0.26835051513647684,0.13833114243365727,1.8866304923625963,0.28005618777223634
151,800,201,False,True,0.04611477646749184,0.1811744989289149,0.25692392835855515,0.1812222776019244,0.19680187205145747,0.27199387537012076,0.26962037861565435,0.0354728252470915,0.16075471613628992,0.26128047413661404,0.16073355924252503,1.805788170080226,0.2755694277744461
152,800,202,False,True,0.05026625475547105,0.17568801563185638,0.24960952769256342,0.17586319032541214,0.19535714350788994,0.2701167717475532,0.26436858963492554,0.02289186829865851,0.14966258820770612,0.2538499906396148,0.15012347332904433,1.6480095619075283,0.26786501551954445
153,800,203,False,True,0.040780194269326026,0.18897648587160226,0.2750508120844923,0.18521391704180248,0.20140192991876352,0.28385607049268063,0.2867724348542432,0.03577376368744559,0.17089784442225933,0.25919997715071413,0.17560783396954974,1.2158044288592382,0.27447627149977954
154,800,204,False,True,0.045971219634105324,0.16689015753678801,0.24399518477477336,0.1668838793561357,0.17585998322835344,0.26099084947807166,0.25735327213511583,0.013236978585064892,0.1507835670066299,0.2613010081980304,0.15077058498544144,1.7926335708365528,0.27625864148349183
155,800,205,False,True,0.03657950251820036,0.16400424567695637,0.2532586936893342,0.16444029747639846,0.17314796374133729,0.2658303706061049,0.2622287252999055,0.03475565414495247,0.1509478196535774,0.25796448705248526,0.15103274970763111,1.2291889148088155,0.27297667402100845
156,800,206,False,True,0.03416608367987768,0.15592544412588633,0.22883588512110795,0.15579353821284114,0.15493131969933324,0.23693965065228498,0.23469591806679335,-0.018766621275958115,0.147405639378878,0.26066249412112136,0.14739462883564144,1.7941911194322464,0.27660442061545487
157,800,207,False,True,0.0487826875366785,0.16840417536521218,0.26451055860807515,0.16829186719630662,0.1930214864868737,0.27609456665083326,0.2721848224367848,0.03089679234456951,0.14352612494127548,0.2565277362735236,0.14353605651723272,1.8690018284724028,0.27261137927572787
158,800,208,False,True,0.022727128213995192,0.14834542717369895,0.25168654945327357,0.1483404754144682,0.1790685837009857,0.26205965184879454,0.26211320294592005,0.0075126105471036925,0.1585112218657019,0.2618759521799983,0.158533473949259,1.6428779008642087,0.27610655336996304
159,800,209,False,True,0.024693881004491686,0.15764535816881378,0.25045904122224366,0.16257231923286206,0.1828023773374799,0.26589580238855837,0.2649800041406124,0.01549821611409851,0.14075462708975295,0.2552508169329273,0.15379658515124228,1.802469630139943,0.27015798827259874
160,800,210,False,True,0.028752440962941512,0.18165092593872817,0.24925962329639081,0.17793015298485784,0.18612509122490692,0.272134188827569,0.2630911912498911,0.0240013248414561,0.13487852978560344,0.25455507602708766,0.13707065458533205,1.207376814031819,0.2687061134509729
161,800,211,False,True,0.03567639068929418,0.15378883264353363,0.245444612569129,0.15357572538632117,0.16263626884762383,0.2554290486275431,0.2515439994334784,0.026129849646057374,0.14604787971603117,0.25912759639912236,0.1460294483197216,1.7443934194108253,0.27404298416468537
162,800,212,False,True,0.032280255228787164,0.1694292069450696,0.26163517293100963,0.16960876143389725,0.18173749077468976,0.26936180191280285,0.2737405634486111,0.032722117228125416,0.15836283032103604,0.264608113881235,0.1583623929303065,1.5387038675306766,0.2779458971132067
163,800,213,False,True,0.03967824799867228,0.17979172907480684,0.27579081635465524,0.18045805149172892,0.20269381717165963,0.2910687404243843,0.28763992203075633,0.042163170183419085,0.1530791623569425,0.2620931269819931,0.15320161984041014,1.1543503450506987,0.2764186508096677
164,800,214,False,True,0.04076543671600532,0.16717257944961791,0.25232843740718397,0.16714235209690034,0.18107524493290278,0.27267365347030337,0.264513237765072,0.043072615498287156,0.15190161883632086,0.2573422017272861,0.1519151879968986,2.098793800738933,0.27319895366532637
165,800,215,False,True,0.019712429839897006,0.15270375499753805,0.24916482037935453,0.1526792615946971,0.17097589823898182,0.2596153333051273,0.25584536854163087,0.0017625700074215018,0.14305349830184078,0.2650933408757841,0.14303987717495686,1.5130287528515325,0.27916205505765973
166,800,216,False,True,0.03811264651075954,0.1734204171467014,0.25917383879753886,0.17552566905970138,0.19241740259492524,0.2678869574806662,0.26782171566543156,0.026204972010600524,0.16154201900183268,0.2531548206020474,0.1619904521232123,1.4983185000686452,0.26834484662913943
167,800,217,False,True,0.047335102940846335,0.18054588260813623,0.28073882193487854,0.18053641472428905,0.19189462320748688,0.2934111538001375,0.2907030549665494,0.05614102648741609,0.15109046105632762,0.2608355924330132,0.1510698915386082,1.3701402924358255,0.27329745616834683
168,800,218,False,True,0.02046128170598178,0.15120701848660947,0.25724379374568285,0.1512040534672134,0.1668633700557503,0.27356149732879265,0.2671979161362633,0.02838798823747708,0.1574497573200184,0.26262212708196514,0.15742733375342277,1.736478820858442,0.2765211833519162
169,800,219,False,True,0.06042682980672889,0.18217145051242983,0.2690956348975401,0.18223437079791246,0.19736343088767097,0.2798496248113056,0.278251484602057,0.03326272856523654,0.15723529140657427,0.2633666969907887,0.15721656305097498,1.7735739227557352,0.2761973662011774
170,800,220,False,True,0.058196187701586,0.16082420857838942,0.2682502715782494,0.16081127335539896,0.17725509044874158,0.2733053330698763,0.271361068175607,0.029115613001837293,0.17362192472100496,0.2643201924341868,0.17362153900060612,1.6546248789924902,0.27983017487883355
171,800,221,False,True,0.036357628991214364,0.1755439480189665,0.26398138659390413,0.17542978423661992,0.19221360933139078,0.27308298633989,0.2726805310927068,0.024753660315146517,0.1689615327275887,0.2561589460375069,0.1689362592906085,1.6970634704768677,0.2715876982114028
172,800,222,False,True,0.05962814633584542,0.17162179877810677,0.25489759956136254,0.17165105773114417,0.1817702849651675,0.2645276727892742,0.2628502575722446,0.01310888237286612,0.15209106088775096,0.2590319248034042,0.15206924462199367,1.6205816578732088,0.2748388788597225
173,800,223,False,True,0.04290904096403664,0.17208375121633673,0.25232060349271235,0.1720760860386986,0.1869934757967572,0.27086763951375054,0.2666535455444726,0.03520984518558344,0.14824422916542732,0.25768929226505644,0.14822790047258963,1.6028225908175964,0.2712322084715696
174,800,224,False,True,0.04123304551440295,0.16495151822965629,0.2356615463645954,0.16659700064932761,0.17363047256691555,0.25698494995461,0.2514430768249387,0.010752280723358366,0.13912287362497686,0.2586660179635179,0.13916445431807753,1.7256931935311897,0.2696101786430623
175,800,225,False,True,0.04741322437048895,0.1852237557497851,0.27419104191267685,0.18398736280060268,0.19264424680759595,0.27302459942341134,0.2743077547301129,0.03208926977702666,0.15614376634650015,0.2651976151330183,0.15663800958828047,1.9511913318553695,0.26686046453898105
176,800,226,False,True,0.03673225301895887,0.16391317202393146,0.2625040034135345,0.16273552277442987,0.18610373704866312,0.28036665469953004,0.2769545931360284,0.040445065354280295,0.16513705082826666,0.2644486576688515,0.16543453615231418,1.808637294970068,0.27690491229904457
177,800,227,False,True,0.06874075115800073,0.17854795669622142,0.2535746438475521,0.17858376084884905,0.19665939927227646,0.27155554613545374,0.2700351294608881,0.020733586243383756,0.15220205588242933,0.25464942774598615,0.15219011641363842,1.6635842677104191,0.2684040089780988
178,800,228,False,True,0.042553205760213375,0.1600910361326842,0.2507414292988834,0.15989365219531307,0.17385852736072002,0.25928595088590245,0.25736338960016847,0.02934635496267152,0.15043835832358468,0.2579161666639279,0.15052152372948222,0.9247972420616887,0.27173442616754384
179,800,229,False,True,0.06381514316661552,0.20205608557779875,0.2832704468654868,0.20275149403330522,0.21571069526788464,0.298067432505909,0.29130053349302487,0.07311126569589498,0.1583497631178062,0.24710452387536555,0.15837734383627108,1.175772781233844,0.26324563960799613
180,800,230,False,True,0.0351467739253296,0.18504565341185242,0.2587974350468233,0.18508430174204352,0.20592141283550838,0.2797881028429478,0.2748098799510762,0.02459460543601419,0.15562346986305048,0.25824135001696186,0.15563364163597004,1.66925803084802,0.27159536568578313
181,800,231,False,True,0.04136732672305879,0.17490799990061642,0.27015694565213944,0.17494891945442517,0.19064893443882794,0.277200133983893,0.27926795770641405,0.03916436654701296,0.1562047361156034,0.25397988805749977,0.15619418451636657,1.9126420738889864,0.2694182086750954
182,800,232,False,True,0.04098465868276668,0.17321135470145876,0.26075237574508997,0.17319204586126846,0.20117844888141975,0.2786247506043777,0.27781311126719377,0.0319220828921542,0.1608669023554343,0.2575806440924116,0.16084107700328737,1.322738241562445,0.2710752273450926
183,800,233,False,True,0.03171401372012859,0.17705435705434483,0.27272726678931414,0.177039244386041,0.20441291619960236,0.28656732251482037,0.2836273262943975,0.05134302697104592,0.16516491092517122,0.25568306547807995,0.1651564903602852,1.7241606151898157,0.2711570646940187
184,800,234,False,True,0.04723891308013165,0.19038968685023697,0.2572153814755372,0.19040261746265294,0.20532132478226214,0.2764646163122989,0.2714515170343992,0.039575367778511776,0.14571860677040224,0.25611669786407465,0.14572314728913957,1.5575799202108047,0.2683537264344324
185,800,235,False,True,0.017481320682983536,0.15454876518140453,0.2519621719405276,0.15437468179812483,0.16352259354653678,0.2600718453257288,0.2585838446475212,0.03248731969268639,0.14751023346058198,0.2586576108603246,0.14773787868812222,1.755218927486502,0.2764629848654429
186,800,236,False,True,0.18016513295130043,0.177139501002354,0.24441379002640637,0.17722003278473897,0.18867859060695624,0.25651828202934157,0.25479340765266545,0.15604328630244166,0.15490855554014965,0.25009916852381964,0.1550240147354024,0.948472678168878,0.26656059502466356
187,800,237,False,True,0.0757745573687723,0.1934941104610695,0.2697471143693797,0.19358986207480658,0.21074008575459094,0.27886019078481,0.27655826446750054,0.022430915787244352,0.1485041575732178,0.262629940699779,0.14847776597183387,1.7235415686099445,0.2774201878575748
188,800,238,False,True,0.06203134171582518,0.16835528398630736,0.25427106420146894,0.1686349048585756,0.1860086845984457,0.27030686739759796,0.2653486268340123,0.024545083265493543,0.15642980522126007,0.24932561473813877,0.15647129391294637,1.8216107341316803,0.26452843343592386
189,800,239,False,True,0.02568408157003962,0.1609083299732517,0.24655891626674387,0.16313374226568647,0.17581307190960602,0.25582180916923397,0.2519315073147838,-0.005772753425257888,0.1357230031930359,0.26733517124831446,0.1364655913014052,1.445982957417218,0.28170223471124084
190,800,240,False,True,0.02858110319488673,0.16883607797292272,0.24537373323289002,0.16884078857285212,0.18620273299751047,0.2597131207990722,0.2590389440506152,0.0146820377711544,0.1510803519502388,0.2556583396514578,0.1510811870505922,1.2775142073277561,0.2706793365394855
191,800,241,False,True,0.08232153419770222,0.20779375361457444,0.3076286865540794,0.2077404052433549,0.23119360082032162,0.32939477311270765,0.32340275852507716,0.06718488541929536,0.1698333389294769,0.2657200801215754,0.16982296576529338,1.7234021564581403,0.2788143892775401
192,800,242,False,True,0.06105321382527337,0.19538454322543636,0.28498230879510716,0.19893363279664425,0.20805069694219866,0.30406882420297326,0.29990528774809333,0.056190953644216154,0.16001384898842805,0.2730637890605012,0.16362618127487014,2.0283865315146032,0.2847050992015846
193,800,243,False,True,0.046550246405662764,0.16938416626923358,0.25233932725332386,0.16938921920391145,0.18205445966562298,0.2696969551792821,0.26729769132436765,0.01461114732303298,0.14502086080922383,0.25970155687849966,0.145016252480698,2.099962964538603,0.2730980516821054
194,800,244,False,True,0.04217242477365764,0.1885239252401155,0.26004696378482267,0.18859892435969347,0.1981195674098568,0.2713225169119222,0.26904533977675804,0.03609241783414091,0.1482886784149902,0.25785712949784445,0.14827341971672348,1.5826253500629173,0.2731522161994981
195,800,245,False,True,0.04367209393042708,0.16346386119790018,0.24077824434984899,0.16352167503600515,0.17326391914296438,0.25912314924776786,0.2537913917000537,0.014983442661574236,0.14642489825398705,0.2599077924362803,0.14641452327265847,1.7171087617593646,0.2738097809049366
196,800,246,False,True,0.04525012780502599,0.16206330925422413,0.24441326793885804,0.1620794597245967,0.16820226501628943,0.2573180787411484,0.25133968535206214,0.01804874037091645,0.14026439903059398,0.26351160798467677,0.14025574429617366,1.9501505737092524,0.277977401964025
197,800,247,False,True,0.17891334681277463,0.1774096255629638,0.260641923568808,0.18052013907695197,0.19184006714269997,0.2773229512236065,0.27353077778210244,0.15447288526667946,0.15430015608898287,0.26042392059360453,0.1555276014906361,2.111970354393118,0.27378463003807224
198,800,248,False,True,0.07893368639453775,0.18446160488856553,0.2799491295648593,0.1844367800360328,0.20286942788333423,0.29611289157903886,0.29115824761674797,0.04524950554191454,0.1538113653536754,0.2645739030692103,0.15387890623920725,1.7022754291108813,0.2770406818593914
199,800,249,False,True,0.05500580034602664,0.18825987620461543,0.2881823848470827,0.1882509679219211,0.2111115285555259,0.296848457044459,0.29951370370914887,0.04437116408627742,0.1697491864095709,0.2592815486316794,0.16976376867327683,1.6786815258967902,0.2724153221399697
200,1600,200,False,True,0.02994079522607697,0.1704795305579566,0.25611776782013507,0.17048353999155946,0.18761230633122042,0.27555381975145266,0.27197273202261796,0.028712813322183263,0.15260131871493193,0.25973194005523875,0.152599699112505,1.6749347987626988,0.2723832231307388
201,1600,201,False,True,0.03550656338898622,0.16650054709719517,0.26287397435495297,0.16661082649277367,0.18629433132721698,0.27763618017266106,0.27377288880082656,0.04719447620130426,0.17532768746988237,0.25500635426759394,0.17536187609757373,1.7197178686347772,0.2698094740284588
202,1600,202,False,True,0.058056442014457435,0.17781324435330917,0.2665234674767344,0.17781768519332666,0.1980520356233727,0.28017925641005265,0.277845544114307,0.03810192047518865,0.1605900544468036,0.26246470938977645,0.1605973821050059,1.7502320478285256,0.27483743431181334
203,1600,203,False,True,0.047678311362843215,0.16492206753910907,0.26381993717128277,0.17295434845799032,0.18625389697997558,0.2737475378345205,0.2733286029709664,0.025712767516760462,0.1600310523689221,0.25849443087017826,0.16502314439306623,1.9263057536574197,0.27423217859870147
204,1600,204,False,True,0.031021428142282037,0.15370275899289523,0.25188226349872644,0.15374979815181114,0.16593042462715737,0.2641381107035833,0.2605391203700741,0.02641806190884527,0.15658474905967093,0.25873110042564645,0.15657166261294517,1.6182603976947438,0.27273936568877605
205,1600,205,False,True,0.01924576281573338,0.14750986408908986,0.23322942087089782,0.14751262691045017,0.15738211616598438,0.24752654887922007,0.24424996811950822,0.001248264530968713,0.13556379173339955,0.26559819683829183,0.13553954828630638,1.6061372071049598,0.278374735427518
206,1600,206,False,True,0.03737513185012062,0.16231298998942617,0.25282318596841724,0.16568033734038057,0.17466306178490562,0.26711310761566875,0.2643719506811292,0.028828330472215617,0.1479917741988816,0.25725251697331847,0.1503184133186695,1.4124020091636198,0.271593946338949
207,1600,207,False,True,0.03267509163248696,0.1578619965827069,0.24836788199236282,0.15788115665361693,0.17162941803131435,0.2655773034859864,0.26369991712729357,0.02129382706155401,0.1507149623770317,0.2671890558414905,0.15070070780534406,1.7986841664766118,0.2806320054449868
208,1600,208,False,True,0.02963687341147937,0.15961912402683062,0.2531781188372682,0.15964412424518487,0.17024293988623515,0.26894854593803813,0.26299071792976747,0.03208635915715422,0.1564146437895832,0.25626093277831125,0.15640571116905824,1.5443646076371391,0.27024207050046
209,1600,209,False,True,0.03528775814532445,0.1528280903943504,0.2363869155064572,0.16189703729200683,0.16521091503730517,0.24643208667488395,0.24497579446268677,0.0014254681991938045,0.14115331889996413,0.2558406215040155,0.14765179048857036,1.7300545676129377,0.2698410396979451
210,1600,210,False,True,0.03635467076989304,0.17698959284874655,0.27451206493404806,0.17714563528510127,0.19634315387413875,0.28546450581113786,0.28307897302371643,0.04800780319155351,0.17627683483365025,0.26220646630528577,0.17671373704003698,1.8274638060414967,0.27625308174207985
211,1600,211,False,True,0.02808023155129884,0.16084611930809842,0.248815679632313,0.16059273334947347,0.17261764454742948,0.2620875411869595,0.25887672095235004,0.019117534721902595,0.14897250281430283,0.25954765862558904,0.14892408239293894,1.730169966331485,0.2732469283069182
212,1600,212,False,True,0.034557533987452475,0.15639610491311254,0.24599958445761405,0.15716655434429586,0.16803865901560516,0.25766180035854724,0.25428634092508856,0.02467901473050236,0.14354056988155414,0.26177797990943263,0.1437204784653776,1.8858352618313676,0.2748762216969603
213,1600,213,False,True,0.04455883548280998,0.15515546266965485,0.25121235026538313,0.1552076470497829,0.16765175293469145,0.26832464700507513,0.2645036045176279,0.02555569339021437,0.15171605556312542,0.261169435903264,0.1517222646207341,1.4403541804951425,0.27501795078097346
214,1600,214,False,True,0.04856571854880521,0.17357600653363656,0.266045295745898,0.17615339305423447,0.18482619624586635,0.27884366767634217,0.2751666582213682,0.05373841343324255,0.17004366798692622,0.2568232997912669,0.17061435339018843,1.783643215142806,0.27059206402268327
215,1600,215,False,True,0.05651939554448334,0.1814642144549266,0.2705515761032029,0.18151972261617122,0.2046782634684562,0.2876036926178501,0.283649596222414,0.04744030754740283,0.1646354000749863,0.25490265836623827,0.16461280571133202,1.4017887740537103,0.2688779513006003
216,1600,216,False,True,0.04079022585939976,0.17017550355233158,0.2529945880574617,0.17003515689784135,0.17973754708899675,0.2689113391930479,0.2660986100863215,0.03513709102882798,0.1471111404392256,0.25992439462954675,0.14716837740463246,1.6179274415865148,0.27403722240859296
217,1600,217,False,True,0.04075544902330642,0.1527190045926972,0.25422662810398833,0.1525414020715007,0.1698767600078759,0.26127772131666555,0.2606461938050793,0.02396281829440613,0.1641604827839035,0.25563079672165656,0.16447417059141559,1.5000693328594679,0.27082344463450975
218,1600,218,False,True,0.039322355859125906,0.16766500355384661,0.2612003380705932,0.1685384487650907,0.18521597587939162,0.27298174155726945,0.2688984058156073,0.039385891449951554,0.1585645694476049,0.25805862439906513,0.15877374095523641,1.8681345463050139,0.2734103057269304
219,1600,219,False,True,0.026563273354270955,0.15844070011930214,0.25229312532695247,0.15848600772894555,0.17686570329764353,0.2676197385172884,0.2673506144110924,0.018428234078399795,0.16072489785901986,0.258577872735753,0.16076348262012716,1.78210008458247,0.2716469767853422
220,1600,220,False,True,0.049629119923545836,0.17727211590901507,0.26890599139415516,0.1780487595248302,0.1948979924840828,0.28101901282269415,0.27845651270285326,0.04637883354230187,0.15474435390429755,0.25517854125428885,0.15563813753737785,1.437190884948932,0.26826382001513815
221,1600,221,False,True,0.1708182205446849,0.17047824561644442,0.2531076270265393,0.17052482302635005,0.17807921651285621,0.27213870716156374,0.2667037139272626,0.15532286911469964,0.15475979526611325,0.259208295075367,0.15490602633236186,1.7216190496839388,0.2722262327877274
222,1600,222,False,True,0.052412963524484386,0.1831421578473413,0.2712241955016008,0.18312333116141669,0.1972221012640723,0.28749715724213976,0.2840799841109095,0.05076087320866531,0.16494229900063373,0.25715731198493935,0.16493576941450003,1.7207676866342418,0.27006940119314043
223,1600,223,False,True,0.035269514855473805,0.1469290741827708,0.24021810722435366,0.14689728533349447,0.16928609105768122,0.2572435585365257,0.253993676310069,0.0025065489120705033,0.14804093812255034,0.2555583225888026,0.14802172890714702,1.4503030303880684,0.2692065972253678
224,1600,224,False,True,0.045684464388694355,0.16836311530334513,0.2671010627642642,0.1685961225019991,0.19069530949573196,0.28082474661283535,0.27689454519713036,0.0362011529954522,0.1650855663993255,0.25662036116040804,0.16519190248910512,1.7496961078468252,0.2714591603174697
225,1600,225,False,True,0.042928100587005844,0.1608928918314201,0.27109917772385483,0.16139038367048378,0.18234211390084437,0.28324247834382826,0.27994040687101457,0.04812052661430705,0.16736948245493102,0.2616243073906297,0.17016979090206064,1.7856060988796219,0.2758942158478974
226,1600,226,False,True,0.044541482053202526,0.18033964417518006,0.2778844416061496,0.18031729313667444,0.20176519320828867,0.29402566888966813,0.2882504403082655,0.05629653848760486,0.1658605093484996,0.2631014128341028,0.16584067236963487,1.2760355667445484,0.27669647599418734
227,1600,227,False,True,0.05541240398009548,0.17792474329267402,0.27176292668518237,0.1779334195608786,0.19496277646256574,0.28350199443465174,0.28192787120094137,0.04930039010595486,0.16715409250356217,0.2609210762917113,0.1671562942711693,1.771145320620416,0.2749487166307209
228,1600,228,False,True,0.056202928987754766,0.1763033021717465,0.26272529593249794,0.17577108875463782,0.19460742526601377,0.27981641554524833,0.2755517834916668,0.03938914681732726,0.1717835132944238,0.2542570942193403,0.17158437249335032,1.660834834872517,0.2686742351641282
229,1600,229,False,True,0.03265383490334287,0.17502995334886962,0.26174359413850634,0.17504294965481226,0.19361854946488655,0.27566188322587165,0.2715732581058733,0.03372525027456869,0.16114561866403165,0.2625591250495126,0.16113323165719032,1.8483935563534546,0.27688608207328747
230,1600,230,False,True,0.04258614757015928,0.164918653844869,0.25721938480015244,0.16507568223203906,0.17639698053167766,0.2681597470571444,0.2658429244943167,0.025024404244023534,0.15650928090655086,0.25901024033489817,0.15653213769709914,1.9262533218801616,0.2738536766424812
231,1600,231,False,True,0.04443655398143369,0.16903957007196865,0.2639313419076134,0.16904033594093473,0.18593157174921346,0.27765886785981636,0.2777313171246661,0.04778514075946724,0.16558096197121763,0.25967689597394344,0.16555889035102225,1.6022291095717964,0.2737333456840073
232,1600,232,False,True,0.1629749895370761,0.16058589388295286,0.25446728676711516,0.1594814575716335,0.17085448833705782,0.26796489003757673,0.2651417293247664,0.15322006339862504,0.1517166655798764,0.25921756882985636,0.15199247065794244,1.631646697997062,0.27362855178758355
233,1600,233,False,True,0.05550038598518786,0.17936860861075452,0.27063312878248136,0.17932967876082992,0.18842965093672384,0.2844214869355188,0.28403972252970916,0.03606845407023149,0.15298814107551872,0.2614385633852715,0.15296929373583706,1.6941162427681844,0.27411650345088256
234,1600,234,False,True,0.030551447438470533,0.16323874607041272,0.2672037039136117,0.16349865755940993,0.17833081379471286,0.2748484091030724,0.2741868999985506,0.045518169842713195,0.17113021223281208,0.26051097165586257,0.17124800088945782,1.7731052533351308,0.27497043167988566
235,1600,235,False,True,0.049659624897271194,0.16044172698319198,0.2520367489738611,0.16040830108190116,0.18133660126515705,0.26829882473158184,0.26422816360956325,0.02478343290781383,0.1530276946647439,0.25985115279503396,0.1530055632434815,0.8793946872932079,0.273343274474212
236,1600,236,False,True,0.053406636401911005,0.17892002038593932,0.24071263253649763,0.17891425809135345,0.18240460839026423,0.25663110127352057,0.252071162419094,0.018119758862463673,0.13664615918958312,0.2576993945009789,0.13663508017345094,1.7252772076960354,0.27233512508594865
237,1600,237,False,True,0.04839611483457696,0.17767614793522502,0.26935447413053326,0.17764641196036532,0.20223795465570796,0.28291803003283916,0.2809218102908464,0.05024146281109822,0.16610543399620084,0.2516361612848794,0.16610323276527986,1.6485707743867335,0.26699833936771783
238,1600,238,False,True,0.020193472493022186,0.16353626512982886,0.25305501238890266,0.1635646464304929,0.17879037078516125,0.2678788262013919,0.26504383652181623,0.0268923290200597,0.1630407955791978,0.26077462729739365,0.16305645618561343,1.6099077138351658,0.27443687910561
239,1600,239,False,True,0.03980345651677156,0.17126490598887412,0.25315319990272417,0.1724417644300983,0.18774290619834022,0.2662726077249323,0.26307699178677263,0.042227039717697014,0.1644386090985575,0.25365695768329544,0.16660617944575534,1.3860170962687404,0.267889351781736
240,1600,240,False,True,0.19145815378032655,0.19028476755944485,0.2856861534418772,0.1927391012183573,0.2121371321779109,0.30197637619378026,0.30046133147537574,0.17036046053355805,0.17005066659025508,0.25902629638204716,0.17025942510088585,1.915268249576175,0.27268551867416235
241,1600,241,False,True,0.15719400638546602,0.15688731463215178,0.24155515797117644,0.15751983878801135,0.17586919429055733,0.25335645993494255,0.2514047033057364,0.14875118330538054,0.14839244432166382,0.2566236530733787,0.14853152012774382,1.751961155284985,0.27125794127076175
242,1600,242,False,True,0.050349535135377425,0.17568708006523204,0.2758530554927167,0.17567133804974397,0.19317905870540542,0.28817421224187945,0.2881556292987882,0.04621050161405447,0.1700494652450498,0.2623550715550555,0.1700177592153189,1.6623239730121662,0.27631674192351635
243,1600,243,False,True,0.16706041668154686,0.1663910715334775,0.24466699701644043,0.1700031246200915,0.1774761322564453,0.2591779157690273,0.2549616240116098,0.15153876600265642,0.15102604778490814,0.2581040714983394,0.15205941515564916,1.4088504097034749,0.2724262578397456
244,1600,244,False,True,0.030129752054613147,0.17101243266641383,0.2667003778904362,0.17097836797442142,0.18273334272493535,0.2807441285303616,0.278714255467972,0.042632384551821945,0.16859897801357795,0.2585636444667403,0.168576735315854,1.5707604468412126,0.272274227951113
245,1600,245,False,True,0.047248583058507466,0.16297067487055825,0.2544613593199391,0.16297172980524346,0.17852008200706038,0.2719280763663863,0.26800752130793687,0.045457270380904795,0.16133561463533835,0.2568835125339042,0.16132477759221406,1.694646376116342,0.27017690575615594
246,1600,246,False,True,0.04341385002054071,0.17072345777154802,0.2690686528100935,0.17128165780616275,0.18782408408987028,0.28129360195288133,0.2782129952074234,0.044282382967129864,0.16391995402819684,0.25863264911245937,0.16421722400958824,1.7454658379961823,0.2733790398877058
247,1600,247,False,True,0.033486424004994596,0.16484122407392668,0.26620846977269774,0.1661730922426277,0.18990774332721386,0.28102452301152625,0.27492533386797097,0.046231124785895916,0.16817372763831134,0.26104434893679157,0.16905069421034813,1.806171497009518,0.27587780048426086
248,1600,248,False,True,0.042906481140074455,0.16955485648894264,0.250269254277449,0.16949653877107862,0.18807084664597803,0.2617385070880533,0.26055348182970456,0.021707221798109372,0.15388630982735635,0.25631155196012073,0.1538742473684514,1.2442386016228963,0.27036320580987394
249,1600,249,False,True,0.06042713219542956,0.17260246955033437,0.2702675827510255,0.17261867569722755,0.1938934813373945,0.2811592524198084,0.27952555255951117,0.0385689518323437,0.16079203147985005,0.26053800789245685,0.16077800951792065,1.793355527153135,0.2749674195470133
250,3200,200,False,True,0.03684827137101906,0.16070119405410993,0.25219467070161933,0.16084488905021185,0.1837433697823618,0.2664018750224045,0.2641870855987977,0.02704472680396795,0.1618908799460325,0.2556533961549616,0.16190186146240507,1.2615026644780365,0.2697262608328657
251,3200,201,False,True,0.03785654809717847,0.16560199958847172,0.26798073555226365,0.16560950615061368,0.18667449299134786,0.27821523337065,0.27878068806634376,0.038586057270138266,0.17054084418510335,0.259243196290029,0.17053257599326097,1.9050488051943415,0.2735521695036198
252,3200,202,False,True,0.034199999707957805,0.16682543381440604,0.2476771748868676,0.16647088346239677,0.1785359529892334,0.26295576811409677,0.2610351065714093,0.02634383934966955,0.15373551600011406,0.25576901369769833,0.15367139445374245,1.7113047931939787,0.269416996668438
253,3200,203,False,True,0.02633255993201882,0.16526366349149632,0.25239560418278045,0.16529681439283084,0.18248647172411153,0.2702956138479594,0.2653340715170257,0.030909127989202877,0.16427507736828628,0.2605630416120844,0.16428628383064914,1.287307002626475,0.2739311659178708
254,3200,204,False,True,0.025846885255168442,0.15759150805112984,0.2502617875240283,0.15886661000262928,0.17188203601342708,0.2629476551308076,0.26180963952181696,0.024422706891316866,0.15018018610643616,0.2612559088072159,0.15166899152803914,2.0104167063158984,0.275381137222933
255,3200,205,False,True,0.04951896397250005,0.17333458694766823,0.26394689989800435,0.17507594109288585,0.18771498501980244,0.27974748553108697,0.2738758092829922,0.05038062023259265,0.15375773722351746,0.25652669246352244,0.1547189666155129,1.4623338509745494,0.270966591385985
256,3200,206,False,True,0.03606250731788551,0.1630732821294854,0.2538887401629875,0.1631657589594879,0.17820244447536354,0.2697485445944531,0.26485263023664746,0.02710424726659282,0.1589086805759137,0.25793968365779846,0.15892467385228906,1.5645643684319561,0.27306910233335313
257,3200,207,False,True,0.036395883398589325,0.16728226714582362,0.26581109297301736,0.16803480122395917,0.18081603185767142,0.2769981440477048,0.2749314236143514,0.040706658252612916,0.16419673655257624,0.26081899682448884,0.16449812529798755,1.893554520907966,0.2746716471956111
258,3200,208,False,True,0.03863927994042741,0.16839207518322252,0.25813956111128256,0.16841949701821457,0.18242034699618684,0.2737106267079077,0.27143708441090875,0.04234577528298059,0.16016159347626277,0.2592013044725772,0.1601632677614623,1.9441699634225393,0.2729155147602792
259,3200,209,False,True,0.04463772020028566,0.18440122274105872,0.271367534321568,0.18451548219052044,0.20441308809451136,0.28900611972595963,0.2830215899401588,0.049671809755133564,0.17166347136675866,0.2585369401472821,0.17178267731735802,2.110209941384126,0.2728234978602722
260,3200,210,False,True,0.049761770716518355,0.16682333563309498,0.2617176522426634,0.16764906211878167,0.18300087055370856,0.2743340313723996,0.2713115857310383,0.04235630170704763,0.16366081011624778,0.2578696228160256,0.16406575574449656,1.7270557406613631,0.27229956307116376
261,3200,211,False,True,0.04152439944460049,0.1619985926560396,0.2618774021942502,0.16204453517113607,0.17986897566685736,0.27416035982341763,0.2705597689387927,0.03417690132355094,0.15743668969968722,0.26032911840949985,0.1578473978767912,1.4913292957448818,0.27457219843203506
262,3200,212,False,True,0.04225246175875924,0.1651866381866391,0.2484592972048204,0.16542997570877155,0.17751830506093025,0.26425099247857675,0.25902511543051177,0.02547957449594924,0.15107363038995616,0.25790386679188443,0.15122191821287997,2.1119532993889156,0.2716624138058109
263,3200,213,False,True,0.04355621313004002,0.16236122319177412,0.25904508074305466,0.16268253312551084,0.17515016744536752,0.2737829681646206,0.2721147201023656,0.031154879839481456,0.1613584844562793,0.2611119966232437,0.16134273497989546,1.8971980023453545,0.2748834574749581
264,3200,214,False,True,0.03428571114888794,0.17811090507277136,0.2631021061884834,0.17802381230227649,0.1899298050428921,0.2766651507104642,0.27518433946407667,0.040456793034005394,0.16484143228089324,0.26043444303882024,0.16481636014059517,1.8068362144470216,0.2737070915094816
265,3200,215,False,True,0.04102773412085486,0.15911951292474802,0.2553925647939195,0.16113249017933814,0.1769650824796723,0.26708360333131737,0.2650520465472687,0.026055589797789054,0.16020146578599886,0.25679508861022526,0.16115535493299185,1.4506175403238473,0.270566089837866
266,3200,216,False,True,0.03294264349252271,0.16205923476937706,0.2537402441365466,0.1620476865259018,0.1787963582707453,0.27030781583950947,0.2679688990968364,0.037841500798839044,0.1677797949640327,0.2572010524336195,0.16776281900089898,1.9402393468315784,0.2705575443970846
267,3200,217,False,True,0.044244311485101016,0.15679643058294826,0.26123558222883303,0.15679563388586648,0.17411427270798277,0.2621570276092306,0.25989110906956503,0.026510744761368513,0.16084824625302038,0.27072142776316754,0.1608466272606585,1.378898855848356,0.2719147801213601
268,3200,218,False,True,0.03520052153391758,0.16503123194845792,0.27762936897139356,0.16483454780435927,0.1798128582897235,0.27978099574620957,0.2743558774107638,0.03592326830938521,0.15490819027411312,0.2749803893208519,0.1548279024083292,1.6266381139958555,0.27626745572896055
269,3200,219,False,True,0.03581515594866422,0.15378522890540727,0.2532631166526567,0.15379269449940364,0.1738137227635474,0.26846164531915706,0.26402357154525385,0.03390070206272001,0.16153708627118807,0.2571052283652509,0.16150892617883944,1.5501695329368144,0.27118839145926477
270,3200,220,False,True,0.042994808796634566,0.18189464104350064,0.2752164520882046,0.18269380776104277,0.19708386607632264,0.28714529073439105,0.28276033523054933,0.05897151330678239,0.1661868720815588,0.25845809182654966,0.16626291275886718,1.547674241788403,0.27354961777515
271,3200,221,False,True,0.02920082687737151,0.16482610392925665,0.25636307528871166,0.16504496341209157,0.17856979452836053,0.26871496767821046,0.26817095873280844,0.030525973761598647,0.1546023025193162,0.2614737421366205,0.1546298972081793,1.9083473610145818,0.27613229123200184
272,3200,222,False,True,0.03691233821762667,0.1684185497243143,0.25432857710304313,0.16946098224151038,0.18370183675447754,0.26825667404907894,0.2653312262350419,0.03163931719418724,0.16263326119933794,0.25934450544890786,0.16287694145336148,2.0220929662194225,0.27283248458309267
273,3200,223,False,True,0.03995123407181014,0.1600263622330043,0.25427863079254703,0.16004354812442856,0.17833975846322306,0.2692988643337164,0.26550237893560585,0.027926931722127613,0.15999232960326779,0.2572697447530056,0.15998250992224264,1.625583117226053,0.2716764005863965
274,3200,224,False,True,0.029540928057288265,0.1538391081934912,0.24361089726855645,0.15396551212456056,0.17398814191529968,0.259176794348734,0.2581766798771522,0.021478363686312587,0.16642974673016447,0.2532507490835223,0.1664255280283605,1.9033245179117,0.26700323746090904
275,3200,225,False,True,0.04578985020265747,0.17003370462666836,0.2720323751892246,0.1700309430961912,0.18815424588445842,0.28502189909303904,0.28071639181424823,0.04737906675312743,0.16167361037390468,0.2620735146279561,0.16164146675035912,1.6024286993372618,0.27590540225447147
276,3200,226,False,True,0.03737257523266195,0.16155730311753771,0.25004261384054877,0.1648531738472852,0.17730475774266918,0.2635397122112833,0.25946946880830335,0.021243160003334278,0.1497278686055396,0.25635929440328736,0.15327534383261515,2.0249482898513276,0.2709635334259871
277,3200,227,False,True,0.0478010782706723,0.17212831682212268,0.26254921968252687,0.17213602409668594,0.19163610298580697,0.2797779844664803,0.2767179539587799,0.03609777446688315,0.16692787064721493,0.2586385308652374,0.16690965397525281,1.8792358377634832,0.27175332028491306
278,3200,228,False,True,0.035853152872004725,0.162235023000807,0.25700466066123107,0.16223521490960194,0.18037543167106268,0.27210690760835177,0.26788703798759234,0.039705296918223984,0.16318032024336682,0.25495242000267965,0.16315946878146703,1.6706738985537755,0.2697735485979877
279,3200,229,False,True,0.16573075212294713,0.1656963097770297,0.2573599041584652,0.1658090218648853,0.1815240036712331,0.27300101939884913,0.26965551682255656,0.16193663416011744,0.16159199348998182,0.2588158554743671,0.16168884570158423,1.679700453476317,0.27310412246204063
280,3200,230,False,True,0.04593769960681527,0.16696844149572385,0.2604836465398066,0.16804122107468017,0.18629139239529008,0.2713472101372333,0.2678606464919785,0.03148242704874864,0.16151983501966044,0.25969953262674517,0.16225287742042568,1.7985707821557377,0.27485993710305745
281,3200,231,False,True,0.04985555218797399,0.1631982083867326,0.24422416585008108,0.1634950945122226,0.17388522272314028,0.25886336493888157,0.25438310366505623,0.029303337989796497,0.14980830372008005,0.25591548502037903,0.14992006448854187,1.9248646305428172,0.27008953819829873
282,3200,232,False,True,0.03492971402001864,0.1684251121940806,0.2561810554472969,0.16835322007942555,0.18794320850049284,0.27426363882256466,0.2687141502314092,0.04683148866771598,0.16165762010566875,0.2528063524617351,0.16163543932166388,1.686805173258441,0.2666114569427802
283,3200,233,False,True,0.035395584067738295,0.1709803772633685,0.2683437868206212,0.17093824201655342,0.1861343197514395,0.28106437396958556,0.27882035903454294,0.04048555636238236,0.16666412954969595,0.2612815058861213,0.1666413196612156,1.9007156280456154,0.2756124351609854
284,3200,234,False,True,0.03823356099885917,0.16913671928988414,0.2712673408113191,0.16944981894085107,0.18682213703730371,0.2853234079485765,0.2808243046254605,0.034309506325047805,0.16832890917313997,0.2626108987460763,0.16822836703383295,1.654341312974505,0.27676101284285287
285,3200,235,False,True,0.03934444665725389,0.15508655725414303,0.25036515512800106,0.15738882369231474,0.17398119142701227,0.26278107843738424,0.2609135589571358,0.031152921124983763,0.16326421552456874,0.2599810446111329,0.16425470588356528,1.4507250583208948,0.27337098493029766
286,3200,236,False,True,0.03829708817484359,0.1609669887444984,0.24515947812293556,0.16159074449522742,0.17529856313150902,0.26050984446009673,0.2569394939509909,0.02172980990361575,0.15400595989857113,0.2585674384119798,0.15400683611675933,1.734618621633098,0.2715573687741719
287,3200,237,False,True,0.16460996582690246,0.16419333700307706,0.25897640908074293,0.16494584918667912,0.18012695213695093,0.2713676643570099,0.2698684618234103,0.15261671673121704,0.15207149866598366,0.2588260137201566,0.1523793855775339,1.4890285697009618,0.2727967246204279
288,3200,238,False,True,0.0473533739637976,0.1740431098486175,0.26623517005318714,0.17410454606835205,0.18899400587129248,0.28023965326471134,0.2765080428980685,0.045806765061677926,0.16982532166267958,0.2586537092509803,0.16981306681523742,2.0627056379303776,0.273077252907819
289,3200,239,False,True,0.04210107482105431,0.166778454353452,0.26198258342979164,0.16674066092911627,0.18245687422478077,0.27822000761735083,0.2727563407374419,0.03978346565104785,0.16371184383557194,0.26164895790943066,0.1645077165412451,1.6584948854842552,0.27509295998406597
290,3200,240,False,True,0.15873536148272124,0.1584928851259624,0.256642514147163,0.15859561839179942,0.17907853718025002,0.2700859188822406,0.26767667420551444,0.16381569010003946,0.1634758127978013,0.25669695602270987,0.16350819493693933,1.3698262304502262,0.27081583170511875
291,3200,241,False,True,0.036475862463152625,0.16688864499001113,0.25893728497266427,0.16689335355015394,0.18060907605360427,0.27176798479860437,0.2689270317279493,0.04106110115796094,0.16062211441071736,0.2548485966371046,0.16060900086451999,1.5881733214794937,0.26959719317574243
292,3200,242,False,True,0.16915664410966033,0.1687930366996668,0.2563484182094094,0.1684351989436851,0.1854565643075313,0.2707118306293955,0.2670847371859276,0.17152261968740284,0.1713083159804969,0.26066012261494015,0.1717448004271396,1.8556229096513635,0.27511143860228743
293,3200,243,False,True,0.0423662188443436,0.17280304241585,0.26813921021625203,0.1735813070269947,0.19489619556866397,0.2837006569672026,0.28082499098306946,0.042525174858364156,0.1704722985846911,0.25742031445638824,0.17079357690719676,1.6268831567373048,0.2710984519729293
294,3200,244,False,True,0.03263262395304317,0.165351319670804,0.2595055470761567,0.16613308356650905,0.18186471871078755,0.2715899794491308,0.2688931117561747,0.04221654382595217,0.16766181343094477,0.2551186824952388,0.16792141035481156,1.7524110637591792,0.2693079595127576
295,3200,245,False,True,0.15756820059935175,0.15744956517571748,0.2461984762261299,0.15748435675398859,0.17468549965336763,0.26153136939740357,0.2594864565473419,0.16088531553952357,0.16024103541658227,0.2608026101996236,0.16022575334328032,1.4209007780487979,0.2738614826065159
296,3200,246,False,True,0.036988921324255165,0.1618399496597847,0.2529941068898977,0.16193016256654913,0.17536642570183836,0.2663216503891881,0.26353860817187263,0.036489743350928014,0.1544476921986167,0.25726759152181533,0.15445178532806758,1.5188296534260612,0.27170017014088815
297,3200,247,False,True,0.03861663661548353,0.16735751895178183,0.2582022050984985,0.1674657256475878,0.1809729354245081,0.27266812966055015,0.2688333986960757,0.03691899532692994,0.15879138229410392,0.2560683247963892,0.1588289257773182,1.896126950609725,0.2696138112600357
298,3200,248,False,True,0.05201815877468594,0.17190445530644183,0.26475720670681197,0.1719667431557115,0.1869370217491867,0.2775224080680499,0.27405422829721526,0.04546331251910068,0.16035536399575154,0.2579595467489194,0.1603400253792466,1.6892874111998952,0.27270498505553153
299,3200,249,False,True,0.04035451889431447,0.15894296816570902,0.25427269103790917,0.158965490858745,0.17521532852139607,0.26954209654018124,0.2652657460369208,0.02458172958097912,0.1518601037520012,0.2594076790335852,0.15184693070235716,2.08468006612656,0.2736453106869802
300,6400,200,False,True,0.03726984439241699,0.1701480246631627,0.2555640983557375,0.17013099152222566,0.1865604878913689,0.26859885142438444,0.26708449569671533,0.02828135070074342,0.15730541910666898,0.2596402949076341,0.15729958474203248,2.0304073970981076,0.27312417216658963
301,6400,201,False,True,0.03915147541675308,0.16624063560945643,0.2703749345677665,0.16606749481845273,0.1804695200505898,0.27080133030844306,0.26773816563907726,0.029483027979165924,0.15488310211735448,0.27124525024236934,0.15489997049557222,1.5362073919296764,0.272330011782261
302,6400,202,False,True,0.03311532760480732,0.16225910967348953,0.257419918633885,0.16226326725537174,0.18218121736275836,0.27159779640472226,0.26798950945512845,0.03435369801525883,0.16111360352451734,0.25681413615588494,0.16109768272687802,1.691059393245797,0.27144889489358526
303,6400,203,False,True,0.04147045302589996,0.17207053619375481,0.26427688066293725,0.17211059377606167,0.19038674759751,0.2794497447456626,0.2754480091454018,0.04194270177260662,0.16309328807175216,0.2590341946784255,0.16308767778407277,1.8915969953366096,0.2725698113939684
304,6400,204,False,True,0.040277552310488254,0.16877130580293703,0.26336689468464936,0.1688418131804347,0.18655026615801268,0.27745180613942744,0.2742776885537822,0.03682906500035567,0.15894563417556967,0.2607964413993049,0.15893055340625992,1.96077804685559,0.2743784998776797
305,6400,205,False,True,0.036804643469636564,0.16942352743366254,0.2636363630690589,0.16938218251801326,0.18238902882707098,0.27750922547445006,0.2737231394498201,0.04348546681759223,0.16628875024764328,0.26143428746859476,0.16629357750285442,2.0164911018784744,0.2749643187028202
306,6400,206,False,True,0.027796612966128495,0.16340400708461533,0.2555121182543851,0.16394344488693008,0.17740904555167625,0.2693332297744225,0.26653378860876753,0.02919170714628692,0.15747265604751676,0.26217278867087596,0.15751717186195316,1.7363275117949013,0.27597149050276665
307,6400,207,False,True,0.04291364951493116,0.1615664126030375,0.2607129137491744,0.16240808219106156,0.1837514704898684,0.2744605352916245,0.27028251975074025,0.03061179039059235,0.162316098222195,0.2581133613337575,0.16257704623198532,1.6626601017916758,0.27237712490853294
308,6400,208,False,True,0.03051165395191443,0.16336146962001077,0.2532285143221778,,,0.267853848271032,0.2646002180970995,0.03974822448481469,0.16697948105239596,0.2574210531233464,,,0.2713548937910165
309,6400,209,False,True,0.03865586161420411,0.1634445343848715,0.26746675567352574,0.16433062207967444,0.18121381967837952,0.2687555917809242,0.2659812533668443,0.03256508891328317,0.1582130460523823,0.2699017611634946,0.158237192183643,1.514787293726024,0.27120709162224116
310,6400,210,False,True,0.041740997088120534,0.1665327664964086,0.2581905826147014,0.1665528337319645,0.18514908532298258,0.2708037713327526,0.2682739143024266,0.032589482121383816,0.1632202503227407,0.25828551683145223,0.16320661890729704,1.4605103864252948,0.2722809293505273
311,6400,211,False,True,0.03859789708127631,0.1611379094303429,0.26153487695182787,0.1611632958317708,0.181293103674059,0.2760207603094732,0.2716220679626723,0.03395072471121285,0.16027055612891844,0.2585923183717768,0.16042917293417033,1.7763183935845914,0.2729176185995146
312,6400,212,False,True,0.04340172933967245,0.1729552381239707,0.26273615662899963,0.17298536040422963,0.19059532363666815,0.276607190366261,0.27288350565120767,0.045508549008312714,0.16247937087227096,0.2597403471875963,0.16248244372021095,1.8539933116309277,0.2738905217950592
313,6400,213,False,True,0.03683185046850575,0.16743822385848897,0.2600881169872283,0.1675424722552591,0.18329754138640045,0.2756603367008844,0.27059401582043546,0.03870340121568079,0.15986083510776547,0.2602317072911072,0.1598838928718619,2.242992660637967,0.274169912675419
314,6400,214,False,True,0.034629861523972155,0.16514580743475843,0.2579104375529326,0.17298818794298004,0.1824570473606869,0.27163774739924906,0.2696261899857092,0.034225081291905345,0.1565532568268889,0.2554957648638878,0.1616869925607198,1.976225997689503,0.26984839363486135
315,6400,215,False,True,0.047255255651285084,0.16380492085664472,0.2616581657698267,0.1634739546524764,0.17994966775301052,0.2728232162233392,0.26967336706363837,0.037666243266018376,0.16115415852289972,0.25943753108095713,0.1615338578092512,1.6162380945096444,0.27407580261669817
316,6400,216,False,True,0.03197878072329544,0.15666145068527854,0.2531687590590799,0.15604767057685623,0.1797871212545597,0.2685762907521043,0.2650743131710798,0.030127872987058713,0.16117503583673298,0.25879536019307714,0.16121428396115547,1.7704540897295538,0.2723299023679025
317,6400,217,False,True,0.036745854561716265,0.16242934061995695,0.25537601088195533,0.1624310689516032,0.1757036877668286,0.2681985588408123,0.26487769575790887,0.03805913614521629,0.16000772221003648,0.25741860986988707,0.15999184026376806,2.0097882536770038,0.27210696046022415
318,6400,218,False,True,0.03527014043003061,0.16472836663251011,0.2596589799530487,0.16457112185212316,0.1849441929001696,0.2770924221018809,0.27256520684413427,0.04416161401065564,0.16272037781425305,0.2609448664607117,0.1627188004180627,1.842461900131381,0.27441621981828385
319,6400,219,False,True,0.15824714095456593,0.15792753633084344,0.24866104074463366,0.15793604517617343,0.17397655442313628,0.2625329873392868,0.25895797789972497,0.16007159863530862,0.1596915724446434,0.2580374141650879,0.15967878096019406,2.1668352870364225,0.2727622344376297
320,6400,220,False,True,0.0383372776310406,0.1662182912750454,0.2569055856485883,0.1662392082381322,0.18645005084111277,0.27222541556516705,0.2691761172414764,0.0314780401474162,0.15740837981326714,0.25800287313797876,0.1574114388472401,1.334263551892186,0.27156935142291005
321,6400,221,False,True,0.04609222858277347,0.17581751385595035,0.26551115952906645,0.17585049348004117,0.19399026855631318,0.27990174798157974,0.27622761745220525,0.04415954801938204,0.16816468316890842,0.25788247864488933,0.1681564243320991,2.0654138932589747,0.2720094249466782
322,6400,222,False,True,0.048807930116625826,0.16950491625128272,0.2608895634034947,0.17055318330263178,0.1836729253966859,0.27509685732188616,0.27136813469049886,0.045696828811997874,0.16194439740857472,0.2598254694401048,0.1622009959322003,1.9261721197680233,0.2738627780575784
323,6400,223,False,True,0.05189216831019569,0.16757922559380997,0.25720201792902875,0.16759150081002783,0.18295560749377132,0.2708324266490112,0.267804947427838,0.04604720786880273,0.15694152311970364,0.25914446709066735,0.15693811851034967,1.8841312478139562,0.27383994621779284
324,6400,224,False,True,0.0360253194112396,0.16497038468344724,0.26492199773918246,0.1654027964612707,0.19002544299321286,0.2782829850681045,0.27591817860027146,0.03945662318537872,0.16875594546736025,0.25784332664949305,0.17012210563688818,1.782258446052828,0.2718641864451101
325,6400,225,False,True,0.03782479536176687,0.1649695195467946,0.26310127397878946,0.16499793063723,0.18233864560717855,0.27803918127444627,0.27325796113968126,0.04291976566484282,0.16654253817071166,0.2588809618138737,0.1665158870803566,1.8246237287705056,0.2729028459500752
326,6400,226,False,True,0.15911069365889663,0.15907152559809007,0.25105273960096836,0.1594024283976378,0.17406483132478662,0.2640870640762429,0.2620100035627034,0.15930635262234258,0.15932205609066813,0.25912955283081646,0.1593411618889712,1.9760072685354424,0.27353254045150344
327,6400,227,False,True,0.040693709138215454,0.16828445092995536,0.2694638037655222,0.16864163218121028,0.18907564127266482,0.28297461150548747,0.2800540781735804,0.05302715322812009,0.17178220992804968,0.2573580864046627,0.17238925792035723,1.8136621690379777,0.27182968202933533
328,6400,228,False,True,0.040390998567127766,0.16693574689850965,0.26302411095412326,0.1682796687104741,0.18700450085830247,0.27720220661029815,0.27334237231665715,0.040253900391802926,0.16984071441278026,0.2590567466459065,0.17234254387813353,1.601267248743173,0.2728759685776256
329,6400,229,False,True,0.03629502642960255,0.16386775253415795,0.24663044825665803,0.16386764971452897,0.17712418269865382,0.26011080053485125,0.2562654741644417,0.024636298090987926,0.15623291744000284,0.2555307602437545,0.15623424253847354,1.882477628163331,0.2704884522125361
330,6400,230,False,True,0.03758672925265569,0.16288608988198086,0.26525053509460156,0.1629503148824808,0.1818342685915739,0.27700164181415216,0.2748478833470077,0.04343476040675884,0.16632783084281832,0.26152519689143977,0.16641974902522072,1.4457749342858568,0.27558311060072294
331,6400,231,False,True,0.04258667718706169,0.16529157795290686,0.263251722887731,0.16475097956605025,0.18243405975504529,0.2757050990604799,0.27316362946032835,0.04237508874665576,0.16713120416671787,0.2577923992420901,0.16758825198600022,1.6052964803004108,0.2719190917721866
332,6400,232,False,True,0.03519259486960414,0.16704623604174315,0.25403026869186013,0.16719953742638993,0.18257384898180185,0.26929727187898317,0.26609009162299935,0.032889025869579286,0.15781465399501277,0.2559189677318226,0.15790893317759408,1.7863261775641062,0.2695942137121597
333,6400,233,False,True,0.036396490385599584,0.16624749373801873,0.2740687505578257,0.16625837791967232,0.18551226265415086,0.2749814307031906,0.2722453946848793,0.038799295934691,0.16211816073006272,0.26961686585081807,0.16211326977295987,1.907904927881823,0.27078977046323005
334,6400,234,False,True,0.02745942504260522,0.1558694196253457,0.2531801860217382,0.15585937907750005,0.17659980262787286,0.26690735220362427,0.26275918953539773,0.02991240582421959,0.16200603419745258,0.25849467392434583,0.1619958599383628,1.7282079960562897,0.27252983318620044
335,6400,235,False,True,0.0430508310303951,0.16773899079936236,0.25761749034618175,0.1677621961559315,0.1814090288641272,0.2714700240239395,0.270138504900219,0.039400606461815764,0.16322392651354392,0.25604335574033565,0.16320869785600706,1.5403710766344025,0.27055861494446715
336,6400,236,False,True,0.038780147933216796,0.17291240355283166,0.2590726341615096,0.1729485942524983,0.18791344960526493,0.27609836317756087,0.27192533675118835,0.04056330223566782,0.15938543004088504,0.2570759248482688,0.15938230943268114,1.923774285396253,0.2715351294429207
337,6400,237,False,True,0.0370830352932649,0.16169939810655662,0.25980957679865646,0.16172339760180202,0.18320552050713096,0.2734228331885631,0.27026325758256287,0.030639354031771673,0.1689031504829376,0.26056490972393753,0.1689149467823668,1.6368089492255251,0.27429446786956885
338,6400,238,False,True,0.03665157867708323,0.15597309134871137,0.2500169858255361,0.15599270982801652,0.1734085602807014,0.26362000724217455,0.2598048967846323,0.0195177966438461,0.15897453186900593,0.25853429476228285,0.15898091650625837,1.9962281067718348,0.2726259128059606
339,6400,239,False,True,0.03645319617311733,0.1730841489951073,0.2595616890658376,0.17312342825785648,0.18918467101386974,0.27554327928819533,0.2716337093816469,0.047356391753194935,0.16177479881132467,0.2570707234441637,0.16175492033515684,2.1852777137778667,0.27123020020692545
340,6400,240,False,True,0.03858948167679508,0.1556698250333758,0.24966958143595078,0.15667014806592233,0.16928086265450173,0.2628267963356703,0.26054228654458633,0.024817687795118823,0.15830515421582067,0.2584554548479757,0.15844369360552624,1.8697106943533681,0.27227959421528763
341,6400,241,False,True,0.0323796022048664,0.15851285975603582,0.2574904167698626,0.15850325749223176,0.17586056309824324,0.27210571352433854,0.2684947231898841,0.032463118898871046,0.16252533896022578,0.2586611681090234,0.1624941217090692,1.628614135290856,0.2727740754688069
342,6400,242,False,True,0.04319356690675492,0.1644415037240564,0.2647292011050674,0.16498631385915793,0.1846427910715503,0.2769507288490707,0.27405292434813255,0.03946613677655464,0.16518295839539182,0.25866251277355073,0.16555454362837535,1.4635116708153795,0.27331300168928757
343,6400,243,False,True,0.04600521682892921,0.1692662457254813,0.26702204684005115,0.16930418236945485,0.19040787251892566,0.2806451653759067,0.27890200150428124,0.04805860046457495,0.1664582527228891,0.2577971099961635,0.16651890178195836,1.8912201385612162,0.27228328377963745
344,6400,244,False,True,0.03312206718039635,0.15680149842251273,0.25086408188967263,,,0.26480604678695163,0.2621932014483416,0.02403371629533449,0.15503276550083256,0.25907945278320715,,,0.2724776052667333
345,6400,245,False,True,0.04552539239398265,0.16537875459120527,0.25709687213871635,0.1657405520035128,0.1832186174747013,0.2721974287758573,0.2687900818875783,0.03448108275053347,0.16128651291297338,0.2577603119548106,0.16205703607912206,1.1499964495240138,0.2717524280996724
346,6400,246,False,True,0.03918607844653172,0.16487912383153205,0.256324428465572,0.16506729040794263,0.1779114014911897,0.27158635857256314,0.26671194611509624,0.04197454499254805,0.1654642208940279,0.25896919418962727,0.16547030986569866,2.167183113588402,0.2727543198555066
347,6400,247,False,True,0.03873044193494402,0.16590126155048399,0.2598719193330479,0.16632442411321827,0.18718094645338806,0.273887738450263,0.27198318601369265,0.03429865905298908,0.16304668027878153,0.25924903687702594,0.16315654959723502,1.9260607089629798,0.27323926217748346
348,6400,248,False,True,0.04515816159514552,0.1745391139952526,0.265650958318197,0.17441775887852234,0.19110069087881254,0.281210596893678,0.2779089939165978,0.0486118763754992,0.16410823336162203,0.25510953127791547,0.16422286028953081,1.7987212240050134,0.2689782727012953
349,6400,249,False,True,0.034534537243883806,0.1685959730242033,0.25368313629325345,0.16856098917218432,0.18613153540783187,0.2689942923193037,0.264830215455304,0.030291318885852365,0.15828739954041599,0.25603619216815743,0.1582761570782022,2.1525316407751633,0.27010842322125966
